category,split,defect_type,label,sample_position,sample_id,processed_depth_path,processed_mask_path,mask_path,crop_top,crop_bottom,crop_left,crop_right,classical_patch_count,classical_image_score,classical_heatmap_path,classical_figure_path,classical_ground_truth_pixel_count,autoencoder_patch_count,autoencoder_image_score,autoencoder_heatmap_path,autoencoder_figure_path,autoencoder_ground_truth_pixel_count,ground_truth_pixel_count,comparison_figure_path
bagel,test,good,0,0,0,data/processed/bagel/test/good/000_depth.npy,data/processed/bagel/test/good/000_mask.npy,data/raw/bagel/test/good/gt/000.png,117.0,673.0,117.0,697.0,222,15.42479419708252,outputs/metrics/classical_heatmaps/test/bagel/good/0_heatmap.npy,fig/04_classical/test_heatmaps/bagel/good/0_heatmap.png,0,222,0.0107882963493466,outputs/metrics/autoencoder_heatmaps/test/bagel/good/0_heatmap.npy,fig/05_autoencoder/test_heatmaps/bagel/good/0_heatmap.png,0,0,
bagel,test,good,0,1,1,data/processed/bagel/test/good/001_depth.npy,data/processed/bagel/test/good/001_mask.npy,data/raw/bagel/test/good/gt/001.png,110.0,672.0,103.0,703.0,216,48.57928466796875,outputs/metrics/classical_heatmaps/test/bagel/good/1_heatmap.npy,,0,216,0.0134126273915171,outputs/metrics/autoencoder_heatmaps/test/bagel/good/1_heatmap.npy,,0,0,
bagel,test,good,0,2,2,data/processed/bagel/test/good/002_depth.npy,data/processed/bagel/test/good/002_mask.npy,data/raw/bagel/test/good/gt/002.png,120.0,691.0,127.0,708.0,221,7.675290584564209,outputs/metrics/classical_heatmaps/test/bagel/good/2_heatmap.npy,,0,221,0.0104641923680901,outputs/metrics/autoencoder_heatmaps/test/bagel/good/2_heatmap.npy,,0,0,
bagel,test,good,0,3,3,data/processed/bagel/test/good/003_depth.npy,data/processed/bagel/test/good/003_mask.npy,data/raw/bagel/test/good/gt/003.png,121.0,702.0,104.0,689.0,224,25.925687789916992,outputs/metrics/classical_heatmaps/test/bagel/good/3_heatmap.npy,,0,224,0.0145236253738403,outputs/metrics/autoencoder_heatmaps/test/bagel/good/3_heatmap.npy,,0,0,
bagel,test,good,0,4,4,data/processed/bagel/test/good/004_depth.npy,data/processed/bagel/test/good/004_mask.npy,data/raw/bagel/test/good/gt/004.png,120.0,667.0,87.0,682.0,220,15.702432632446287,outputs/metrics/classical_heatmaps/test/bagel/good/4_heatmap.npy,,0,220,0.0136024886742234,outputs/metrics/autoencoder_heatmaps/test/bagel/good/4_heatmap.npy,,0,0,
bagel,test,good,0,5,5,data/processed/bagel/test/good/005_depth.npy,data/processed/bagel/test/good/005_mask.npy,data/raw/bagel/test/good/gt/005.png,101.0,655.0,105.0,687.0,220,-0.9421080946922302,outputs/metrics/classical_heatmaps/test/bagel/good/5_heatmap.npy,,0,220,0.0122057115659117,outputs/metrics/autoencoder_heatmaps/test/bagel/good/5_heatmap.npy,,0,0,
bagel,test,good,0,6,6,data/processed/bagel/test/good/006_depth.npy,data/processed/bagel/test/good/006_mask.npy,data/raw/bagel/test/good/gt/006.png,114.0,675.0,101.0,671.0,222,13.038097381591797,outputs/metrics/classical_heatmaps/test/bagel/good/6_heatmap.npy,,0,222,0.0134184947237372,outputs/metrics/autoencoder_heatmaps/test/bagel/good/6_heatmap.npy,,0,0,
bagel,test,good,0,7,7,data/processed/bagel/test/good/007_depth.npy,data/processed/bagel/test/good/007_mask.npy,data/raw/bagel/test/good/gt/007.png,100.0,686.0,91.0,704.0,223,7.150442123413086,outputs/metrics/classical_heatmaps/test/bagel/good/7_heatmap.npy,,0,223,0.0108826300129294,outputs/metrics/autoencoder_heatmaps/test/bagel/good/7_heatmap.npy,,0,0,
bagel,test,good,0,8,8,data/processed/bagel/test/good/008_depth.npy,data/processed/bagel/test/good/008_mask.npy,data/raw/bagel/test/good/gt/008.png,104.0,677.0,91.0,690.0,221,7.426093578338623,outputs/metrics/classical_heatmaps/test/bagel/good/8_heatmap.npy,,0,221,0.0122249564155936,outputs/metrics/autoencoder_heatmaps/test/bagel/good/8_heatmap.npy,,0,0,
bagel,test,good,0,9,9,data/processed/bagel/test/good/009_depth.npy,data/processed/bagel/test/good/009_mask.npy,data/raw/bagel/test/good/gt/009.png,106.0,689.0,105.0,692.0,222,11.855406761169434,outputs/metrics/classical_heatmaps/test/bagel/good/9_heatmap.npy,,0,222,0.0107565531507134,outputs/metrics/autoencoder_heatmaps/test/bagel/good/9_heatmap.npy,,0,0,
bagel,test,good,0,10,10,data/processed/bagel/test/good/010_depth.npy,data/processed/bagel/test/good/010_mask.npy,data/raw/bagel/test/good/gt/010.png,113.0,658.0,125.0,693.0,225,9.451706886291504,outputs/metrics/classical_heatmaps/test/bagel/good/10_heatmap.npy,,0,225,0.0119049036875367,outputs/metrics/autoencoder_heatmaps/test/bagel/good/10_heatmap.npy,,0,0,
bagel,test,good,0,11,11,data/processed/bagel/test/good/011_depth.npy,data/processed/bagel/test/good/011_mask.npy,data/raw/bagel/test/good/gt/011.png,102.0,693.0,109.0,694.0,221,13.116314888000488,outputs/metrics/classical_heatmaps/test/bagel/good/11_heatmap.npy,,0,221,0.0108804693445563,outputs/metrics/autoencoder_heatmaps/test/bagel/good/11_heatmap.npy,,0,0,
bagel,test,good,0,12,12,data/processed/bagel/test/good/012_depth.npy,data/processed/bagel/test/good/012_mask.npy,data/raw/bagel/test/good/gt/012.png,103.0,685.0,109.0,686.0,221,17.185523986816406,outputs/metrics/classical_heatmaps/test/bagel/good/12_heatmap.npy,,0,221,0.0101988743990659,outputs/metrics/autoencoder_heatmaps/test/bagel/good/12_heatmap.npy,,0,0,
bagel,test,good,0,13,13,data/processed/bagel/test/good/013_depth.npy,data/processed/bagel/test/good/013_mask.npy,data/raw/bagel/test/good/gt/013.png,115.0,679.0,103.0,694.0,221,8.632136344909668,outputs/metrics/classical_heatmaps/test/bagel/good/13_heatmap.npy,,0,221,0.012610881589353,outputs/metrics/autoencoder_heatmaps/test/bagel/good/13_heatmap.npy,,0,0,
bagel,test,good,0,14,14,data/processed/bagel/test/good/014_depth.npy,data/processed/bagel/test/good/014_mask.npy,data/raw/bagel/test/good/gt/014.png,101.0,677.0,106.0,672.0,219,15.467148780822754,outputs/metrics/classical_heatmaps/test/bagel/good/14_heatmap.npy,,0,219,0.0113754356279969,outputs/metrics/autoencoder_heatmaps/test/bagel/good/14_heatmap.npy,,0,0,
bagel,test,good,0,15,15,data/processed/bagel/test/good/015_depth.npy,data/processed/bagel/test/good/015_mask.npy,data/raw/bagel/test/good/gt/015.png,113.0,665.0,95.0,665.0,219,3.627332210540771,outputs/metrics/classical_heatmaps/test/bagel/good/15_heatmap.npy,,0,219,0.0103487158194184,outputs/metrics/autoencoder_heatmaps/test/bagel/good/15_heatmap.npy,,0,0,fig/06_results/bagel/good/15_comparison.png
bagel,test,good,0,16,16,data/processed/bagel/test/good/016_depth.npy,data/processed/bagel/test/good/016_mask.npy,data/raw/bagel/test/good/gt/016.png,99.0,681.0,92.0,693.0,221,4.7258124351501465,outputs/metrics/classical_heatmaps/test/bagel/good/16_heatmap.npy,,0,221,0.0129554374143481,outputs/metrics/autoencoder_heatmaps/test/bagel/good/16_heatmap.npy,,0,0,
bagel,test,good,0,17,17,data/processed/bagel/test/good/017_depth.npy,data/processed/bagel/test/good/017_mask.npy,data/raw/bagel/test/good/gt/017.png,97.0,679.0,105.0,706.0,221,13.409053802490234,outputs/metrics/classical_heatmaps/test/bagel/good/17_heatmap.npy,,0,221,0.0109404409304261,outputs/metrics/autoencoder_heatmaps/test/bagel/good/17_heatmap.npy,,0,0,
bagel,test,good,0,18,18,data/processed/bagel/test/good/018_depth.npy,data/processed/bagel/test/good/018_mask.npy,data/raw/bagel/test/good/gt/018.png,99.0,692.0,117.0,708.0,209,14.101000785827637,outputs/metrics/classical_heatmaps/test/bagel/good/18_heatmap.npy,,0,209,0.0136449132114648,outputs/metrics/autoencoder_heatmaps/test/bagel/good/18_heatmap.npy,,0,0,
bagel,test,good,0,19,19,data/processed/bagel/test/good/019_depth.npy,data/processed/bagel/test/good/019_mask.npy,data/raw/bagel/test/good/gt/019.png,92.0,707.0,103.0,690.0,225,22.52423858642578,outputs/metrics/classical_heatmaps/test/bagel/good/19_heatmap.npy,,0,225,0.0130843110382556,outputs/metrics/autoencoder_heatmaps/test/bagel/good/19_heatmap.npy,,0,0,
bagel,test,good,0,20,20,data/processed/bagel/test/good/020_depth.npy,data/processed/bagel/test/good/020_mask.npy,data/raw/bagel/test/good/gt/020.png,111.0,686.0,101.0,706.0,224,18.024673461914062,outputs/metrics/classical_heatmaps/test/bagel/good/20_heatmap.npy,,0,224,0.0122472830116748,outputs/metrics/autoencoder_heatmaps/test/bagel/good/20_heatmap.npy,,0,0,
bagel,test,good,0,21,21,data/processed/bagel/test/good/021_depth.npy,data/processed/bagel/test/good/021_mask.npy,data/raw/bagel/test/good/gt/021.png,105.0,675.0,81.0,711.0,219,51.975223541259766,outputs/metrics/classical_heatmaps/test/bagel/good/21_heatmap.npy,,0,219,0.0136271538212895,outputs/metrics/autoencoder_heatmaps/test/bagel/good/21_heatmap.npy,,0,0,
bagel,test,combined,1,22,0,data/processed/bagel/test/combined/000_depth.npy,data/processed/bagel/test/combined/000_mask.npy,data/raw/bagel/test/combined/gt/000.png,116.0,699.0,97.0,688.0,223,30.186201095581055,outputs/metrics/classical_heatmaps/test/bagel/combined/0_heatmap.npy,fig/04_classical/test_heatmaps/bagel/combined/0_heatmap.png,2448,223,0.0103712799027562,outputs/metrics/autoencoder_heatmaps/test/bagel/combined/0_heatmap.npy,fig/05_autoencoder/test_heatmaps/bagel/combined/0_heatmap.png,2448,2448,
bagel,test,combined,1,23,1,data/processed/bagel/test/combined/001_depth.npy,data/processed/bagel/test/combined/001_mask.npy,data/raw/bagel/test/combined/gt/001.png,116.0,673.0,101.0,695.0,220,0.1165657043457031,outputs/metrics/classical_heatmaps/test/bagel/combined/1_heatmap.npy,fig/04_classical/test_heatmaps/bagel/combined/1_heatmap.png,2042,220,0.015862189233303,outputs/metrics/autoencoder_heatmaps/test/bagel/combined/1_heatmap.npy,fig/05_autoencoder/test_heatmaps/bagel/combined/1_heatmap.png,2042,2042,
bagel,test,combined,1,24,2,data/processed/bagel/test/combined/002_depth.npy,data/processed/bagel/test/combined/002_mask.npy,data/raw/bagel/test/combined/gt/002.png,108.0,695.0,95.0,682.0,204,6.396949768066406,outputs/metrics/classical_heatmaps/test/bagel/combined/2_heatmap.npy,fig/04_classical/test_heatmaps/bagel/combined/2_heatmap.png,1394,204,0.0140827456489205,outputs/metrics/autoencoder_heatmaps/test/bagel/combined/2_heatmap.npy,fig/05_autoencoder/test_heatmaps/bagel/combined/2_heatmap.png,1394,1394,
bagel,test,combined,1,25,3,data/processed/bagel/test/combined/003_depth.npy,data/processed/bagel/test/combined/003_mask.npy,data/raw/bagel/test/combined/gt/003.png,127.0,668.0,103.0,700.0,221,10.043482780456545,outputs/metrics/classical_heatmaps/test/bagel/combined/3_heatmap.npy,,2336,221,0.0144292237237095,outputs/metrics/autoencoder_heatmaps/test/bagel/combined/3_heatmap.npy,,2336,2336,
bagel,test,combined,1,26,4,data/processed/bagel/test/combined/004_depth.npy,data/processed/bagel/test/combined/004_mask.npy,data/raw/bagel/test/combined/gt/004.png,124.0,690.0,93.0,696.0,222,10.880463600158691,outputs/metrics/classical_heatmaps/test/bagel/combined/4_heatmap.npy,,409,222,0.0094296066090464,outputs/metrics/autoencoder_heatmaps/test/bagel/combined/4_heatmap.npy,,409,409,
bagel,test,combined,1,27,5,data/processed/bagel/test/combined/005_depth.npy,data/processed/bagel/test/combined/005_mask.npy,data/raw/bagel/test/combined/gt/005.png,121.0,687.0,118.0,696.0,222,14.667168617248535,outputs/metrics/classical_heatmaps/test/bagel/combined/5_heatmap.npy,,533,222,0.0138540146872401,outputs/metrics/autoencoder_heatmaps/test/bagel/combined/5_heatmap.npy,,533,533,
bagel,test,combined,1,28,6,data/processed/bagel/test/combined/006_depth.npy,data/processed/bagel/test/combined/006_mask.npy,data/raw/bagel/test/combined/gt/006.png,123.0,681.0,89.0,667.0,222,6.372098922729492,outputs/metrics/classical_heatmaps/test/bagel/combined/6_heatmap.npy,,529,222,0.0105368560180068,outputs/metrics/autoencoder_heatmaps/test/bagel/combined/6_heatmap.npy,,529,529,
bagel,test,combined,1,29,7,data/processed/bagel/test/combined/007_depth.npy,data/processed/bagel/test/combined/007_mask.npy,data/raw/bagel/test/combined/gt/007.png,105.0,672.0,121.0,684.0,223,9.445263862609863,outputs/metrics/classical_heatmaps/test/bagel/combined/7_heatmap.npy,,2341,223,0.0157345086336135,outputs/metrics/autoencoder_heatmaps/test/bagel/combined/7_heatmap.npy,,2341,2341,
bagel,test,combined,1,30,8,data/processed/bagel/test/combined/008_depth.npy,data/processed/bagel/test/combined/008_mask.npy,data/raw/bagel/test/combined/gt/008.png,105.0,690.0,82.0,684.0,218,7.187452793121338,outputs/metrics/classical_heatmaps/test/bagel/combined/8_heatmap.npy,,1579,218,0.014232013374567,outputs/metrics/autoencoder_heatmaps/test/bagel/combined/8_heatmap.npy,,1579,1579,
bagel,test,combined,1,31,9,data/processed/bagel/test/combined/009_depth.npy,data/processed/bagel/test/combined/009_mask.npy,data/raw/bagel/test/combined/gt/009.png,95.0,693.0,115.0,683.0,221,11.797425270080566,outputs/metrics/classical_heatmaps/test/bagel/combined/9_heatmap.npy,,656,221,0.0112758092582225,outputs/metrics/autoencoder_heatmaps/test/bagel/combined/9_heatmap.npy,,656,656,
bagel,test,combined,1,32,10,data/processed/bagel/test/combined/010_depth.npy,data/processed/bagel/test/combined/010_mask.npy,data/raw/bagel/test/combined/gt/010.png,128.0,697.0,87.0,692.0,217,12.770137786865234,outputs/metrics/classical_heatmaps/test/bagel/combined/10_heatmap.npy,,1462,217,0.0138875730335712,outputs/metrics/autoencoder_heatmaps/test/bagel/combined/10_heatmap.npy,,1462,1462,
bagel,test,combined,1,33,11,data/processed/bagel/test/combined/011_depth.npy,data/processed/bagel/test/combined/011_mask.npy,data/raw/bagel/test/combined/gt/011.png,103.0,688.0,121.0,669.0,222,-4.5152974128723145,outputs/metrics/classical_heatmaps/test/bagel/combined/11_heatmap.npy,,871,222,0.0110153891146183,outputs/metrics/autoencoder_heatmaps/test/bagel/combined/11_heatmap.npy,,871,871,
bagel,test,combined,1,34,12,data/processed/bagel/test/combined/012_depth.npy,data/processed/bagel/test/combined/012_mask.npy,data/raw/bagel/test/combined/gt/012.png,117.0,678.0,111.0,702.0,222,18.36614418029785,outputs/metrics/classical_heatmaps/test/bagel/combined/12_heatmap.npy,,1678,222,0.015951057896018,outputs/metrics/autoencoder_heatmaps/test/bagel/combined/12_heatmap.npy,,1678,1678,
bagel,test,combined,1,35,13,data/processed/bagel/test/combined/013_depth.npy,data/processed/bagel/test/combined/013_mask.npy,data/raw/bagel/test/combined/gt/013.png,113.0,691.0,89.0,681.0,223,11.180815696716309,outputs/metrics/classical_heatmaps/test/bagel/combined/13_heatmap.npy,,1983,223,0.0110620344057679,outputs/metrics/autoencoder_heatmaps/test/bagel/combined/13_heatmap.npy,,1983,1983,
bagel,test,combined,1,36,14,data/processed/bagel/test/combined/014_depth.npy,data/processed/bagel/test/combined/014_mask.npy,data/raw/bagel/test/combined/gt/014.png,0.0,698.0,112.0,685.0,203,53.9461784362793,outputs/metrics/classical_heatmaps/test/bagel/combined/14_heatmap.npy,,1313,203,0.0238472446799278,outputs/metrics/autoencoder_heatmaps/test/bagel/combined/14_heatmap.npy,,1313,1313,
bagel,test,combined,1,37,15,data/processed/bagel/test/combined/015_depth.npy,data/processed/bagel/test/combined/015_mask.npy,data/raw/bagel/test/combined/gt/015.png,127.0,683.0,96.0,697.0,219,12.922582626342772,outputs/metrics/classical_heatmaps/test/bagel/combined/15_heatmap.npy,,503,219,0.0134565318003296,outputs/metrics/autoencoder_heatmaps/test/bagel/combined/15_heatmap.npy,,503,503,
bagel,test,combined,1,38,16,data/processed/bagel/test/combined/016_depth.npy,data/processed/bagel/test/combined/016_mask.npy,data/raw/bagel/test/combined/gt/016.png,107.0,694.0,103.0,701.0,223,7.921102523803711,outputs/metrics/classical_heatmaps/test/bagel/combined/16_heatmap.npy,,703,223,0.0099662635475397,outputs/metrics/autoencoder_heatmaps/test/bagel/combined/16_heatmap.npy,,703,703,
bagel,test,combined,1,39,17,data/processed/bagel/test/combined/017_depth.npy,data/processed/bagel/test/combined/017_mask.npy,data/raw/bagel/test/combined/gt/017.png,101.0,674.0,117.0,676.0,223,2.627930164337158,outputs/metrics/classical_heatmaps/test/bagel/combined/17_heatmap.npy,,894,223,0.0122730666771531,outputs/metrics/autoencoder_heatmaps/test/bagel/combined/17_heatmap.npy,,894,894,
bagel,test,combined,1,40,18,data/processed/bagel/test/combined/018_depth.npy,data/processed/bagel/test/combined/018_mask.npy,data/raw/bagel/test/combined/gt/018.png,115.0,686.0,99.0,702.0,218,14.235692977905272,outputs/metrics/classical_heatmaps/test/bagel/combined/18_heatmap.npy,,482,218,0.0120165040716528,outputs/metrics/autoencoder_heatmaps/test/bagel/combined/18_heatmap.npy,,482,482,
bagel,test,combined,1,41,19,data/processed/bagel/test/combined/019_depth.npy,data/processed/bagel/test/combined/019_mask.npy,data/raw/bagel/test/combined/gt/019.png,108.0,694.0,95.0,690.0,219,11.848916053771973,outputs/metrics/classical_heatmaps/test/bagel/combined/19_heatmap.npy,,1946,219,0.0149215254932641,outputs/metrics/autoencoder_heatmaps/test/bagel/combined/19_heatmap.npy,,1946,1946,
bagel,test,combined,1,42,20,data/processed/bagel/test/combined/020_depth.npy,data/processed/bagel/test/combined/020_mask.npy,data/raw/bagel/test/combined/gt/020.png,121.0,680.0,110.0,693.0,217,5.07537841796875,outputs/metrics/classical_heatmaps/test/bagel/combined/20_heatmap.npy,,1828,217,0.0155937112867832,outputs/metrics/autoencoder_heatmaps/test/bagel/combined/20_heatmap.npy,,1828,1828,
bagel,test,combined,1,43,21,data/processed/bagel/test/combined/021_depth.npy,data/processed/bagel/test/combined/021_mask.npy,data/raw/bagel/test/combined/gt/021.png,115.0,706.0,93.0,698.0,219,15.970335960388184,outputs/metrics/classical_heatmaps/test/bagel/combined/21_heatmap.npy,,1381,219,0.0118071967735886,outputs/metrics/autoencoder_heatmaps/test/bagel/combined/21_heatmap.npy,,1381,1381,
bagel,test,combined,1,44,22,data/processed/bagel/test/combined/022_depth.npy,data/processed/bagel/test/combined/022_mask.npy,data/raw/bagel/test/combined/gt/022.png,119.0,697.0,98.0,681.0,220,1.4208225011825562,outputs/metrics/classical_heatmaps/test/bagel/combined/22_heatmap.npy,,528,220,0.0100916288793087,outputs/metrics/autoencoder_heatmaps/test/bagel/combined/22_heatmap.npy,,528,528,fig/06_results/bagel/combined/22_comparison.png
bagel,test,contamination,1,45,0,data/processed/bagel/test/contamination/000_depth.npy,data/processed/bagel/test/contamination/000_mask.npy,data/raw/bagel/test/contamination/gt/000.png,109.0,666.0,103.0,660.0,209,30.28276824951172,outputs/metrics/classical_heatmaps/test/bagel/contamination/0_heatmap.npy,,304,209,0.0149400113150477,outputs/metrics/autoencoder_heatmaps/test/bagel/contamination/0_heatmap.npy,,304,304,
bagel,test,contamination,1,46,1,data/processed/bagel/test/contamination/001_depth.npy,data/processed/bagel/test/contamination/001_mask.npy,data/raw/bagel/test/contamination/gt/001.png,116.0,681.0,115.0,685.0,221,2.1616716384887695,outputs/metrics/classical_heatmaps/test/bagel/contamination/1_heatmap.npy,,199,221,0.0101940715685486,outputs/metrics/autoencoder_heatmaps/test/bagel/contamination/1_heatmap.npy,,199,199,fig/06_results/bagel/contamination/1_comparison.png
bagel,test,contamination,1,47,2,data/processed/bagel/test/contamination/002_depth.npy,data/processed/bagel/test/contamination/002_mask.npy,data/raw/bagel/test/contamination/gt/002.png,127.0,678.0,127.0,688.0,218,5.546868801116943,outputs/metrics/classical_heatmaps/test/bagel/contamination/2_heatmap.npy,,388,218,0.0120394648984074,outputs/metrics/autoencoder_heatmaps/test/bagel/contamination/2_heatmap.npy,,388,388,
bagel,test,contamination,1,48,3,data/processed/bagel/test/contamination/003_depth.npy,data/processed/bagel/test/contamination/003_mask.npy,data/raw/bagel/test/contamination/gt/003.png,125.0,651.0,150.0,668.0,224,-2.2716104984283447,outputs/metrics/classical_heatmaps/test/bagel/contamination/3_heatmap.npy,,304,224,0.01289798412472,outputs/metrics/autoencoder_heatmaps/test/bagel/contamination/3_heatmap.npy,,304,304,
bagel,test,contamination,1,49,4,data/processed/bagel/test/contamination/004_depth.npy,data/processed/bagel/test/contamination/004_mask.npy,data/raw/bagel/test/contamination/gt/004.png,123.0,688.0,110.0,673.0,209,4.513026714324951,outputs/metrics/classical_heatmaps/test/bagel/contamination/4_heatmap.npy,,451,209,0.014400253072381,outputs/metrics/autoencoder_heatmaps/test/bagel/contamination/4_heatmap.npy,,451,451,
bagel,test,contamination,1,50,5,data/processed/bagel/test/contamination/005_depth.npy,data/processed/bagel/test/contamination/005_mask.npy,data/raw/bagel/test/contamination/gt/005.png,131.0,672.0,101.0,698.0,222,10.026394844055176,outputs/metrics/classical_heatmaps/test/bagel/contamination/5_heatmap.npy,,228,222,0.0134659754112362,outputs/metrics/autoencoder_heatmaps/test/bagel/contamination/5_heatmap.npy,,228,228,
bagel,test,contamination,1,51,6,data/processed/bagel/test/contamination/006_depth.npy,data/processed/bagel/test/contamination/006_mask.npy,data/raw/bagel/test/contamination/gt/006.png,142.0,676.0,102.0,678.0,221,7.51352071762085,outputs/metrics/classical_heatmaps/test/bagel/contamination/6_heatmap.npy,,281,221,0.0170470606535673,outputs/metrics/autoencoder_heatmaps/test/bagel/contamination/6_heatmap.npy,,281,281,
bagel,test,contamination,1,52,7,data/processed/bagel/test/contamination/007_depth.npy,data/processed/bagel/test/contamination/007_mask.npy,data/raw/bagel/test/contamination/gt/007.png,119.0,682.0,119.0,670.0,218,6.49418830871582,outputs/metrics/classical_heatmaps/test/bagel/contamination/7_heatmap.npy,,369,218,0.013448130339384,outputs/metrics/autoencoder_heatmaps/test/bagel/contamination/7_heatmap.npy,,369,369,
bagel,test,contamination,1,53,8,data/processed/bagel/test/contamination/008_depth.npy,data/processed/bagel/test/contamination/008_mask.npy,data/raw/bagel/test/contamination/gt/008.png,145.0,674.0,103.0,676.0,221,4.900332450866699,outputs/metrics/classical_heatmaps/test/bagel/contamination/8_heatmap.npy,,565,221,0.0132682090625166,outputs/metrics/autoencoder_heatmaps/test/bagel/contamination/8_heatmap.npy,,565,565,
bagel,test,contamination,1,54,9,data/processed/bagel/test/contamination/009_depth.npy,data/processed/bagel/test/contamination/009_mask.npy,data/raw/bagel/test/contamination/gt/009.png,115.0,659.0,101.0,699.0,221,15.540740966796877,outputs/metrics/classical_heatmaps/test/bagel/contamination/9_heatmap.npy,,289,221,0.011602402664721,outputs/metrics/autoencoder_heatmaps/test/bagel/contamination/9_heatmap.npy,,289,289,
bagel,test,contamination,1,55,10,data/processed/bagel/test/contamination/010_depth.npy,data/processed/bagel/test/contamination/010_mask.npy,data/raw/bagel/test/contamination/gt/010.png,109.0,686.0,99.0,713.0,221,9.515498161315918,outputs/metrics/classical_heatmaps/test/bagel/contamination/10_heatmap.npy,,148,221,0.0103503791615366,outputs/metrics/autoencoder_heatmaps/test/bagel/contamination/10_heatmap.npy,,148,148,
bagel,test,contamination,1,56,11,data/processed/bagel/test/contamination/011_depth.npy,data/processed/bagel/test/contamination/011_mask.npy,data/raw/bagel/test/contamination/gt/011.png,114.0,694.0,96.0,698.0,223,7.267213821411133,outputs/metrics/classical_heatmaps/test/bagel/contamination/11_heatmap.npy,,289,223,0.0104665281251072,outputs/metrics/autoencoder_heatmaps/test/bagel/contamination/11_heatmap.npy,,289,289,
bagel,test,contamination,1,57,12,data/processed/bagel/test/contamination/012_depth.npy,data/processed/bagel/test/contamination/012_mask.npy,data/raw/bagel/test/contamination/gt/012.png,117.0,690.0,93.0,697.0,225,-3.441885232925415,outputs/metrics/classical_heatmaps/test/bagel/contamination/12_heatmap.npy,,350,225,0.0113107049837708,outputs/metrics/autoencoder_heatmaps/test/bagel/contamination/12_heatmap.npy,,350,350,
bagel,test,contamination,1,58,13,data/processed/bagel/test/contamination/013_depth.npy,data/processed/bagel/test/contamination/013_mask.npy,data/raw/bagel/test/contamination/gt/013.png,135.0,690.0,89.0,681.0,216,18.67644500732422,outputs/metrics/classical_heatmaps/test/bagel/contamination/13_heatmap.npy,,214,216,0.0129821067675948,outputs/metrics/autoencoder_heatmaps/test/bagel/contamination/13_heatmap.npy,,214,214,
bagel,test,contamination,1,59,14,data/processed/bagel/test/contamination/014_depth.npy,data/processed/bagel/test/contamination/014_mask.npy,data/raw/bagel/test/contamination/gt/014.png,131.0,670.0,105.0,687.0,224,1.9839941263198853,outputs/metrics/classical_heatmaps/test/bagel/contamination/14_heatmap.npy,,266,224,0.014359557069838,outputs/metrics/autoencoder_heatmaps/test/bagel/contamination/14_heatmap.npy,,266,266,
bagel,test,contamination,1,60,15,data/processed/bagel/test/contamination/015_depth.npy,data/processed/bagel/test/contamination/015_mask.npy,data/raw/bagel/test/contamination/gt/015.png,103.0,684.0,112.0,687.0,221,31.843603134155273,outputs/metrics/classical_heatmaps/test/bagel/contamination/15_heatmap.npy,,298,221,0.0114081753417849,outputs/metrics/autoencoder_heatmaps/test/bagel/contamination/15_heatmap.npy,,298,298,
bagel,test,contamination,1,61,16,data/processed/bagel/test/contamination/016_depth.npy,data/processed/bagel/test/contamination/016_mask.npy,data/raw/bagel/test/contamination/gt/016.png,135.0,645.0,116.0,698.0,217,31.315458297729492,outputs/metrics/classical_heatmaps/test/bagel/contamination/16_heatmap.npy,,233,217,0.014684191904962,outputs/metrics/autoencoder_heatmaps/test/bagel/contamination/16_heatmap.npy,,233,233,
bagel,test,contamination,1,62,17,data/processed/bagel/test/contamination/017_depth.npy,data/processed/bagel/test/contamination/017_mask.npy,data/raw/bagel/test/contamination/gt/017.png,118.0,699.0,97.0,700.0,221,35.312164306640625,outputs/metrics/classical_heatmaps/test/bagel/contamination/17_heatmap.npy,,235,221,0.0113890999928116,outputs/metrics/autoencoder_heatmaps/test/bagel/contamination/17_heatmap.npy,,235,235,
bagel,test,contamination,1,63,18,data/processed/bagel/test/contamination/018_depth.npy,data/processed/bagel/test/contamination/018_mask.npy,data/raw/bagel/test/contamination/gt/018.png,107.0,700.0,101.0,705.0,222,39.15449905395508,outputs/metrics/classical_heatmaps/test/bagel/contamination/18_heatmap.npy,,223,222,0.0107193933799862,outputs/metrics/autoencoder_heatmaps/test/bagel/contamination/18_heatmap.npy,,223,223,
bagel,test,contamination,1,64,19,data/processed/bagel/test/contamination/019_depth.npy,data/processed/bagel/test/contamination/019_mask.npy,data/raw/bagel/test/contamination/gt/019.png,120.0,695.0,92.0,685.0,224,8.110798835754395,outputs/metrics/classical_heatmaps/test/bagel/contamination/19_heatmap.npy,,522,224,0.0111572770401835,outputs/metrics/autoencoder_heatmaps/test/bagel/contamination/19_heatmap.npy,,522,522,
bagel,test,contamination,1,65,20,data/processed/bagel/test/contamination/020_depth.npy,data/processed/bagel/test/contamination/020_mask.npy,data/raw/bagel/test/contamination/gt/020.png,99.0,678.0,115.0,699.0,227,54.94685745239258,outputs/metrics/classical_heatmaps/test/bagel/contamination/20_heatmap.npy,,321,227,0.0149041311815381,outputs/metrics/autoencoder_heatmaps/test/bagel/contamination/20_heatmap.npy,,321,321,
bagel,test,contamination,1,66,21,data/processed/bagel/test/contamination/021_depth.npy,data/processed/bagel/test/contamination/021_mask.npy,data/raw/bagel/test/contamination/gt/021.png,115.0,680.0,103.0,698.0,219,11.826354026794434,outputs/metrics/classical_heatmaps/test/bagel/contamination/21_heatmap.npy,,150,219,0.0101125724613666,outputs/metrics/autoencoder_heatmaps/test/bagel/contamination/21_heatmap.npy,,150,150,
bagel,test,crack,1,67,0,data/processed/bagel/test/crack/000_depth.npy,data/processed/bagel/test/crack/000_mask.npy,data/raw/bagel/test/crack/gt/000.png,131.0,683.0,123.0,694.0,225,55.070465087890625,outputs/metrics/classical_heatmaps/test/bagel/crack/0_heatmap.npy,,896,225,0.0145769491791725,outputs/metrics/autoencoder_heatmaps/test/bagel/crack/0_heatmap.npy,,896,896,
bagel,test,crack,1,68,1,data/processed/bagel/test/crack/001_depth.npy,data/processed/bagel/test/crack/001_mask.npy,data/raw/bagel/test/crack/gt/001.png,115.0,695.0,111.0,709.0,221,48.09580612182617,outputs/metrics/classical_heatmaps/test/bagel/crack/1_heatmap.npy,,1689,221,0.01650245860219,outputs/metrics/autoencoder_heatmaps/test/bagel/crack/1_heatmap.npy,,1689,1689,
bagel,test,crack,1,69,2,data/processed/bagel/test/crack/002_depth.npy,data/processed/bagel/test/crack/002_mask.npy,data/raw/bagel/test/crack/gt/002.png,127.0,671.0,92.0,698.0,224,7.081204891204834,outputs/metrics/classical_heatmaps/test/bagel/crack/2_heatmap.npy,,1074,224,0.0121350390836596,outputs/metrics/autoencoder_heatmaps/test/bagel/crack/2_heatmap.npy,,1074,1074,
bagel,test,crack,1,70,3,data/processed/bagel/test/crack/003_depth.npy,data/processed/bagel/test/crack/003_mask.npy,data/raw/bagel/test/crack/gt/003.png,100.0,693.0,88.0,691.0,222,-0.7387683987617493,outputs/metrics/classical_heatmaps/test/bagel/crack/3_heatmap.npy,,994,222,0.0141425067558884,outputs/metrics/autoencoder_heatmaps/test/bagel/crack/3_heatmap.npy,,994,994,
bagel,test,crack,1,71,4,data/processed/bagel/test/crack/004_depth.npy,data/processed/bagel/test/crack/004_mask.npy,data/raw/bagel/test/crack/gt/004.png,119.0,690.0,113.0,691.0,220,6.027263164520264,outputs/metrics/classical_heatmaps/test/bagel/crack/4_heatmap.npy,,750,220,0.0121979927644133,outputs/metrics/autoencoder_heatmaps/test/bagel/crack/4_heatmap.npy,,750,750,
bagel,test,crack,1,72,5,data/processed/bagel/test/crack/005_depth.npy,data/processed/bagel/test/crack/005_mask.npy,data/raw/bagel/test/crack/gt/005.png,115.0,673.0,97.0,736.0,213,40.86601257324219,outputs/metrics/classical_heatmaps/test/bagel/crack/5_heatmap.npy,,2815,213,0.0210130736231803,outputs/metrics/autoencoder_heatmaps/test/bagel/crack/5_heatmap.npy,,2815,2815,
bagel,test,crack,1,73,6,data/processed/bagel/test/crack/006_depth.npy,data/processed/bagel/test/crack/006_mask.npy,data/raw/bagel/test/crack/gt/006.png,116.0,695.0,104.0,697.0,224,7.530971527099609,outputs/metrics/classical_heatmaps/test/bagel/crack/6_heatmap.npy,,1564,224,0.0113570457324385,outputs/metrics/autoencoder_heatmaps/test/bagel/crack/6_heatmap.npy,,1564,1564,
bagel,test,crack,1,74,7,data/processed/bagel/test/crack/007_depth.npy,data/processed/bagel/test/crack/007_mask.npy,data/raw/bagel/test/crack/gt/007.png,120.0,683.0,99.0,675.0,222,9.79995822906494,outputs/metrics/classical_heatmaps/test/bagel/crack/7_heatmap.npy,,1526,222,0.0140834068879485,outputs/metrics/autoencoder_heatmaps/test/bagel/crack/7_heatmap.npy,,1526,1526,
bagel,test,crack,1,75,8,data/processed/bagel/test/crack/008_depth.npy,data/processed/bagel/test/crack/008_mask.npy,data/raw/bagel/test/crack/gt/008.png,144.0,685.0,117.0,694.0,222,3.554670572280884,outputs/metrics/classical_heatmaps/test/bagel/crack/8_heatmap.npy,,1248,222,0.0104193398728966,outputs/metrics/autoencoder_heatmaps/test/bagel/crack/8_heatmap.npy,,1248,1248,
bagel,test,crack,1,76,9,data/processed/bagel/test/crack/009_depth.npy,data/processed/bagel/test/crack/009_mask.npy,data/raw/bagel/test/crack/gt/009.png,115.0,683.0,126.0,800.0,202,50.05299377441406,outputs/metrics/classical_heatmaps/test/bagel/crack/9_heatmap.npy,,987,202,0.0192767605185508,outputs/metrics/autoencoder_heatmaps/test/bagel/crack/9_heatmap.npy,,987,987,
bagel,test,crack,1,77,10,data/processed/bagel/test/crack/010_depth.npy,data/processed/bagel/test/crack/010_mask.npy,data/raw/bagel/test/crack/gt/010.png,114.0,667.0,100.0,800.0,203,47.660099029541016,outputs/metrics/classical_heatmaps/test/bagel/crack/10_heatmap.npy,,665,203,0.0207584854215383,outputs/metrics/autoencoder_heatmaps/test/bagel/crack/10_heatmap.npy,,665,665,
bagel,test,crack,1,78,11,data/processed/bagel/test/crack/011_depth.npy,data/processed/bagel/test/crack/011_mask.npy,data/raw/bagel/test/crack/gt/011.png,96.0,692.0,89.0,706.0,221,2.9702823162078857,outputs/metrics/classical_heatmaps/test/bagel/crack/11_heatmap.npy,,1598,221,0.0206263903528451,outputs/metrics/autoencoder_heatmaps/test/bagel/crack/11_heatmap.npy,,1598,1598,
bagel,test,crack,1,79,12,data/processed/bagel/test/crack/012_depth.npy,data/processed/bagel/test/crack/012_mask.npy,data/raw/bagel/test/crack/gt/012.png,116.0,680.0,101.0,701.0,217,14.732868194580078,outputs/metrics/classical_heatmaps/test/bagel/crack/12_heatmap.npy,,1382,217,0.0139024024829268,outputs/metrics/autoencoder_heatmaps/test/bagel/crack/12_heatmap.npy,,1382,1382,
bagel,test,crack,1,80,13,data/processed/bagel/test/crack/013_depth.npy,data/processed/bagel/test/crack/013_mask.npy,data/raw/bagel/test/crack/gt/013.png,109.0,711.0,95.0,685.0,220,8.291169166564941,outputs/metrics/classical_heatmaps/test/bagel/crack/13_heatmap.npy,,1561,220,0.0142758581787347,outputs/metrics/autoencoder_heatmaps/test/bagel/crack/13_heatmap.npy,,1561,1561,
bagel,test,crack,1,81,14,data/processed/bagel/test/crack/014_depth.npy,data/processed/bagel/test/crack/014_mask.npy,data/raw/bagel/test/crack/gt/014.png,117.0,666.0,100.0,688.0,223,12.27327823638916,outputs/metrics/classical_heatmaps/test/bagel/crack/14_heatmap.npy,,1795,223,0.0110052851960062,outputs/metrics/autoencoder_heatmaps/test/bagel/crack/14_heatmap.npy,,1795,1795,
bagel,test,crack,1,82,15,data/processed/bagel/test/crack/015_depth.npy,data/processed/bagel/test/crack/015_mask.npy,data/raw/bagel/test/crack/gt/015.png,102.0,681.0,99.0,703.0,220,6.092071533203125,outputs/metrics/classical_heatmaps/test/bagel/crack/15_heatmap.npy,,716,220,0.0140479505062103,outputs/metrics/autoencoder_heatmaps/test/bagel/crack/15_heatmap.npy,,716,716,
bagel,test,crack,1,83,16,data/processed/bagel/test/crack/016_depth.npy,data/processed/bagel/test/crack/016_mask.npy,data/raw/bagel/test/crack/gt/016.png,103.0,688.0,95.0,689.0,217,30.106922149658203,outputs/metrics/classical_heatmaps/test/bagel/crack/16_heatmap.npy,,973,217,0.0171825662255287,outputs/metrics/autoencoder_heatmaps/test/bagel/crack/16_heatmap.npy,,973,973,
bagel,test,crack,1,84,17,data/processed/bagel/test/crack/017_depth.npy,data/processed/bagel/test/crack/017_mask.npy,data/raw/bagel/test/crack/gt/017.png,98.0,678.0,95.0,694.0,220,8.887245178222656,outputs/metrics/classical_heatmaps/test/bagel/crack/17_heatmap.npy,,3874,220,0.0137227056547999,outputs/metrics/autoencoder_heatmaps/test/bagel/crack/17_heatmap.npy,,3874,3874,
bagel,test,crack,1,85,18,data/processed/bagel/test/crack/018_depth.npy,data/processed/bagel/test/crack/018_mask.npy,data/raw/bagel/test/crack/gt/018.png,102.0,672.0,115.0,689.0,222,3.404374361038208,outputs/metrics/classical_heatmaps/test/bagel/crack/18_heatmap.npy,,1577,222,0.0142676159739494,outputs/metrics/autoencoder_heatmaps/test/bagel/crack/18_heatmap.npy,,1577,1577,
bagel,test,crack,1,86,19,data/processed/bagel/test/crack/019_depth.npy,data/processed/bagel/test/crack/019_mask.npy,data/raw/bagel/test/crack/gt/019.png,109.0,682.0,101.0,675.0,207,-6.441166400909424,outputs/metrics/classical_heatmaps/test/bagel/crack/19_heatmap.npy,,1282,207,0.0188671853393316,outputs/metrics/autoencoder_heatmaps/test/bagel/crack/19_heatmap.npy,,1282,1282,
bagel,test,crack,1,87,20,data/processed/bagel/test/crack/020_depth.npy,data/processed/bagel/test/crack/020_mask.npy,data/raw/bagel/test/crack/gt/020.png,115.0,685.0,113.0,687.0,220,12.064486503601074,outputs/metrics/classical_heatmaps/test/bagel/crack/20_heatmap.npy,,894,220,0.0158781483769416,outputs/metrics/autoencoder_heatmaps/test/bagel/crack/20_heatmap.npy,,894,894,
bagel,test,crack,1,88,21,data/processed/bagel/test/crack/021_depth.npy,data/processed/bagel/test/crack/021_mask.npy,data/raw/bagel/test/crack/gt/021.png,115.0,674.0,129.0,676.0,224,13.202239990234377,outputs/metrics/classical_heatmaps/test/bagel/crack/21_heatmap.npy,,1165,224,0.013649302534759,outputs/metrics/autoencoder_heatmaps/test/bagel/crack/21_heatmap.npy,,1165,1165,
bagel,test,hole,1,89,0,data/processed/bagel/test/hole/000_depth.npy,data/processed/bagel/test/hole/000_mask.npy,data/raw/bagel/test/hole/gt/000.png,132.0,685.0,122.0,692.0,225,16.322879791259766,outputs/metrics/classical_heatmaps/test/bagel/hole/0_heatmap.npy,,406,225,0.012082147412002,outputs/metrics/autoencoder_heatmaps/test/bagel/hole/0_heatmap.npy,,406,406,
bagel,test,hole,1,90,1,data/processed/bagel/test/hole/001_depth.npy,data/processed/bagel/test/hole/001_mask.npy,data/raw/bagel/test/hole/gt/001.png,105.0,687.0,100.0,694.0,222,-2.4795830249786377,outputs/metrics/classical_heatmaps/test/bagel/hole/1_heatmap.npy,,393,222,0.012044072151184,outputs/metrics/autoencoder_heatmaps/test/bagel/hole/1_heatmap.npy,,393,393,
bagel,test,hole,1,91,2,data/processed/bagel/test/hole/002_depth.npy,data/processed/bagel/test/hole/002_mask.npy,data/raw/bagel/test/hole/gt/002.png,104.0,687.0,123.0,684.0,222,45.80147171020508,outputs/metrics/classical_heatmaps/test/bagel/hole/2_heatmap.npy,,327,222,0.0150162549689412,outputs/metrics/autoencoder_heatmaps/test/bagel/hole/2_heatmap.npy,,327,327,
bagel,test,hole,1,92,3,data/processed/bagel/test/hole/003_depth.npy,data/processed/bagel/test/hole/003_mask.npy,data/raw/bagel/test/hole/gt/003.png,109.0,660.0,109.0,690.0,223,5.57952356338501,outputs/metrics/classical_heatmaps/test/bagel/hole/3_heatmap.npy,,214,223,0.0101236887276172,outputs/metrics/autoencoder_heatmaps/test/bagel/hole/3_heatmap.npy,,214,214,
bagel,test,hole,1,93,4,data/processed/bagel/test/hole/004_depth.npy,data/processed/bagel/test/hole/004_mask.npy,data/raw/bagel/test/hole/gt/004.png,126.0,665.0,101.0,686.0,221,5.916088581085205,outputs/metrics/classical_heatmaps/test/bagel/hole/4_heatmap.npy,,298,221,0.007881143130362,outputs/metrics/autoencoder_heatmaps/test/bagel/hole/4_heatmap.npy,,298,298,fig/06_results/bagel/hole/4_comparison.png
bagel,test,hole,1,94,5,data/processed/bagel/test/hole/005_depth.npy,data/processed/bagel/test/hole/005_mask.npy,data/raw/bagel/test/hole/gt/005.png,119.0,658.0,103.0,675.0,221,9.943114280700684,outputs/metrics/classical_heatmaps/test/bagel/hole/5_heatmap.npy,,102,221,0.0144037455320358,outputs/metrics/autoencoder_heatmaps/test/bagel/hole/5_heatmap.npy,,102,102,
bagel,test,hole,1,95,6,data/processed/bagel/test/hole/006_depth.npy,data/processed/bagel/test/hole/006_mask.npy,data/raw/bagel/test/hole/gt/006.png,115.0,686.0,109.0,700.0,219,32.88139343261719,outputs/metrics/classical_heatmaps/test/bagel/hole/6_heatmap.npy,,151,219,0.0281610004603862,outputs/metrics/autoencoder_heatmaps/test/bagel/hole/6_heatmap.npy,,151,151,
bagel,test,hole,1,96,7,data/processed/bagel/test/hole/007_depth.npy,data/processed/bagel/test/hole/007_mask.npy,data/raw/bagel/test/hole/gt/007.png,119.0,672.0,108.0,687.0,222,44.052433013916016,outputs/metrics/classical_heatmaps/test/bagel/hole/7_heatmap.npy,,301,222,0.0177101343870162,outputs/metrics/autoencoder_heatmaps/test/bagel/hole/7_heatmap.npy,,301,301,
bagel,test,hole,1,97,8,data/processed/bagel/test/hole/008_depth.npy,data/processed/bagel/test/hole/008_mask.npy,data/raw/bagel/test/hole/gt/008.png,152.0,667.0,99.0,685.0,223,51.47547912597656,outputs/metrics/classical_heatmaps/test/bagel/hole/8_heatmap.npy,,370,223,0.0182466581463813,outputs/metrics/autoencoder_heatmaps/test/bagel/hole/8_heatmap.npy,,370,370,
bagel,test,hole,1,98,9,data/processed/bagel/test/hole/009_depth.npy,data/processed/bagel/test/hole/009_mask.npy,data/raw/bagel/test/hole/gt/009.png,100.0,694.0,93.0,676.0,225,52.15496444702149,outputs/metrics/classical_heatmaps/test/bagel/hole/9_heatmap.npy,,249,225,0.0115014314651489,outputs/metrics/autoencoder_heatmaps/test/bagel/hole/9_heatmap.npy,,249,249,
bagel,test,hole,1,99,10,data/processed/bagel/test/hole/010_depth.npy,data/processed/bagel/test/hole/010_mask.npy,data/raw/bagel/test/hole/gt/010.png,122.0,674.0,116.0,687.0,224,44.776248931884766,outputs/metrics/classical_heatmaps/test/bagel/hole/10_heatmap.npy,,217,224,0.0135113112628459,outputs/metrics/autoencoder_heatmaps/test/bagel/hole/10_heatmap.npy,,217,217,
bagel,test,hole,1,100,11,data/processed/bagel/test/hole/011_depth.npy,data/processed/bagel/test/hole/011_mask.npy,data/raw/bagel/test/hole/gt/011.png,121.0,694.0,100.0,711.0,221,15.994074821472168,outputs/metrics/classical_heatmaps/test/bagel/hole/11_heatmap.npy,,342,221,0.0113004194572567,outputs/metrics/autoencoder_heatmaps/test/bagel/hole/11_heatmap.npy,,342,342,
bagel,test,hole,1,101,12,data/processed/bagel/test/hole/012_depth.npy,data/processed/bagel/test/hole/012_mask.npy,data/raw/bagel/test/hole/gt/012.png,118.0,694.0,97.0,692.0,221,49.12278366088867,outputs/metrics/classical_heatmaps/test/bagel/hole/12_heatmap.npy,,274,221,0.0129091786220669,outputs/metrics/autoencoder_heatmaps/test/bagel/hole/12_heatmap.npy,,274,274,
bagel,test,hole,1,102,13,data/processed/bagel/test/hole/013_depth.npy,data/processed/bagel/test/hole/013_mask.npy,data/raw/bagel/test/hole/gt/013.png,114.0,675.0,75.0,696.0,226,18.436124801635746,outputs/metrics/classical_heatmaps/test/bagel/hole/13_heatmap.npy,,291,226,0.0111537417396903,outputs/metrics/autoencoder_heatmaps/test/bagel/hole/13_heatmap.npy,,291,291,
bagel,test,hole,1,103,14,data/processed/bagel/test/hole/014_depth.npy,data/processed/bagel/test/hole/014_mask.npy,data/raw/bagel/test/hole/gt/014.png,102.0,676.0,77.0,673.0,224,44.93472671508789,outputs/metrics/classical_heatmaps/test/bagel/hole/14_heatmap.npy,,283,224,0.0144720515236258,outputs/metrics/autoencoder_heatmaps/test/bagel/hole/14_heatmap.npy,,283,283,
bagel,test,hole,1,104,15,data/processed/bagel/test/hole/015_depth.npy,data/processed/bagel/test/hole/015_mask.npy,data/raw/bagel/test/hole/gt/015.png,121.0,673.0,91.0,675.0,221,11.57688808441162,outputs/metrics/classical_heatmaps/test/bagel/hole/15_heatmap.npy,,156,221,0.0123072443529963,outputs/metrics/autoencoder_heatmaps/test/bagel/hole/15_heatmap.npy,,156,156,
bagel,test,hole,1,105,16,data/processed/bagel/test/hole/016_depth.npy,data/processed/bagel/test/hole/016_mask.npy,data/raw/bagel/test/hole/gt/016.png,133.0,697.0,125.0,692.0,224,9.695478439331056,outputs/metrics/classical_heatmaps/test/bagel/hole/16_heatmap.npy,,208,224,0.0121862506493926,outputs/metrics/autoencoder_heatmaps/test/bagel/hole/16_heatmap.npy,,208,208,
bagel,test,hole,1,106,17,data/processed/bagel/test/hole/017_depth.npy,data/processed/bagel/test/hole/017_mask.npy,data/raw/bagel/test/hole/gt/017.png,131.0,700.0,113.0,717.0,218,13.238595962524414,outputs/metrics/classical_heatmaps/test/bagel/hole/17_heatmap.npy,,302,218,0.0111522516235709,outputs/metrics/autoencoder_heatmaps/test/bagel/hole/17_heatmap.npy,,302,302,
bagel,test,hole,1,107,18,data/processed/bagel/test/hole/018_depth.npy,data/processed/bagel/test/hole/018_mask.npy,data/raw/bagel/test/hole/gt/018.png,126.0,693.0,119.0,732.0,216,24.693504333496097,outputs/metrics/classical_heatmaps/test/bagel/hole/18_heatmap.npy,,397,216,0.0189791694283485,outputs/metrics/autoencoder_heatmaps/test/bagel/hole/18_heatmap.npy,,397,397,
bagel,test,hole,1,108,19,data/processed/bagel/test/hole/019_depth.npy,data/processed/bagel/test/hole/019_mask.npy,data/raw/bagel/test/hole/gt/019.png,103.0,695.0,103.0,684.0,220,10.499759674072266,outputs/metrics/classical_heatmaps/test/bagel/hole/19_heatmap.npy,,807,220,0.0133958756923675,outputs/metrics/autoencoder_heatmaps/test/bagel/hole/19_heatmap.npy,,807,807,
bagel,test,hole,1,109,20,data/processed/bagel/test/hole/020_depth.npy,data/processed/bagel/test/hole/020_mask.npy,data/raw/bagel/test/hole/gt/020.png,111.0,708.0,111.0,710.0,211,9.87088108062744,outputs/metrics/classical_heatmaps/test/bagel/hole/20_heatmap.npy,,258,211,0.0117984674870967,outputs/metrics/autoencoder_heatmaps/test/bagel/hole/20_heatmap.npy,,258,258,
cable_gland,test,good,0,110,0,data/processed/cable_gland/test/good/000_depth.npy,data/processed/cable_gland/test/good/000_mask.npy,data/raw/cable_gland/test/good/gt/000.png,111.0,319.0,80.0,323.0,200,-6.6996636390686035,outputs/metrics/classical_heatmaps/test/cable_gland/good/0_heatmap.npy,fig/04_classical/test_heatmaps/cable_gland/good/0_heatmap.png,0,200,0.0169844888150692,outputs/metrics/autoencoder_heatmaps/test/cable_gland/good/0_heatmap.npy,fig/05_autoencoder/test_heatmaps/cable_gland/good/0_heatmap.png,0,0,
cable_gland,test,good,0,111,1,data/processed/cable_gland/test/good/001_depth.npy,data/processed/cable_gland/test/good/001_mask.npy,data/raw/cable_gland/test/good/gt/001.png,79.0,309.0,86.0,394.0,172,57.86632537841797,outputs/metrics/classical_heatmaps/test/cable_gland/good/1_heatmap.npy,,0,172,0.022159919142723,outputs/metrics/autoencoder_heatmaps/test/cable_gland/good/1_heatmap.npy,,0,0,
cable_gland,test,good,0,112,2,data/processed/cable_gland/test/good/002_depth.npy,data/processed/cable_gland/test/good/002_mask.npy,data/raw/cable_gland/test/good/gt/002.png,67.0,308.0,78.0,317.0,168,-7.147300720214844,outputs/metrics/classical_heatmaps/test/cable_gland/good/2_heatmap.npy,,0,168,0.0160296745598316,outputs/metrics/autoencoder_heatmaps/test/cable_gland/good/2_heatmap.npy,,0,0,
cable_gland,test,good,0,113,3,data/processed/cable_gland/test/good/003_depth.npy,data/processed/cable_gland/test/good/003_mask.npy,data/raw/cable_gland/test/good/gt/003.png,97.0,312.0,98.0,323.0,197,-4.863686561584473,outputs/metrics/classical_heatmaps/test/cable_gland/good/3_heatmap.npy,,0,197,0.0253571011126041,outputs/metrics/autoencoder_heatmaps/test/cable_gland/good/3_heatmap.npy,,0,0,
cable_gland,test,good,0,114,4,data/processed/cable_gland/test/good/004_depth.npy,data/processed/cable_gland/test/good/004_mask.npy,data/raw/cable_gland/test/good/gt/004.png,74.0,320.0,97.0,337.0,175,37.52983856201172,outputs/metrics/classical_heatmaps/test/cable_gland/good/4_heatmap.npy,,0,175,0.0102687235921621,outputs/metrics/autoencoder_heatmaps/test/cable_gland/good/4_heatmap.npy,,0,0,
cable_gland,test,good,0,115,5,data/processed/cable_gland/test/good/005_depth.npy,data/processed/cable_gland/test/good/005_mask.npy,data/raw/cable_gland/test/good/gt/005.png,90.0,325.0,81.0,291.0,195,15.752781867980955,outputs/metrics/classical_heatmaps/test/cable_gland/good/5_heatmap.npy,,0,195,0.0137679632753133,outputs/metrics/autoencoder_heatmaps/test/cable_gland/good/5_heatmap.npy,,0,0,
cable_gland,test,good,0,116,6,data/processed/cable_gland/test/good/006_depth.npy,data/processed/cable_gland/test/good/006_mask.npy,data/raw/cable_gland/test/good/gt/006.png,70.0,317.0,88.0,332.0,163,-7.28278923034668,outputs/metrics/classical_heatmaps/test/cable_gland/good/6_heatmap.npy,,0,163,0.0129190767183899,outputs/metrics/autoencoder_heatmaps/test/cable_gland/good/6_heatmap.npy,,0,0,
cable_gland,test,good,0,117,7,data/processed/cable_gland/test/good/007_depth.npy,data/processed/cable_gland/test/good/007_mask.npy,data/raw/cable_gland/test/good/gt/007.png,75.0,319.0,67.0,303.0,183,27.131723403930664,outputs/metrics/classical_heatmaps/test/cable_gland/good/7_heatmap.npy,,0,183,0.0122255096212029,outputs/metrics/autoencoder_heatmaps/test/cable_gland/good/7_heatmap.npy,,0,0,
cable_gland,test,good,0,118,8,data/processed/cable_gland/test/good/008_depth.npy,data/processed/cable_gland/test/good/008_mask.npy,data/raw/cable_gland/test/good/gt/008.png,72.0,317.0,97.0,309.0,197,106.1936492919922,outputs/metrics/classical_heatmaps/test/cable_gland/good/8_heatmap.npy,,0,197,0.0157433878630399,outputs/metrics/autoencoder_heatmaps/test/cable_gland/good/8_heatmap.npy,,0,0,
cable_gland,test,good,0,119,9,data/processed/cable_gland/test/good/009_depth.npy,data/processed/cable_gland/test/good/009_mask.npy,data/raw/cable_gland/test/good/gt/009.png,85.0,315.0,94.0,305.0,197,12.39777946472168,outputs/metrics/classical_heatmaps/test/cable_gland/good/9_heatmap.npy,,0,197,0.0137695465236902,outputs/metrics/autoencoder_heatmaps/test/cable_gland/good/9_heatmap.npy,,0,0,
cable_gland,test,good,0,120,10,data/processed/cable_gland/test/good/010_depth.npy,data/processed/cable_gland/test/good/010_mask.npy,data/raw/cable_gland/test/good/gt/010.png,81.0,291.0,84.0,309.0,201,-4.5664286613464355,outputs/metrics/classical_heatmaps/test/cable_gland/good/10_heatmap.npy,,0,201,0.0269011333584785,outputs/metrics/autoencoder_heatmaps/test/cable_gland/good/10_heatmap.npy,,0,0,
cable_gland,test,good,0,121,11,data/processed/cable_gland/test/good/011_depth.npy,data/processed/cable_gland/test/good/011_mask.npy,data/raw/cable_gland/test/good/gt/011.png,97.0,306.0,80.0,325.0,198,-8.772192001342773,outputs/metrics/classical_heatmaps/test/cable_gland/good/11_heatmap.npy,,0,198,0.0255081690847873,outputs/metrics/autoencoder_heatmaps/test/cable_gland/good/11_heatmap.npy,,0,0,
cable_gland,test,good,0,122,12,data/processed/cable_gland/test/good/012_depth.npy,data/processed/cable_gland/test/good/012_mask.npy,data/raw/cable_gland/test/good/gt/012.png,78.0,322.0,67.0,308.0,180,1.3934626579284668,outputs/metrics/classical_heatmaps/test/cable_gland/good/12_heatmap.npy,,0,180,0.010749852284789,outputs/metrics/autoencoder_heatmaps/test/cable_gland/good/12_heatmap.npy,,0,0,
cable_gland,test,good,0,123,13,data/processed/cable_gland/test/good/013_depth.npy,data/processed/cable_gland/test/good/013_mask.npy,data/raw/cable_gland/test/good/gt/013.png,67.0,315.0,86.0,327.0,169,-0.9882141947746276,outputs/metrics/classical_heatmaps/test/cable_gland/good/13_heatmap.npy,,0,169,0.0183663517236709,outputs/metrics/autoencoder_heatmaps/test/cable_gland/good/13_heatmap.npy,,0,0,
cable_gland,test,good,0,124,14,data/processed/cable_gland/test/good/014_depth.npy,data/processed/cable_gland/test/good/014_mask.npy,data/raw/cable_gland/test/good/gt/014.png,83.0,321.0,91.0,334.0,179,39.72157287597656,outputs/metrics/classical_heatmaps/test/cable_gland/good/14_heatmap.npy,,0,179,0.0163608528673648,outputs/metrics/autoencoder_heatmaps/test/cable_gland/good/14_heatmap.npy,,0,0,
cable_gland,test,good,0,125,15,data/processed/cable_gland/test/good/015_depth.npy,data/processed/cable_gland/test/good/015_mask.npy,data/raw/cable_gland/test/good/gt/015.png,87.0,317.0,90.0,303.0,191,20.917192459106445,outputs/metrics/classical_heatmaps/test/cable_gland/good/15_heatmap.npy,,0,191,0.0116581059992313,outputs/metrics/autoencoder_heatmaps/test/cable_gland/good/15_heatmap.npy,,0,0,
cable_gland,test,good,0,126,16,data/processed/cable_gland/test/good/016_depth.npy,data/processed/cable_gland/test/good/016_mask.npy,data/raw/cable_gland/test/good/gt/016.png,79.0,323.0,110.0,323.0,195,98.94684600830078,outputs/metrics/classical_heatmaps/test/cable_gland/good/16_heatmap.npy,,0,195,0.0136874169111251,outputs/metrics/autoencoder_heatmaps/test/cable_gland/good/16_heatmap.npy,,0,0,
cable_gland,test,good,0,127,17,data/processed/cable_gland/test/good/017_depth.npy,data/processed/cable_gland/test/good/017_mask.npy,data/raw/cable_gland/test/good/gt/017.png,91.0,320.0,67.0,309.0,181,35.74644470214844,outputs/metrics/classical_heatmaps/test/cable_gland/good/17_heatmap.npy,,0,181,0.0152251524850726,outputs/metrics/autoencoder_heatmaps/test/cable_gland/good/17_heatmap.npy,,0,0,
cable_gland,test,good,0,128,18,data/processed/cable_gland/test/good/018_depth.npy,data/processed/cable_gland/test/good/018_mask.npy,data/raw/cable_gland/test/good/gt/018.png,80.0,318.0,79.0,323.0,165,-6.74781608581543,outputs/metrics/classical_heatmaps/test/cable_gland/good/18_heatmap.npy,,0,165,0.0130762476474046,outputs/metrics/autoencoder_heatmaps/test/cable_gland/good/18_heatmap.npy,,0,0,
cable_gland,test,good,0,129,19,data/processed/cable_gland/test/good/019_depth.npy,data/processed/cable_gland/test/good/019_mask.npy,data/raw/cable_gland/test/good/gt/019.png,84.0,291.0,80.0,339.0,190,4.342207908630371,outputs/metrics/classical_heatmaps/test/cable_gland/good/19_heatmap.npy,,0,190,0.0166847724467515,outputs/metrics/autoencoder_heatmaps/test/cable_gland/good/19_heatmap.npy,,0,0,
cable_gland,test,good,0,130,20,data/processed/cable_gland/test/good/020_depth.npy,data/processed/cable_gland/test/good/020_mask.npy,data/raw/cable_gland/test/good/gt/020.png,89.0,302.0,87.0,400.0,174,-0.1299143880605697,outputs/metrics/classical_heatmaps/test/cable_gland/good/20_heatmap.npy,,0,174,0.0204632505774498,outputs/metrics/autoencoder_heatmaps/test/cable_gland/good/20_heatmap.npy,,0,0,
cable_gland,test,bent,1,131,0,data/processed/cable_gland/test/bent/000_depth.npy,data/processed/cable_gland/test/bent/000_mask.npy,data/raw/cable_gland/test/bent/gt/000.png,90.0,323.0,83.0,288.0,196,8.063203811645508,outputs/metrics/classical_heatmaps/test/cable_gland/bent/0_heatmap.npy,fig/04_classical/test_heatmaps/cable_gland/bent/0_heatmap.png,655,196,0.0128455366939306,outputs/metrics/autoencoder_heatmaps/test/cable_gland/bent/0_heatmap.npy,fig/05_autoencoder/test_heatmaps/cable_gland/bent/0_heatmap.png,655,655,
cable_gland,test,bent,1,132,1,data/processed/cable_gland/test/bent/001_depth.npy,data/processed/cable_gland/test/bent/001_mask.npy,data/raw/cable_gland/test/bent/gt/001.png,97.0,344.0,84.0,328.0,165,-14.88070011138916,outputs/metrics/classical_heatmaps/test/cable_gland/bent/1_heatmap.npy,fig/04_classical/test_heatmaps/cable_gland/bent/1_heatmap.png,981,165,0.0169102828949689,outputs/metrics/autoencoder_heatmaps/test/cable_gland/bent/1_heatmap.npy,fig/05_autoencoder/test_heatmaps/cable_gland/bent/1_heatmap.png,981,981,
cable_gland,test,bent,1,133,2,data/processed/cable_gland/test/bent/002_depth.npy,data/processed/cable_gland/test/bent/002_mask.npy,data/raw/cable_gland/test/bent/gt/002.png,82.0,327.0,87.0,301.0,189,38.67102813720703,outputs/metrics/classical_heatmaps/test/cable_gland/bent/2_heatmap.npy,fig/04_classical/test_heatmaps/cable_gland/bent/2_heatmap.png,967,189,0.0201493129134178,outputs/metrics/autoencoder_heatmaps/test/cable_gland/bent/2_heatmap.npy,fig/05_autoencoder/test_heatmaps/cable_gland/bent/2_heatmap.png,967,967,
cable_gland,test,bent,1,134,3,data/processed/cable_gland/test/bent/003_depth.npy,data/processed/cable_gland/test/bent/003_mask.npy,data/raw/cable_gland/test/bent/gt/003.png,85.0,330.0,85.0,390.0,161,38.52497863769531,outputs/metrics/classical_heatmaps/test/cable_gland/bent/3_heatmap.npy,,775,161,0.0165614392608404,outputs/metrics/autoencoder_heatmaps/test/cable_gland/bent/3_heatmap.npy,,775,775,
cable_gland,test,bent,1,135,4,data/processed/cable_gland/test/bent/004_depth.npy,data/processed/cable_gland/test/bent/004_mask.npy,data/raw/cable_gland/test/bent/gt/004.png,84.0,325.0,86.0,311.0,180,10.166308403015137,outputs/metrics/classical_heatmaps/test/cable_gland/bent/4_heatmap.npy,,825,180,0.01389155164361,outputs/metrics/autoencoder_heatmaps/test/cable_gland/bent/4_heatmap.npy,,825,825,
cable_gland,test,bent,1,136,5,data/processed/cable_gland/test/bent/005_depth.npy,data/processed/cable_gland/test/bent/005_mask.npy,data/raw/cable_gland/test/bent/gt/005.png,86.0,328.0,96.0,329.0,176,-7.734192848205566,outputs/metrics/classical_heatmaps/test/cable_gland/bent/5_heatmap.npy,,948,176,0.01306046359241,outputs/metrics/autoencoder_heatmaps/test/cable_gland/bent/5_heatmap.npy,,948,948,fig/06_results/cable_gland/bent/5_comparison.png
cable_gland,test,bent,1,137,6,data/processed/cable_gland/test/bent/006_depth.npy,data/processed/cable_gland/test/bent/006_mask.npy,data/raw/cable_gland/test/bent/gt/006.png,117.0,331.0,100.0,335.0,189,39.524784088134766,outputs/metrics/classical_heatmaps/test/cable_gland/bent/6_heatmap.npy,,413,189,0.0109553411602973,outputs/metrics/autoencoder_heatmaps/test/cable_gland/bent/6_heatmap.npy,,413,413,
cable_gland,test,bent,1,138,7,data/processed/cable_gland/test/bent/007_depth.npy,data/processed/cable_gland/test/bent/007_mask.npy,data/raw/cable_gland/test/bent/gt/007.png,102.0,328.0,74.0,400.0,174,32.3243408203125,outputs/metrics/classical_heatmaps/test/cable_gland/bent/7_heatmap.npy,,806,174,0.0171636324375867,outputs/metrics/autoencoder_heatmaps/test/cable_gland/bent/7_heatmap.npy,,806,806,
cable_gland,test,bent,1,139,8,data/processed/cable_gland/test/bent/008_depth.npy,data/processed/cable_gland/test/bent/008_mask.npy,data/raw/cable_gland/test/bent/gt/008.png,89.0,321.0,94.0,310.0,189,12.799718856811523,outputs/metrics/classical_heatmaps/test/cable_gland/bent/8_heatmap.npy,,386,189,0.0144987907260656,outputs/metrics/autoencoder_heatmaps/test/cable_gland/bent/8_heatmap.npy,,386,386,
cable_gland,test,bent,1,140,9,data/processed/cable_gland/test/bent/009_depth.npy,data/processed/cable_gland/test/bent/009_mask.npy,data/raw/cable_gland/test/bent/gt/009.png,89.0,338.0,100.0,400.0,157,35.47401809692383,outputs/metrics/classical_heatmaps/test/cable_gland/bent/9_heatmap.npy,,652,157,0.016214394941926,outputs/metrics/autoencoder_heatmaps/test/cable_gland/bent/9_heatmap.npy,,652,652,
cable_gland,test,bent,1,141,10,data/processed/cable_gland/test/bent/010_depth.npy,data/processed/cable_gland/test/bent/010_mask.npy,data/raw/cable_gland/test/bent/gt/010.png,91.0,335.0,101.0,335.0,172,-14.30842113494873,outputs/metrics/classical_heatmaps/test/cable_gland/bent/10_heatmap.npy,,961,172,0.0136830508708953,outputs/metrics/autoencoder_heatmaps/test/cable_gland/bent/10_heatmap.npy,,961,961,
cable_gland,test,bent,1,142,11,data/processed/cable_gland/test/bent/011_depth.npy,data/processed/cable_gland/test/bent/011_mask.npy,data/raw/cable_gland/test/bent/gt/011.png,74.0,317.0,101.0,335.0,173,-0.3782309889793396,outputs/metrics/classical_heatmaps/test/cable_gland/bent/11_heatmap.npy,,1047,173,0.0222489237785339,outputs/metrics/autoencoder_heatmaps/test/cable_gland/bent/11_heatmap.npy,,1047,1047,
cable_gland,test,bent,1,143,12,data/processed/cable_gland/test/bent/012_depth.npy,data/processed/cable_gland/test/bent/012_mask.npy,data/raw/cable_gland/test/bent/gt/012.png,71.0,280.0,93.0,329.0,190,-6.8674116134643555,outputs/metrics/classical_heatmaps/test/cable_gland/bent/12_heatmap.npy,,1135,190,0.0161376725882291,outputs/metrics/autoencoder_heatmaps/test/cable_gland/bent/12_heatmap.npy,,1135,1135,
cable_gland,test,bent,1,144,13,data/processed/cable_gland/test/bent/013_depth.npy,data/processed/cable_gland/test/bent/013_mask.npy,data/raw/cable_gland/test/bent/gt/013.png,105.0,310.0,67.0,309.0,201,-5.587456703186035,outputs/metrics/classical_heatmaps/test/cable_gland/bent/13_heatmap.npy,,1275,201,0.0136467209085822,outputs/metrics/autoencoder_heatmaps/test/cable_gland/bent/13_heatmap.npy,,1275,1275,
cable_gland,test,bent,1,145,14,data/processed/cable_gland/test/bent/014_depth.npy,data/processed/cable_gland/test/bent/014_mask.npy,data/raw/cable_gland/test/bent/gt/014.png,74.0,319.0,77.0,326.0,164,-5.516892433166504,outputs/metrics/classical_heatmaps/test/cable_gland/bent/14_heatmap.npy,,980,164,0.0205245148390531,outputs/metrics/autoencoder_heatmaps/test/cable_gland/bent/14_heatmap.npy,,980,980,
cable_gland,test,bent,1,146,15,data/processed/cable_gland/test/bent/015_depth.npy,data/processed/cable_gland/test/bent/015_mask.npy,data/raw/cable_gland/test/bent/gt/015.png,71.0,312.0,68.0,313.0,180,44.569786071777344,outputs/metrics/classical_heatmaps/test/cable_gland/bent/15_heatmap.npy,,843,180,0.0140819419175386,outputs/metrics/autoencoder_heatmaps/test/cable_gland/bent/15_heatmap.npy,,843,843,
cable_gland,test,bent,1,147,16,data/processed/cable_gland/test/bent/016_depth.npy,data/processed/cable_gland/test/bent/016_mask.npy,data/raw/cable_gland/test/bent/gt/016.png,83.0,297.0,75.0,317.0,198,-6.964646816253662,outputs/metrics/classical_heatmaps/test/cable_gland/bent/16_heatmap.npy,,273,198,0.0173820555210113,outputs/metrics/autoencoder_heatmaps/test/cable_gland/bent/16_heatmap.npy,,273,273,
cable_gland,test,bent,1,148,17,data/processed/cable_gland/test/bent/017_depth.npy,data/processed/cable_gland/test/bent/017_mask.npy,data/raw/cable_gland/test/bent/gt/017.png,67.0,315.0,104.0,325.0,194,47.791934967041016,outputs/metrics/classical_heatmaps/test/cable_gland/bent/17_heatmap.npy,,580,194,0.010414870455861,outputs/metrics/autoencoder_heatmaps/test/cable_gland/bent/17_heatmap.npy,,580,580,
cable_gland,test,bent,1,149,18,data/processed/cable_gland/test/bent/018_depth.npy,data/processed/cable_gland/test/bent/018_mask.npy,data/raw/cable_gland/test/bent/gt/018.png,93.0,329.0,82.0,327.0,176,43.5163459777832,outputs/metrics/classical_heatmaps/test/cable_gland/bent/18_heatmap.npy,,816,176,0.0147144449874758,outputs/metrics/autoencoder_heatmaps/test/cable_gland/bent/18_heatmap.npy,,816,816,
cable_gland,test,bent,1,150,19,data/processed/cable_gland/test/bent/019_depth.npy,data/processed/cable_gland/test/bent/019_mask.npy,data/raw/cable_gland/test/bent/gt/019.png,90.0,316.0,91.0,303.0,201,10.787250518798828,outputs/metrics/classical_heatmaps/test/cable_gland/bent/19_heatmap.npy,,988,201,0.0155830392614007,outputs/metrics/autoencoder_heatmaps/test/cable_gland/bent/19_heatmap.npy,,988,988,
cable_gland,test,bent,1,151,20,data/processed/cable_gland/test/bent/020_depth.npy,data/processed/cable_gland/test/bent/020_mask.npy,data/raw/cable_gland/test/bent/gt/020.png,101.0,306.0,87.0,307.0,208,-8.477453231811523,outputs/metrics/classical_heatmaps/test/cable_gland/bent/20_heatmap.npy,,1072,208,0.0155035406351089,outputs/metrics/autoencoder_heatmaps/test/cable_gland/bent/20_heatmap.npy,,1072,1072,
cable_gland,test,cut,1,152,0,data/processed/cable_gland/test/cut/000_depth.npy,data/processed/cable_gland/test/cut/000_mask.npy,data/raw/cable_gland/test/cut/gt/000.png,97.0,342.0,118.0,400.0,179,59.72736358642578,outputs/metrics/classical_heatmaps/test/cable_gland/cut/0_heatmap.npy,,677,179,0.0159605387598276,outputs/metrics/autoencoder_heatmaps/test/cable_gland/cut/0_heatmap.npy,,677,677,
cable_gland,test,cut,1,153,1,data/processed/cable_gland/test/cut/001_depth.npy,data/processed/cable_gland/test/cut/001_mask.npy,data/raw/cable_gland/test/cut/gt/001.png,87.0,331.0,78.0,400.0,161,46.11406707763672,outputs/metrics/classical_heatmaps/test/cable_gland/cut/1_heatmap.npy,,1022,161,0.0223491564393043,outputs/metrics/autoencoder_heatmaps/test/cable_gland/cut/1_heatmap.npy,,1022,1022,
cable_gland,test,cut,1,154,2,data/processed/cable_gland/test/cut/002_depth.npy,data/processed/cable_gland/test/cut/002_mask.npy,data/raw/cable_gland/test/cut/gt/002.png,77.0,324.0,115.0,328.0,195,44.75191116333008,outputs/metrics/classical_heatmaps/test/cable_gland/cut/2_heatmap.npy,,735,195,0.018776673823595,outputs/metrics/autoencoder_heatmaps/test/cable_gland/cut/2_heatmap.npy,,735,735,
cable_gland,test,cut,1,155,3,data/processed/cable_gland/test/cut/003_depth.npy,data/processed/cable_gland/test/cut/003_mask.npy,data/raw/cable_gland/test/cut/gt/003.png,77.0,315.0,84.0,330.0,179,36.87839126586914,outputs/metrics/classical_heatmaps/test/cable_gland/cut/3_heatmap.npy,,664,179,0.0196833983063697,outputs/metrics/autoencoder_heatmaps/test/cable_gland/cut/3_heatmap.npy,,664,664,
cable_gland,test,cut,1,156,4,data/processed/cable_gland/test/cut/004_depth.npy,data/processed/cable_gland/test/cut/004_mask.npy,data/raw/cable_gland/test/cut/gt/004.png,81.0,328.0,76.0,315.0,164,-8.00191593170166,outputs/metrics/classical_heatmaps/test/cable_gland/cut/4_heatmap.npy,,343,164,0.0132339680567383,outputs/metrics/autoencoder_heatmaps/test/cable_gland/cut/4_heatmap.npy,,343,343,
cable_gland,test,cut,1,157,5,data/processed/cable_gland/test/cut/005_depth.npy,data/processed/cable_gland/test/cut/005_mask.npy,data/raw/cable_gland/test/cut/gt/005.png,59.0,308.0,121.0,335.0,194,39.21086120605469,outputs/metrics/classical_heatmaps/test/cable_gland/cut/5_heatmap.npy,,767,194,0.0086978273466229,outputs/metrics/autoencoder_heatmaps/test/cable_gland/cut/5_heatmap.npy,,767,767,
cable_gland,test,cut,1,158,6,data/processed/cable_gland/test/cut/006_depth.npy,data/processed/cable_gland/test/cut/006_mask.npy,data/raw/cable_gland/test/cut/gt/006.png,77.0,321.0,87.0,325.0,169,-7.519041061401367,outputs/metrics/classical_heatmaps/test/cable_gland/cut/6_heatmap.npy,,581,169,0.0136387962847948,outputs/metrics/autoencoder_heatmaps/test/cable_gland/cut/6_heatmap.npy,,581,581,
cable_gland,test,cut,1,159,7,data/processed/cable_gland/test/cut/007_depth.npy,data/processed/cable_gland/test/cut/007_mask.npy,data/raw/cable_gland/test/cut/gt/007.png,95.0,301.0,108.0,340.0,199,-6.499366760253906,outputs/metrics/classical_heatmaps/test/cable_gland/cut/7_heatmap.npy,,1488,199,0.0173615496605634,outputs/metrics/autoencoder_heatmaps/test/cable_gland/cut/7_heatmap.npy,,1488,1488,
cable_gland,test,cut,1,160,8,data/processed/cable_gland/test/cut/008_depth.npy,data/processed/cable_gland/test/cut/008_mask.npy,data/raw/cable_gland/test/cut/gt/008.png,75.0,322.0,104.0,345.0,178,39.61100769042969,outputs/metrics/classical_heatmaps/test/cable_gland/cut/8_heatmap.npy,,796,178,0.0109037403017282,outputs/metrics/autoencoder_heatmaps/test/cable_gland/cut/8_heatmap.npy,,796,796,
cable_gland,test,cut,1,161,9,data/processed/cable_gland/test/cut/009_depth.npy,data/processed/cable_gland/test/cut/009_mask.npy,data/raw/cable_gland/test/cut/gt/009.png,85.0,297.0,63.0,310.0,194,-7.471132755279541,outputs/metrics/classical_heatmaps/test/cable_gland/cut/9_heatmap.npy,,1078,194,0.0259055905044078,outputs/metrics/autoencoder_heatmaps/test/cable_gland/cut/9_heatmap.npy,,1078,1078,
cable_gland,test,cut,1,162,10,data/processed/cable_gland/test/cut/010_depth.npy,data/processed/cable_gland/test/cut/010_mask.npy,data/raw/cable_gland/test/cut/gt/010.png,92.0,302.0,79.0,331.0,194,0.8429741859436035,outputs/metrics/classical_heatmaps/test/cable_gland/cut/10_heatmap.npy,,1605,194,0.0180778224021196,outputs/metrics/autoencoder_heatmaps/test/cable_gland/cut/10_heatmap.npy,,1605,1605,
cable_gland,test,cut,1,163,11,data/processed/cable_gland/test/cut/011_depth.npy,data/processed/cable_gland/test/cut/011_mask.npy,data/raw/cable_gland/test/cut/gt/011.png,76.0,324.0,94.0,326.0,178,11.53715991973877,outputs/metrics/classical_heatmaps/test/cable_gland/cut/11_heatmap.npy,,740,178,0.0164355225861072,outputs/metrics/autoencoder_heatmaps/test/cable_gland/cut/11_heatmap.npy,,740,740,
cable_gland,test,cut,1,164,12,data/processed/cable_gland/test/cut/012_depth.npy,data/processed/cable_gland/test/cut/012_mask.npy,data/raw/cable_gland/test/cut/gt/012.png,87.0,322.0,93.0,305.0,195,27.898061752319336,outputs/metrics/classical_heatmaps/test/cable_gland/cut/12_heatmap.npy,,272,195,0.0148422000929713,outputs/metrics/autoencoder_heatmaps/test/cable_gland/cut/12_heatmap.npy,,272,272,
cable_gland,test,cut,1,165,13,data/processed/cable_gland/test/cut/013_depth.npy,data/processed/cable_gland/test/cut/013_mask.npy,data/raw/cable_gland/test/cut/gt/013.png,75.0,320.0,72.0,315.0,164,-4.951244831085205,outputs/metrics/classical_heatmaps/test/cable_gland/cut/13_heatmap.npy,,340,164,0.0132717220112681,outputs/metrics/autoencoder_heatmaps/test/cable_gland/cut/13_heatmap.npy,,340,340,
cable_gland,test,cut,1,166,14,data/processed/cable_gland/test/cut/014_depth.npy,data/processed/cable_gland/test/cut/014_mask.npy,data/raw/cable_gland/test/cut/gt/014.png,82.0,313.0,91.0,303.0,195,32.45957946777344,outputs/metrics/classical_heatmaps/test/cable_gland/cut/14_heatmap.npy,,776,195,0.015895090997219,outputs/metrics/autoencoder_heatmaps/test/cable_gland/cut/14_heatmap.npy,,776,776,
cable_gland,test,cut,1,167,15,data/processed/cable_gland/test/cut/015_depth.npy,data/processed/cable_gland/test/cut/015_mask.npy,data/raw/cable_gland/test/cut/gt/015.png,86.0,301.0,70.0,311.0,196,-6.742083549499512,outputs/metrics/classical_heatmaps/test/cable_gland/cut/15_heatmap.npy,,778,196,0.0165787450969219,outputs/metrics/autoencoder_heatmaps/test/cable_gland/cut/15_heatmap.npy,,778,778,
cable_gland,test,cut,1,168,16,data/processed/cable_gland/test/cut/016_depth.npy,data/processed/cable_gland/test/cut/016_mask.npy,data/raw/cable_gland/test/cut/gt/016.png,90.0,300.0,97.0,327.0,192,-4.671254634857178,outputs/metrics/classical_heatmaps/test/cable_gland/cut/16_heatmap.npy,,928,192,0.0212484262883663,outputs/metrics/autoencoder_heatmaps/test/cable_gland/cut/16_heatmap.npy,,928,928,
cable_gland,test,cut,1,169,17,data/processed/cable_gland/test/cut/017_depth.npy,data/processed/cable_gland/test/cut/017_mask.npy,data/raw/cable_gland/test/cut/gt/017.png,80.0,322.0,76.0,317.0,179,18.091941833496097,outputs/metrics/classical_heatmaps/test/cable_gland/cut/17_heatmap.npy,,898,179,0.0118940966203808,outputs/metrics/autoencoder_heatmaps/test/cable_gland/cut/17_heatmap.npy,,898,898,
cable_gland,test,cut,1,170,18,data/processed/cable_gland/test/cut/018_depth.npy,data/processed/cable_gland/test/cut/018_mask.npy,data/raw/cable_gland/test/cut/gt/018.png,81.0,326.0,85.0,322.0,181,42.29451751708984,outputs/metrics/classical_heatmaps/test/cable_gland/cut/18_heatmap.npy,,563,181,0.0137324584648013,outputs/metrics/autoencoder_heatmaps/test/cable_gland/cut/18_heatmap.npy,,563,563,
cable_gland,test,cut,1,171,19,data/processed/cable_gland/test/cut/019_depth.npy,data/processed/cable_gland/test/cut/019_mask.npy,data/raw/cable_gland/test/cut/gt/019.png,81.0,328.0,72.0,309.0,182,70.55078887939453,outputs/metrics/classical_heatmaps/test/cable_gland/cut/19_heatmap.npy,,908,182,0.0145439505577087,outputs/metrics/autoencoder_heatmaps/test/cable_gland/cut/19_heatmap.npy,,908,908,
cable_gland,test,cut,1,172,20,data/processed/cable_gland/test/cut/020_depth.npy,data/processed/cable_gland/test/cut/020_mask.npy,data/raw/cable_gland/test/cut/gt/020.png,73.0,321.0,110.0,318.0,197,46.84760284423828,outputs/metrics/classical_heatmaps/test/cable_gland/cut/20_heatmap.npy,,435,197,0.0097317267209291,outputs/metrics/autoencoder_heatmaps/test/cable_gland/cut/20_heatmap.npy,,435,435,
cable_gland,test,cut,1,173,21,data/processed/cable_gland/test/cut/021_depth.npy,data/processed/cable_gland/test/cut/021_mask.npy,data/raw/cable_gland/test/cut/gt/021.png,72.0,321.0,93.0,315.0,189,13.366421699523926,outputs/metrics/classical_heatmaps/test/cable_gland/cut/21_heatmap.npy,,669,189,0.0109604997560381,outputs/metrics/autoencoder_heatmaps/test/cable_gland/cut/21_heatmap.npy,,669,669,
cable_gland,test,hole,1,174,0,data/processed/cable_gland/test/hole/000_depth.npy,data/processed/cable_gland/test/hole/000_mask.npy,data/raw/cable_gland/test/hole/gt/000.png,75.0,320.0,112.0,329.0,194,65.51451110839844,outputs/metrics/classical_heatmaps/test/cable_gland/hole/0_heatmap.npy,,399,194,0.0102736502885818,outputs/metrics/autoencoder_heatmaps/test/cable_gland/hole/0_heatmap.npy,,399,399,
cable_gland,test,hole,1,175,1,data/processed/cable_gland/test/hole/001_depth.npy,data/processed/cable_gland/test/hole/001_mask.npy,data/raw/cable_gland/test/hole/gt/001.png,103.0,343.0,95.0,342.0,176,44.71385955810547,outputs/metrics/classical_heatmaps/test/cable_gland/hole/1_heatmap.npy,,197,176,0.0185215342789888,outputs/metrics/autoencoder_heatmaps/test/cable_gland/hole/1_heatmap.npy,,197,197,
cable_gland,test,hole,1,176,2,data/processed/cable_gland/test/hole/002_depth.npy,data/processed/cable_gland/test/hole/002_mask.npy,data/raw/cable_gland/test/hole/gt/002.png,75.0,320.0,113.0,342.0,188,67.32878112792969,outputs/metrics/classical_heatmaps/test/cable_gland/hole/2_heatmap.npy,,114,188,0.0126821398735046,outputs/metrics/autoencoder_heatmaps/test/cable_gland/hole/2_heatmap.npy,,114,114,
cable_gland,test,hole,1,177,3,data/processed/cable_gland/test/hole/003_depth.npy,data/processed/cable_gland/test/hole/003_mask.npy,data/raw/cable_gland/test/hole/gt/003.png,55.0,300.0,103.0,333.0,184,53.250999450683594,outputs/metrics/classical_heatmaps/test/cable_gland/hole/3_heatmap.npy,,331,184,0.0153598934412002,outputs/metrics/autoencoder_heatmaps/test/cable_gland/hole/3_heatmap.npy,,331,331,
cable_gland,test,hole,1,178,4,data/processed/cable_gland/test/hole/004_depth.npy,data/processed/cable_gland/test/hole/004_mask.npy,data/raw/cable_gland/test/hole/gt/004.png,112.0,359.0,114.0,400.0,170,55.55262756347656,outputs/metrics/classical_heatmaps/test/cable_gland/hole/4_heatmap.npy,,96,170,0.0201746802777051,outputs/metrics/autoencoder_heatmaps/test/cable_gland/hole/4_heatmap.npy,,96,96,
cable_gland,test,hole,1,179,5,data/processed/cable_gland/test/hole/005_depth.npy,data/processed/cable_gland/test/hole/005_mask.npy,data/raw/cable_gland/test/hole/gt/005.png,95.0,338.0,112.0,338.0,182,6.837435245513916,outputs/metrics/classical_heatmaps/test/cable_gland/hole/5_heatmap.npy,,203,182,0.0157606229186058,outputs/metrics/autoencoder_heatmaps/test/cable_gland/hole/5_heatmap.npy,,203,203,
cable_gland,test,hole,1,180,6,data/processed/cable_gland/test/hole/006_depth.npy,data/processed/cable_gland/test/hole/006_mask.npy,data/raw/cable_gland/test/hole/gt/006.png,86.0,329.0,71.0,313.0,183,-2.228550434112549,outputs/metrics/classical_heatmaps/test/cable_gland/hole/6_heatmap.npy,,154,183,0.0092739183455705,outputs/metrics/autoencoder_heatmaps/test/cable_gland/hole/6_heatmap.npy,,154,154,
cable_gland,test,hole,1,181,7,data/processed/cable_gland/test/hole/007_depth.npy,data/processed/cable_gland/test/hole/007_mask.npy,data/raw/cable_gland/test/hole/gt/007.png,100.0,345.0,87.0,396.0,164,21.87895965576172,outputs/metrics/classical_heatmaps/test/cable_gland/hole/7_heatmap.npy,,69,164,0.0179463420063257,outputs/metrics/autoencoder_heatmaps/test/cable_gland/hole/7_heatmap.npy,,69,69,
cable_gland,test,hole,1,182,8,data/processed/cable_gland/test/hole/008_depth.npy,data/processed/cable_gland/test/hole/008_mask.npy,data/raw/cable_gland/test/hole/gt/008.png,82.0,316.0,71.0,283.0,194,14.521588325500488,outputs/metrics/classical_heatmaps/test/cable_gland/hole/8_heatmap.npy,,416,194,0.0149977970868349,outputs/metrics/autoencoder_heatmaps/test/cable_gland/hole/8_heatmap.npy,,416,416,
cable_gland,test,hole,1,183,9,data/processed/cable_gland/test/hole/009_depth.npy,data/processed/cable_gland/test/hole/009_mask.npy,data/raw/cable_gland/test/hole/gt/009.png,94.0,295.0,113.0,334.0,209,4.7379469871521,outputs/metrics/classical_heatmaps/test/cable_gland/hole/9_heatmap.npy,,185,209,0.0169307198375463,outputs/metrics/autoencoder_heatmaps/test/cable_gland/hole/9_heatmap.npy,,185,185,
cable_gland,test,hole,1,184,10,data/processed/cable_gland/test/hole/010_depth.npy,data/processed/cable_gland/test/hole/010_mask.npy,data/raw/cable_gland/test/hole/gt/010.png,90.0,336.0,116.0,332.0,196,45.0683708190918,outputs/metrics/classical_heatmaps/test/cable_gland/hole/10_heatmap.npy,,197,196,0.0109143489971756,outputs/metrics/autoencoder_heatmaps/test/cable_gland/hole/10_heatmap.npy,,197,197,
cable_gland,test,hole,1,185,11,data/processed/cable_gland/test/hole/011_depth.npy,data/processed/cable_gland/test/hole/011_mask.npy,data/raw/cable_gland/test/hole/gt/011.png,82.0,316.0,71.0,313.0,186,2.457340955734253,outputs/metrics/classical_heatmaps/test/cable_gland/hole/11_heatmap.npy,,103,186,0.0096580740064382,outputs/metrics/autoencoder_heatmaps/test/cable_gland/hole/11_heatmap.npy,,103,103,
cable_gland,test,hole,1,186,12,data/processed/cable_gland/test/hole/012_depth.npy,data/processed/cable_gland/test/hole/012_mask.npy,data/raw/cable_gland/test/hole/gt/012.png,83.0,332.0,93.0,337.0,165,-2.1045172214508057,outputs/metrics/classical_heatmaps/test/cable_gland/hole/12_heatmap.npy,,271,165,0.0151330977678298,outputs/metrics/autoencoder_heatmaps/test/cable_gland/hole/12_heatmap.npy,,271,271,
cable_gland,test,hole,1,187,13,data/processed/cable_gland/test/hole/013_depth.npy,data/processed/cable_gland/test/hole/013_mask.npy,data/raw/cable_gland/test/hole/gt/013.png,89.0,334.0,91.0,331.0,172,-4.03682279586792,outputs/metrics/classical_heatmaps/test/cable_gland/hole/13_heatmap.npy,,309,172,0.0146396439522504,outputs/metrics/autoencoder_heatmaps/test/cable_gland/hole/13_heatmap.npy,,309,309,
cable_gland,test,hole,1,188,14,data/processed/cable_gland/test/hole/014_depth.npy,data/processed/cable_gland/test/hole/014_mask.npy,data/raw/cable_gland/test/hole/gt/014.png,87.0,331.0,105.0,321.0,196,70.52601623535156,outputs/metrics/classical_heatmaps/test/cable_gland/hole/14_heatmap.npy,,313,196,0.0145554048940539,outputs/metrics/autoencoder_heatmaps/test/cable_gland/hole/14_heatmap.npy,,313,313,
cable_gland,test,hole,1,189,15,data/processed/cable_gland/test/hole/015_depth.npy,data/processed/cable_gland/test/hole/015_mask.npy,data/raw/cable_gland/test/hole/gt/015.png,81.0,307.0,78.0,321.0,190,-3.848288774490357,outputs/metrics/classical_heatmaps/test/cable_gland/hole/15_heatmap.npy,,542,190,0.0125911654904484,outputs/metrics/autoencoder_heatmaps/test/cable_gland/hole/15_heatmap.npy,,542,542,
cable_gland,test,hole,1,190,16,data/processed/cable_gland/test/hole/016_depth.npy,data/processed/cable_gland/test/hole/016_mask.npy,data/raw/cable_gland/test/hole/gt/016.png,79.0,325.0,79.0,318.0,173,5.0961761474609375,outputs/metrics/classical_heatmaps/test/cable_gland/hole/16_heatmap.npy,,442,173,0.0132268536835908,outputs/metrics/autoencoder_heatmaps/test/cable_gland/hole/16_heatmap.npy,,442,442,
cable_gland,test,hole,1,191,17,data/processed/cable_gland/test/hole/017_depth.npy,data/processed/cable_gland/test/hole/017_mask.npy,data/raw/cable_gland/test/hole/gt/017.png,88.0,297.0,92.0,315.0,201,-4.359499931335449,outputs/metrics/classical_heatmaps/test/cable_gland/hole/17_heatmap.npy,,154,201,0.0183469597250223,outputs/metrics/autoencoder_heatmaps/test/cable_gland/hole/17_heatmap.npy,,154,154,
cable_gland,test,hole,1,192,18,data/processed/cable_gland/test/hole/018_depth.npy,data/processed/cable_gland/test/hole/018_mask.npy,data/raw/cable_gland/test/hole/gt/018.png,77.0,325.0,113.0,324.0,200,40.01585006713867,outputs/metrics/classical_heatmaps/test/cable_gland/hole/18_heatmap.npy,,127,200,0.0106155956164002,outputs/metrics/autoencoder_heatmaps/test/cable_gland/hole/18_heatmap.npy,,127,127,
cable_gland,test,hole,1,193,19,data/processed/cable_gland/test/hole/019_depth.npy,data/processed/cable_gland/test/hole/019_mask.npy,data/raw/cable_gland/test/hole/gt/019.png,92.0,299.0,92.0,337.0,199,-7.170472145080566,outputs/metrics/classical_heatmaps/test/cable_gland/hole/19_heatmap.npy,,158,199,0.0176579188555479,outputs/metrics/autoencoder_heatmaps/test/cable_gland/hole/19_heatmap.npy,,158,158,
cable_gland,test,hole,1,194,20,data/processed/cable_gland/test/hole/020_depth.npy,data/processed/cable_gland/test/hole/020_mask.npy,data/raw/cable_gland/test/hole/gt/020.png,84.0,329.0,101.0,337.0,173,-2.460329294204712,outputs/metrics/classical_heatmaps/test/cable_gland/hole/20_heatmap.npy,,177,173,0.0157658737152814,outputs/metrics/autoencoder_heatmaps/test/cable_gland/hole/20_heatmap.npy,,177,177,
cable_gland,test,hole,1,195,21,data/processed/cable_gland/test/hole/021_depth.npy,data/processed/cable_gland/test/hole/021_mask.npy,data/raw/cable_gland/test/hole/gt/021.png,75.0,323.0,72.0,291.0,195,14.486407279968262,outputs/metrics/classical_heatmaps/test/cable_gland/hole/21_heatmap.npy,,439,195,0.0104665029793977,outputs/metrics/autoencoder_heatmaps/test/cable_gland/hole/21_heatmap.npy,,439,439,
cable_gland,test,thread,1,196,0,data/processed/cable_gland/test/thread/000_depth.npy,data/processed/cable_gland/test/thread/000_mask.npy,data/raw/cable_gland/test/thread/gt/000.png,87.0,323.0,97.0,313.0,187,5.9617228507995605,outputs/metrics/classical_heatmaps/test/cable_gland/thread/0_heatmap.npy,,694,187,0.0146122248843312,outputs/metrics/autoencoder_heatmaps/test/cable_gland/thread/0_heatmap.npy,,694,694,
cable_gland,test,thread,1,197,1,data/processed/cable_gland/test/thread/001_depth.npy,data/processed/cable_gland/test/thread/001_mask.npy,data/raw/cable_gland/test/thread/gt/001.png,95.0,328.0,118.0,333.0,192,22.78148651123047,outputs/metrics/classical_heatmaps/test/cable_gland/thread/1_heatmap.npy,,850,192,0.018585393205285,outputs/metrics/autoencoder_heatmaps/test/cable_gland/thread/1_heatmap.npy,,850,850,
cable_gland,test,thread,1,198,2,data/processed/cable_gland/test/thread/002_depth.npy,data/processed/cable_gland/test/thread/002_mask.npy,data/raw/cable_gland/test/thread/gt/002.png,84.0,294.0,86.0,319.0,191,-5.589323997497559,outputs/metrics/classical_heatmaps/test/cable_gland/thread/2_heatmap.npy,,1256,191,0.013591343536973,outputs/metrics/autoencoder_heatmaps/test/cable_gland/thread/2_heatmap.npy,,1256,1256,
cable_gland,test,thread,1,199,3,data/processed/cable_gland/test/thread/003_depth.npy,data/processed/cable_gland/test/thread/003_mask.npy,data/raw/cable_gland/test/thread/gt/003.png,71.0,315.0,96.0,328.0,176,3.953169107437134,outputs/metrics/classical_heatmaps/test/cable_gland/thread/3_heatmap.npy,,996,176,0.016785817220807,outputs/metrics/autoencoder_heatmaps/test/cable_gland/thread/3_heatmap.npy,,996,996,
cable_gland,test,thread,1,200,4,data/processed/cable_gland/test/thread/004_depth.npy,data/processed/cable_gland/test/thread/004_mask.npy,data/raw/cable_gland/test/thread/gt/004.png,80.0,314.0,83.0,327.0,169,-0.4040032029151916,outputs/metrics/classical_heatmaps/test/cable_gland/thread/4_heatmap.npy,,1054,169,0.0297425482422113,outputs/metrics/autoencoder_heatmaps/test/cable_gland/thread/4_heatmap.npy,,1054,1054,
cable_gland,test,thread,1,201,5,data/processed/cable_gland/test/thread/005_depth.npy,data/processed/cable_gland/test/thread/005_mask.npy,data/raw/cable_gland/test/thread/gt/005.png,89.0,319.0,97.0,302.0,200,16.336511611938477,outputs/metrics/classical_heatmaps/test/cable_gland/thread/5_heatmap.npy,,672,200,0.0120569197461009,outputs/metrics/autoencoder_heatmaps/test/cable_gland/thread/5_heatmap.npy,,672,672,
cable_gland,test,thread,1,202,6,data/processed/cable_gland/test/thread/006_depth.npy,data/processed/cable_gland/test/thread/006_mask.npy,data/raw/cable_gland/test/thread/gt/006.png,79.0,321.0,72.0,311.0,165,-8.198415756225586,outputs/metrics/classical_heatmaps/test/cable_gland/thread/6_heatmap.npy,,552,165,0.0125186247751116,outputs/metrics/autoencoder_heatmaps/test/cable_gland/thread/6_heatmap.npy,,552,552,fig/06_results/cable_gland/thread/6_comparison.png
cable_gland,test,thread,1,203,7,data/processed/cable_gland/test/thread/007_depth.npy,data/processed/cable_gland/test/thread/007_mask.npy,data/raw/cable_gland/test/thread/gt/007.png,85.0,327.0,106.0,327.0,185,9.80456829071045,outputs/metrics/classical_heatmaps/test/cable_gland/thread/7_heatmap.npy,,763,185,0.0128785539418458,outputs/metrics/autoencoder_heatmaps/test/cable_gland/thread/7_heatmap.npy,,763,763,
cable_gland,test,thread,1,204,8,data/processed/cable_gland/test/thread/008_depth.npy,data/processed/cable_gland/test/thread/008_mask.npy,data/raw/cable_gland/test/thread/gt/008.png,88.0,320.0,89.0,302.0,192,18.05016708374023,outputs/metrics/classical_heatmaps/test/cable_gland/thread/8_heatmap.npy,,1060,192,0.0125657422468066,outputs/metrics/autoencoder_heatmaps/test/cable_gland/thread/8_heatmap.npy,,1060,1060,
cable_gland,test,thread,1,205,9,data/processed/cable_gland/test/thread/009_depth.npy,data/processed/cable_gland/test/thread/009_mask.npy,data/raw/cable_gland/test/thread/gt/009.png,85.0,299.0,69.0,313.0,192,-7.599005222320557,outputs/metrics/classical_heatmaps/test/cable_gland/thread/9_heatmap.npy,,619,192,0.0184284653514623,outputs/metrics/autoencoder_heatmaps/test/cable_gland/thread/9_heatmap.npy,,619,619,
cable_gland,test,thread,1,206,10,data/processed/cable_gland/test/thread/010_depth.npy,data/processed/cable_gland/test/thread/010_mask.npy,data/raw/cable_gland/test/thread/gt/010.png,101.0,306.0,92.0,313.0,201,-0.1404787451028823,outputs/metrics/classical_heatmaps/test/cable_gland/thread/10_heatmap.npy,,936,201,0.0125642297789454,outputs/metrics/autoencoder_heatmaps/test/cable_gland/thread/10_heatmap.npy,,936,936,
cable_gland,test,thread,1,207,11,data/processed/cable_gland/test/thread/011_depth.npy,data/processed/cable_gland/test/thread/011_mask.npy,data/raw/cable_gland/test/thread/gt/011.png,85.0,294.0,101.0,320.0,200,-6.232783317565918,outputs/metrics/classical_heatmaps/test/cable_gland/thread/11_heatmap.npy,,910,200,0.0128762815147638,outputs/metrics/autoencoder_heatmaps/test/cable_gland/thread/11_heatmap.npy,,910,910,
cable_gland,test,thread,1,208,12,data/processed/cable_gland/test/thread/012_depth.npy,data/processed/cable_gland/test/thread/012_mask.npy,data/raw/cable_gland/test/thread/gt/012.png,87.0,317.0,83.0,293.0,199,17.984283447265625,outputs/metrics/classical_heatmaps/test/cable_gland/thread/12_heatmap.npy,,1295,199,0.0119021255522966,outputs/metrics/autoencoder_heatmaps/test/cable_gland/thread/12_heatmap.npy,,1295,1295,
cable_gland,test,thread,1,209,13,data/processed/cable_gland/test/thread/013_depth.npy,data/processed/cable_gland/test/thread/013_mask.npy,data/raw/cable_gland/test/thread/gt/013.png,83.0,325.0,81.0,317.0,174,1.2685182094573977,outputs/metrics/classical_heatmaps/test/cable_gland/thread/13_heatmap.npy,,1046,174,0.0137074189260602,outputs/metrics/autoencoder_heatmaps/test/cable_gland/thread/13_heatmap.npy,,1046,1046,
cable_gland,test,thread,1,210,14,data/processed/cable_gland/test/thread/014_depth.npy,data/processed/cable_gland/test/thread/014_mask.npy,data/raw/cable_gland/test/thread/gt/014.png,81.0,316.0,64.0,308.0,185,-0.2271326780319214,outputs/metrics/classical_heatmaps/test/cable_gland/thread/14_heatmap.npy,,660,185,0.0111420266330242,outputs/metrics/autoencoder_heatmaps/test/cable_gland/thread/14_heatmap.npy,,660,660,
cable_gland,test,thread,1,211,15,data/processed/cable_gland/test/thread/015_depth.npy,data/processed/cable_gland/test/thread/015_mask.npy,data/raw/cable_gland/test/thread/gt/015.png,88.0,331.0,94.0,340.0,176,40.50630569458008,outputs/metrics/classical_heatmaps/test/cable_gland/thread/15_heatmap.npy,,560,176,0.0173358116298913,outputs/metrics/autoencoder_heatmaps/test/cable_gland/thread/15_heatmap.npy,,560,560,
cable_gland,test,thread,1,212,16,data/processed/cable_gland/test/thread/016_depth.npy,data/processed/cable_gland/test/thread/016_mask.npy,data/raw/cable_gland/test/thread/gt/016.png,74.0,320.0,64.0,285.0,192,87.29927062988281,outputs/metrics/classical_heatmaps/test/cable_gland/thread/16_heatmap.npy,,648,192,0.0125716794282197,outputs/metrics/autoencoder_heatmaps/test/cable_gland/thread/16_heatmap.npy,,648,648,
cable_gland,test,thread,1,213,17,data/processed/cable_gland/test/thread/017_depth.npy,data/processed/cable_gland/test/thread/017_mask.npy,data/raw/cable_gland/test/thread/gt/017.png,79.0,310.0,95.0,300.0,201,15.353282928466797,outputs/metrics/classical_heatmaps/test/cable_gland/thread/17_heatmap.npy,,1259,201,0.0143737886101007,outputs/metrics/autoencoder_heatmaps/test/cable_gland/thread/17_heatmap.npy,,1259,1259,
cable_gland,test,thread,1,214,18,data/processed/cable_gland/test/thread/018_depth.npy,data/processed/cable_gland/test/thread/018_mask.npy,data/raw/cable_gland/test/thread/gt/018.png,90.0,299.0,89.0,332.0,198,-8.808311462402344,outputs/metrics/classical_heatmaps/test/cable_gland/thread/18_heatmap.npy,,870,198,0.0153459655120968,outputs/metrics/autoencoder_heatmaps/test/cable_gland/thread/18_heatmap.npy,,870,870,
cable_gland,test,thread,1,215,19,data/processed/cable_gland/test/thread/019_depth.npy,data/processed/cable_gland/test/thread/019_mask.npy,data/raw/cable_gland/test/thread/gt/019.png,93.0,307.0,86.0,313.0,198,-1.8755985498428345,outputs/metrics/classical_heatmaps/test/cable_gland/thread/19_heatmap.npy,,1012,198,0.0282978471368551,outputs/metrics/autoencoder_heatmaps/test/cable_gland/thread/19_heatmap.npy,,1012,1012,
cable_gland,test,thread,1,216,20,data/processed/cable_gland/test/thread/020_depth.npy,data/processed/cable_gland/test/thread/020_mask.npy,data/raw/cable_gland/test/thread/gt/020.png,86.0,317.0,72.0,316.0,187,-0.3615408539772033,outputs/metrics/classical_heatmaps/test/cable_gland/thread/20_heatmap.npy,,452,187,0.0098432945087552,outputs/metrics/autoencoder_heatmaps/test/cable_gland/thread/20_heatmap.npy,,452,452,
cable_gland,test,thread,1,217,21,data/processed/cable_gland/test/thread/021_depth.npy,data/processed/cable_gland/test/thread/021_mask.npy,data/raw/cable_gland/test/thread/gt/021.png,66.0,313.0,88.0,327.0,170,2.533261299133301,outputs/metrics/classical_heatmaps/test/cable_gland/thread/21_heatmap.npy,,898,170,0.0225966796278953,outputs/metrics/autoencoder_heatmaps/test/cable_gland/thread/21_heatmap.npy,,898,898,
carrot,test,good,0,218,0,data/processed/carrot/test/good/000_depth.npy,data/processed/carrot/test/good/000_mask.npy,data/raw/carrot/test/good/gt/000.png,284.0,465.0,55.0,724.0,178,10.330949783325195,outputs/metrics/classical_heatmaps/test/carrot/good/0_heatmap.npy,fig/04_classical/test_heatmaps/carrot/good/0_heatmap.png,0,178,0.0111901322379708,outputs/metrics/autoencoder_heatmaps/test/carrot/good/0_heatmap.npy,fig/05_autoencoder/test_heatmaps/carrot/good/0_heatmap.png,0,0,
carrot,test,good,0,219,1,data/processed/carrot/test/good/001_depth.npy,data/processed/carrot/test/good/001_mask.npy,data/raw/carrot/test/good/gt/001.png,284.0,465.0,54.0,724.0,178,10.365625381469728,outputs/metrics/classical_heatmaps/test/carrot/good/1_heatmap.npy,,0,178,0.0118361050263047,outputs/metrics/autoencoder_heatmaps/test/carrot/good/1_heatmap.npy,,0,0,
carrot,test,good,0,220,2,data/processed/carrot/test/good/002_depth.npy,data/processed/carrot/test/good/002_mask.npy,data/raw/carrot/test/good/gt/002.png,313.0,450.0,91.0,687.0,192,8.14946174621582,outputs/metrics/classical_heatmaps/test/carrot/good/2_heatmap.npy,,0,192,0.0132933109998703,outputs/metrics/autoencoder_heatmaps/test/carrot/good/2_heatmap.npy,,0,0,
carrot,test,good,0,221,3,data/processed/carrot/test/good/003_depth.npy,data/processed/carrot/test/good/003_mask.npy,data/raw/carrot/test/good/gt/003.png,329.0,479.0,30.0,771.0,216,19.591073989868164,outputs/metrics/classical_heatmaps/test/carrot/good/3_heatmap.npy,,0,216,0.0128435725346207,outputs/metrics/autoencoder_heatmaps/test/carrot/good/3_heatmap.npy,,0,0,
carrot,test,good,0,222,4,data/processed/carrot/test/good/004_depth.npy,data/processed/carrot/test/good/004_mask.npy,data/raw/carrot/test/good/gt/004.png,305.0,488.0,83.0,705.0,163,21.606884002685547,outputs/metrics/classical_heatmaps/test/carrot/good/4_heatmap.npy,,0,163,0.0162451360374689,outputs/metrics/autoencoder_heatmaps/test/carrot/good/4_heatmap.npy,,0,0,
carrot,test,good,0,223,5,data/processed/carrot/test/good/005_depth.npy,data/processed/carrot/test/good/005_mask.npy,data/raw/carrot/test/good/gt/005.png,275.0,486.0,86.0,678.0,153,1.374384522438049,outputs/metrics/classical_heatmaps/test/carrot/good/5_heatmap.npy,,0,153,0.0102544222027063,outputs/metrics/autoencoder_heatmaps/test/carrot/good/5_heatmap.npy,,0,0,
carrot,test,good,0,224,6,data/processed/carrot/test/good/006_depth.npy,data/processed/carrot/test/good/006_mask.npy,data/raw/carrot/test/good/gt/006.png,245.0,653.0,83.0,678.0,131,51.47324752807617,outputs/metrics/classical_heatmaps/test/carrot/good/6_heatmap.npy,,0,131,0.0191559977829456,outputs/metrics/autoencoder_heatmaps/test/carrot/good/6_heatmap.npy,,0,0,
carrot,test,good,0,225,7,data/processed/carrot/test/good/007_depth.npy,data/processed/carrot/test/good/007_mask.npy,data/raw/carrot/test/good/gt/007.png,322.0,469.0,67.0,683.0,186,-7.389801979064941,outputs/metrics/classical_heatmaps/test/carrot/good/7_heatmap.npy,,0,186,0.0132066132500767,outputs/metrics/autoencoder_heatmaps/test/carrot/good/7_heatmap.npy,,0,0,
carrot,test,good,0,226,8,data/processed/carrot/test/good/008_depth.npy,data/processed/carrot/test/good/008_mask.npy,data/raw/carrot/test/good/gt/008.png,329.0,464.0,145.0,670.0,209,0.3687157928943634,outputs/metrics/classical_heatmaps/test/carrot/good/8_heatmap.npy,,0,209,0.0175935998558998,outputs/metrics/autoencoder_heatmaps/test/carrot/good/8_heatmap.npy,,0,0,
carrot,test,good,0,227,9,data/processed/carrot/test/good/009_depth.npy,data/processed/carrot/test/good/009_mask.npy,data/raw/carrot/test/good/gt/009.png,276.0,471.0,147.0,628.0,153,-0.6845860481262207,outputs/metrics/classical_heatmaps/test/carrot/good/9_heatmap.npy,,0,153,0.0370408743619918,outputs/metrics/autoencoder_heatmaps/test/carrot/good/9_heatmap.npy,,0,0,
carrot,test,good,0,228,10,data/processed/carrot/test/good/010_depth.npy,data/processed/carrot/test/good/010_mask.npy,data/raw/carrot/test/good/gt/010.png,340.0,482.0,164.0,658.0,200,2.751145601272583,outputs/metrics/classical_heatmaps/test/carrot/good/10_heatmap.npy,,0,200,0.012666530907154,outputs/metrics/autoencoder_heatmaps/test/carrot/good/10_heatmap.npy,,0,0,
carrot,test,good,0,229,11,data/processed/carrot/test/good/011_depth.npy,data/processed/carrot/test/good/011_mask.npy,data/raw/carrot/test/good/gt/011.png,306.0,454.0,132.0,667.0,190,10.187641143798828,outputs/metrics/classical_heatmaps/test/carrot/good/11_heatmap.npy,,0,190,0.0149764893576502,outputs/metrics/autoencoder_heatmaps/test/carrot/good/11_heatmap.npy,,0,0,
carrot,test,good,0,230,12,data/processed/carrot/test/good/012_depth.npy,data/processed/carrot/test/good/012_mask.npy,data/raw/carrot/test/good/gt/012.png,324.0,479.0,128.0,687.0,194,30.57272720336914,outputs/metrics/classical_heatmaps/test/carrot/good/12_heatmap.npy,,0,194,0.0215599946677684,outputs/metrics/autoencoder_heatmaps/test/carrot/good/12_heatmap.npy,,0,0,
carrot,test,good,0,231,13,data/processed/carrot/test/good/013_depth.npy,data/processed/carrot/test/good/013_mask.npy,data/raw/carrot/test/good/gt/013.png,318.0,459.0,144.0,637.0,206,16.41405487060547,outputs/metrics/classical_heatmaps/test/carrot/good/13_heatmap.npy,,0,206,0.0185035597532987,outputs/metrics/autoencoder_heatmaps/test/carrot/good/13_heatmap.npy,,0,0,
carrot,test,good,0,232,14,data/processed/carrot/test/good/014_depth.npy,data/processed/carrot/test/good/014_mask.npy,data/raw/carrot/test/good/gt/014.png,347.0,484.0,104.0,713.0,178,5.56757926940918,outputs/metrics/classical_heatmaps/test/carrot/good/14_heatmap.npy,,0,178,0.0201914422214031,outputs/metrics/autoencoder_heatmaps/test/carrot/good/14_heatmap.npy,,0,0,
carrot,test,good,0,233,15,data/processed/carrot/test/good/015_depth.npy,data/processed/carrot/test/good/015_mask.npy,data/raw/carrot/test/good/gt/015.png,329.0,494.0,173.0,637.0,167,6.425580978393555,outputs/metrics/classical_heatmaps/test/carrot/good/15_heatmap.npy,,0,167,0.0120722372084856,outputs/metrics/autoencoder_heatmaps/test/carrot/good/15_heatmap.npy,,0,0,
carrot,test,good,0,234,16,data/processed/carrot/test/good/016_depth.npy,data/processed/carrot/test/good/016_mask.npy,data/raw/carrot/test/good/gt/016.png,315.0,477.0,133.0,684.0,166,17.28417205810547,outputs/metrics/classical_heatmaps/test/carrot/good/16_heatmap.npy,,0,166,0.0233544707298278,outputs/metrics/autoencoder_heatmaps/test/carrot/good/16_heatmap.npy,,0,0,
carrot,test,good,0,235,17,data/processed/carrot/test/good/017_depth.npy,data/processed/carrot/test/good/017_mask.npy,data/raw/carrot/test/good/gt/017.png,318.0,523.0,73.0,779.0,166,33.84772872924805,outputs/metrics/classical_heatmaps/test/carrot/good/17_heatmap.npy,,0,166,0.0159527882933616,outputs/metrics/autoencoder_heatmaps/test/carrot/good/17_heatmap.npy,,0,0,
carrot,test,good,0,236,18,data/processed/carrot/test/good/018_depth.npy,data/processed/carrot/test/good/018_mask.npy,data/raw/carrot/test/good/gt/018.png,318.0,458.0,44.0,751.0,222,2.8253695964813232,outputs/metrics/classical_heatmaps/test/carrot/good/18_heatmap.npy,,0,222,0.0175884198397398,outputs/metrics/autoencoder_heatmaps/test/carrot/good/18_heatmap.npy,,0,0,
carrot,test,good,0,237,19,data/processed/carrot/test/good/019_depth.npy,data/processed/carrot/test/good/019_mask.npy,data/raw/carrot/test/good/gt/019.png,318.0,469.0,82.0,657.0,170,0.4136825203895569,outputs/metrics/classical_heatmaps/test/carrot/good/19_heatmap.npy,,0,170,0.0204302035272121,outputs/metrics/autoencoder_heatmaps/test/carrot/good/19_heatmap.npy,,0,0,
carrot,test,good,0,238,20,data/processed/carrot/test/good/020_depth.npy,data/processed/carrot/test/good/020_mask.npy,data/raw/carrot/test/good/gt/020.png,323.0,491.0,107.0,695.0,180,3.7420904636383057,outputs/metrics/classical_heatmaps/test/carrot/good/20_heatmap.npy,,0,180,0.0183029919862747,outputs/metrics/autoencoder_heatmaps/test/carrot/good/20_heatmap.npy,,0,0,
carrot,test,good,0,239,21,data/processed/carrot/test/good/021_depth.npy,data/processed/carrot/test/good/021_mask.npy,data/raw/carrot/test/good/gt/021.png,294.0,492.0,100.0,664.0,147,5.194399833679199,outputs/metrics/classical_heatmaps/test/carrot/good/21_heatmap.npy,,0,147,0.0198035761713981,outputs/metrics/autoencoder_heatmaps/test/carrot/good/21_heatmap.npy,,0,0,
carrot,test,good,0,240,22,data/processed/carrot/test/good/022_depth.npy,data/processed/carrot/test/good/022_mask.npy,data/raw/carrot/test/good/gt/022.png,250.0,492.0,74.0,667.0,139,3.2673983573913574,outputs/metrics/classical_heatmaps/test/carrot/good/22_heatmap.npy,,0,139,0.0214703138917684,outputs/metrics/autoencoder_heatmaps/test/carrot/good/22_heatmap.npy,,0,0,
carrot,test,good,0,241,23,data/processed/carrot/test/good/023_depth.npy,data/processed/carrot/test/good/023_mask.npy,data/raw/carrot/test/good/gt/023.png,332.0,488.0,119.0,676.0,181,9.963128089904783,outputs/metrics/classical_heatmaps/test/carrot/good/23_heatmap.npy,,0,181,0.0186689905822277,outputs/metrics/autoencoder_heatmaps/test/carrot/good/23_heatmap.npy,,0,0,
carrot,test,good,0,242,24,data/processed/carrot/test/good/024_depth.npy,data/processed/carrot/test/good/024_mask.npy,data/raw/carrot/test/good/gt/024.png,313.0,506.0,97.0,685.0,164,-2.2478322982788086,outputs/metrics/classical_heatmaps/test/carrot/good/24_heatmap.npy,,0,164,0.0189535487443208,outputs/metrics/autoencoder_heatmaps/test/carrot/good/24_heatmap.npy,,0,0,
carrot,test,good,0,243,25,data/processed/carrot/test/good/025_depth.npy,data/processed/carrot/test/good/025_mask.npy,data/raw/carrot/test/good/gt/025.png,319.0,468.0,151.0,692.0,183,5.975091934204102,outputs/metrics/classical_heatmaps/test/carrot/good/25_heatmap.npy,,0,183,0.0090047642588615,outputs/metrics/autoencoder_heatmaps/test/carrot/good/25_heatmap.npy,,0,0,
carrot,test,good,0,244,26,data/processed/carrot/test/good/026_depth.npy,data/processed/carrot/test/good/026_mask.npy,data/raw/carrot/test/good/gt/026.png,337.0,480.0,125.0,645.0,185,-3.1145565509796143,outputs/metrics/classical_heatmaps/test/carrot/good/26_heatmap.npy,,0,185,0.0129029918462038,outputs/metrics/autoencoder_heatmaps/test/carrot/good/26_heatmap.npy,,0,0,
carrot,test,combined,1,245,0,data/processed/carrot/test/combined/000_depth.npy,data/processed/carrot/test/combined/000_mask.npy,data/raw/carrot/test/combined/gt/000.png,259.0,525.0,94.0,692.0,129,19.917585372924805,outputs/metrics/classical_heatmaps/test/carrot/combined/0_heatmap.npy,fig/04_classical/test_heatmaps/carrot/combined/0_heatmap.png,2401,129,0.0142012787982821,outputs/metrics/autoencoder_heatmaps/test/carrot/combined/0_heatmap.npy,fig/05_autoencoder/test_heatmaps/carrot/combined/0_heatmap.png,2401,2401,
carrot,test,combined,1,246,1,data/processed/carrot/test/combined/001_depth.npy,data/processed/carrot/test/combined/001_mask.npy,data/raw/carrot/test/combined/gt/001.png,257.0,497.0,75.0,757.0,138,11.695253372192385,outputs/metrics/classical_heatmaps/test/carrot/combined/1_heatmap.npy,fig/04_classical/test_heatmaps/carrot/combined/1_heatmap.png,947,138,0.0122078657150268,outputs/metrics/autoencoder_heatmaps/test/carrot/combined/1_heatmap.npy,fig/05_autoencoder/test_heatmaps/carrot/combined/1_heatmap.png,947,947,
carrot,test,combined,1,247,2,data/processed/carrot/test/combined/002_depth.npy,data/processed/carrot/test/combined/002_mask.npy,data/raw/carrot/test/combined/gt/002.png,324.0,488.0,85.0,739.0,177,2.58921480178833,outputs/metrics/classical_heatmaps/test/carrot/combined/2_heatmap.npy,fig/04_classical/test_heatmaps/carrot/combined/2_heatmap.png,1870,177,0.0118591804057359,outputs/metrics/autoencoder_heatmaps/test/carrot/combined/2_heatmap.npy,fig/05_autoencoder/test_heatmaps/carrot/combined/2_heatmap.png,1870,1870,
carrot,test,combined,1,248,3,data/processed/carrot/test/combined/003_depth.npy,data/processed/carrot/test/combined/003_mask.npy,data/raw/carrot/test/combined/gt/003.png,344.0,472.0,35.0,749.0,208,11.724746704101562,outputs/metrics/classical_heatmaps/test/carrot/combined/3_heatmap.npy,,3361,208,0.0119332997128367,outputs/metrics/autoencoder_heatmaps/test/carrot/combined/3_heatmap.npy,,3361,3361,
carrot,test,combined,1,249,4,data/processed/carrot/test/combined/004_depth.npy,data/processed/carrot/test/combined/004_mask.npy,data/raw/carrot/test/combined/gt/004.png,292.0,462.0,84.0,768.0,166,28.067378997802734,outputs/metrics/classical_heatmaps/test/carrot/combined/4_heatmap.npy,,1512,166,0.0223608706146478,outputs/metrics/autoencoder_heatmaps/test/carrot/combined/4_heatmap.npy,,1512,1512,
carrot,test,combined,1,250,5,data/processed/carrot/test/combined/005_depth.npy,data/processed/carrot/test/combined/005_mask.npy,data/raw/carrot/test/combined/gt/005.png,322.0,487.0,107.0,741.0,186,12.716571807861328,outputs/metrics/classical_heatmaps/test/carrot/combined/5_heatmap.npy,,1200,186,0.0177600122988224,outputs/metrics/autoencoder_heatmaps/test/carrot/combined/5_heatmap.npy,,1200,1200,
carrot,test,combined,1,251,6,data/processed/carrot/test/combined/006_depth.npy,data/processed/carrot/test/combined/006_mask.npy,data/raw/carrot/test/combined/gt/006.png,325.0,463.0,107.0,701.0,203,7.480589389801025,outputs/metrics/classical_heatmaps/test/carrot/combined/6_heatmap.npy,,1862,203,0.0182345975190401,outputs/metrics/autoencoder_heatmaps/test/carrot/combined/6_heatmap.npy,,1862,1862,
carrot,test,combined,1,252,7,data/processed/carrot/test/combined/007_depth.npy,data/processed/carrot/test/combined/007_mask.npy,data/raw/carrot/test/combined/gt/007.png,343.0,484.0,130.0,653.0,195,4.488888740539551,outputs/metrics/classical_heatmaps/test/carrot/combined/7_heatmap.npy,,1981,195,0.0160857625305652,outputs/metrics/autoencoder_heatmaps/test/carrot/combined/7_heatmap.npy,,1981,1981,
carrot,test,combined,1,253,8,data/processed/carrot/test/combined/008_depth.npy,data/processed/carrot/test/combined/008_mask.npy,data/raw/carrot/test/combined/gt/008.png,316.0,482.0,101.0,681.0,172,-0.8399747014045715,outputs/metrics/classical_heatmaps/test/carrot/combined/8_heatmap.npy,,2109,172,0.0134925991296768,outputs/metrics/autoencoder_heatmaps/test/carrot/combined/8_heatmap.npy,,2109,2109,
carrot,test,combined,1,254,9,data/processed/carrot/test/combined/009_depth.npy,data/processed/carrot/test/combined/009_mask.npy,data/raw/carrot/test/combined/gt/009.png,339.0,472.0,132.0,646.0,234,-10.794224739074709,outputs/metrics/classical_heatmaps/test/carrot/combined/9_heatmap.npy,,2968,234,0.0109905498102307,outputs/metrics/autoencoder_heatmaps/test/carrot/combined/9_heatmap.npy,,2968,2968,fig/06_results/carrot/combined/9_comparison.png
carrot,test,combined,1,255,10,data/processed/carrot/test/combined/010_depth.npy,data/processed/carrot/test/combined/010_mask.npy,data/raw/carrot/test/combined/gt/010.png,328.0,457.0,100.0,696.0,213,9.671274185180664,outputs/metrics/classical_heatmaps/test/carrot/combined/10_heatmap.npy,,4374,213,0.0157689210027456,outputs/metrics/autoencoder_heatmaps/test/carrot/combined/10_heatmap.npy,,4374,4374,
carrot,test,combined,1,256,11,data/processed/carrot/test/combined/011_depth.npy,data/processed/carrot/test/combined/011_mask.npy,data/raw/carrot/test/combined/gt/011.png,323.0,450.0,106.0,689.0,210,23.506072998046875,outputs/metrics/classical_heatmaps/test/carrot/combined/11_heatmap.npy,,982,210,0.0156573187559843,outputs/metrics/autoencoder_heatmaps/test/carrot/combined/11_heatmap.npy,,982,982,
carrot,test,combined,1,257,12,data/processed/carrot/test/combined/012_depth.npy,data/processed/carrot/test/combined/012_mask.npy,data/raw/carrot/test/combined/gt/012.png,313.0,463.0,100.0,667.0,196,14.856348037719728,outputs/metrics/classical_heatmaps/test/carrot/combined/12_heatmap.npy,,2345,196,0.0156198386102914,outputs/metrics/autoencoder_heatmaps/test/carrot/combined/12_heatmap.npy,,2345,2345,
carrot,test,combined,1,258,13,data/processed/carrot/test/combined/013_depth.npy,data/processed/carrot/test/combined/013_mask.npy,data/raw/carrot/test/combined/gt/013.png,302.0,458.0,135.0,680.0,195,144.96975708007812,outputs/metrics/classical_heatmaps/test/carrot/combined/13_heatmap.npy,,1075,195,0.0264073517173528,outputs/metrics/autoencoder_heatmaps/test/carrot/combined/13_heatmap.npy,,1075,1075,
carrot,test,combined,1,259,14,data/processed/carrot/test/combined/014_depth.npy,data/processed/carrot/test/combined/014_mask.npy,data/raw/carrot/test/combined/gt/014.png,299.0,489.0,88.0,703.0,180,177.05963134765625,outputs/metrics/classical_heatmaps/test/carrot/combined/14_heatmap.npy,,634,180,0.0276488289237022,outputs/metrics/autoencoder_heatmaps/test/carrot/combined/14_heatmap.npy,,634,634,
carrot,test,combined,1,260,15,data/processed/carrot/test/combined/015_depth.npy,data/processed/carrot/test/combined/015_mask.npy,data/raw/carrot/test/combined/gt/015.png,252.0,477.0,72.0,673.0,154,175.2423095703125,outputs/metrics/classical_heatmaps/test/carrot/combined/15_heatmap.npy,,1305,154,0.0286672692745924,outputs/metrics/autoencoder_heatmaps/test/carrot/combined/15_heatmap.npy,,1305,1305,
carrot,test,combined,1,261,16,data/processed/carrot/test/combined/016_depth.npy,data/processed/carrot/test/combined/016_mask.npy,data/raw/carrot/test/combined/gt/016.png,266.0,481.0,86.0,669.0,174,166.62925720214844,outputs/metrics/classical_heatmaps/test/carrot/combined/16_heatmap.npy,,1147,174,0.0337940417230129,outputs/metrics/autoencoder_heatmaps/test/carrot/combined/16_heatmap.npy,,1147,1147,
carrot,test,combined,1,262,17,data/processed/carrot/test/combined/017_depth.npy,data/processed/carrot/test/combined/017_mask.npy,data/raw/carrot/test/combined/gt/017.png,315.0,442.0,121.0,679.0,211,31.984336853027344,outputs/metrics/classical_heatmaps/test/carrot/combined/17_heatmap.npy,,1436,211,0.012601563706994,outputs/metrics/autoencoder_heatmaps/test/carrot/combined/17_heatmap.npy,,1436,1436,
carrot,test,combined,1,263,18,data/processed/carrot/test/combined/018_depth.npy,data/processed/carrot/test/combined/018_mask.npy,data/raw/carrot/test/combined/gt/018.png,336.0,478.0,181.0,578.0,184,4.491702079772949,outputs/metrics/classical_heatmaps/test/carrot/combined/18_heatmap.npy,,1805,184,0.0218042153865098,outputs/metrics/autoencoder_heatmaps/test/carrot/combined/18_heatmap.npy,,1805,1805,
carrot,test,combined,1,264,19,data/processed/carrot/test/combined/019_depth.npy,data/processed/carrot/test/combined/019_mask.npy,data/raw/carrot/test/combined/gt/019.png,327.0,463.0,137.0,654.0,197,6.6764020919799805,outputs/metrics/classical_heatmaps/test/carrot/combined/19_heatmap.npy,,1387,197,0.0267471857368946,outputs/metrics/autoencoder_heatmaps/test/carrot/combined/19_heatmap.npy,,1387,1387,
carrot,test,combined,1,265,20,data/processed/carrot/test/combined/020_depth.npy,data/processed/carrot/test/combined/020_mask.npy,data/raw/carrot/test/combined/gt/020.png,288.0,452.0,108.0,679.0,186,127.16497802734376,outputs/metrics/classical_heatmaps/test/carrot/combined/20_heatmap.npy,,1450,186,0.0298661701381206,outputs/metrics/autoencoder_heatmaps/test/carrot/combined/20_heatmap.npy,,1450,1450,
carrot,test,combined,1,266,21,data/processed/carrot/test/combined/021_depth.npy,data/processed/carrot/test/combined/021_mask.npy,data/raw/carrot/test/combined/gt/021.png,322.0,470.0,138.0,636.0,194,-2.4997758865356445,outputs/metrics/classical_heatmaps/test/carrot/combined/21_heatmap.npy,,1419,194,0.0138008119538426,outputs/metrics/autoencoder_heatmaps/test/carrot/combined/21_heatmap.npy,,1419,1419,
carrot,test,combined,1,267,22,data/processed/carrot/test/combined/022_depth.npy,data/processed/carrot/test/combined/022_mask.npy,data/raw/carrot/test/combined/gt/022.png,290.0,485.0,76.0,691.0,148,-3.1091880798339844,outputs/metrics/classical_heatmaps/test/carrot/combined/22_heatmap.npy,,1138,148,0.0181343331933021,outputs/metrics/autoencoder_heatmaps/test/carrot/combined/22_heatmap.npy,,1138,1138,
carrot,test,combined,1,268,23,data/processed/carrot/test/combined/023_depth.npy,data/processed/carrot/test/combined/023_mask.npy,data/raw/carrot/test/combined/gt/023.png,276.0,468.0,87.0,694.0,186,188.9806365966797,outputs/metrics/classical_heatmaps/test/carrot/combined/23_heatmap.npy,,815,186,0.0418227091431617,outputs/metrics/autoencoder_heatmaps/test/carrot/combined/23_heatmap.npy,,815,815,
carrot,test,combined,1,269,24,data/processed/carrot/test/combined/024_depth.npy,data/processed/carrot/test/combined/024_mask.npy,data/raw/carrot/test/combined/gt/024.png,291.0,493.0,113.0,658.0,184,182.9081573486328,outputs/metrics/classical_heatmaps/test/carrot/combined/24_heatmap.npy,,1162,184,0.0271203033626079,outputs/metrics/autoencoder_heatmaps/test/carrot/combined/24_heatmap.npy,,1162,1162,
carrot,test,combined,1,270,25,data/processed/carrot/test/combined/025_depth.npy,data/processed/carrot/test/combined/025_mask.npy,data/raw/carrot/test/combined/gt/025.png,295.0,513.0,95.0,641.0,168,75.04234313964844,outputs/metrics/classical_heatmaps/test/carrot/combined/25_heatmap.npy,,542,168,0.0233323089778423,outputs/metrics/autoencoder_heatmaps/test/carrot/combined/25_heatmap.npy,,542,542,
carrot,test,combined,1,271,26,data/processed/carrot/test/combined/026_depth.npy,data/processed/carrot/test/combined/026_mask.npy,data/raw/carrot/test/combined/gt/026.png,300.0,446.0,109.0,670.0,198,-0.9586235284805298,outputs/metrics/classical_heatmaps/test/carrot/combined/26_heatmap.npy,,2034,198,0.0206276141107082,outputs/metrics/autoencoder_heatmaps/test/carrot/combined/26_heatmap.npy,,2034,2034,
carrot,test,contamination,1,272,0,data/processed/carrot/test/contamination/000_depth.npy,data/processed/carrot/test/contamination/000_mask.npy,data/raw/carrot/test/contamination/gt/000.png,311.0,465.0,153.0,653.0,188,41.880882263183594,outputs/metrics/classical_heatmaps/test/carrot/contamination/0_heatmap.npy,,510,188,0.0210647489875555,outputs/metrics/autoencoder_heatmaps/test/carrot/contamination/0_heatmap.npy,,510,510,
carrot,test,contamination,1,273,1,data/processed/carrot/test/contamination/001_depth.npy,data/processed/carrot/test/contamination/001_mask.npy,data/raw/carrot/test/contamination/gt/001.png,308.0,541.0,155.0,657.0,130,33.141212463378906,outputs/metrics/classical_heatmaps/test/carrot/contamination/1_heatmap.npy,,548,130,0.0107680233195424,outputs/metrics/autoencoder_heatmaps/test/carrot/contamination/1_heatmap.npy,,548,548,
carrot,test,contamination,1,274,2,data/processed/carrot/test/contamination/002_depth.npy,data/processed/carrot/test/contamination/002_mask.npy,data/raw/carrot/test/contamination/gt/002.png,267.0,504.0,47.0,726.0,132,8.475107192993164,outputs/metrics/classical_heatmaps/test/carrot/contamination/2_heatmap.npy,,338,132,0.0131687121465802,outputs/metrics/autoencoder_heatmaps/test/carrot/contamination/2_heatmap.npy,,338,338,
carrot,test,contamination,1,275,3,data/processed/carrot/test/contamination/003_depth.npy,data/processed/carrot/test/contamination/003_mask.npy,data/raw/carrot/test/contamination/gt/003.png,312.0,445.0,44.0,763.0,213,12.907988548278809,outputs/metrics/classical_heatmaps/test/carrot/contamination/3_heatmap.npy,,759,213,0.0137983169406652,outputs/metrics/autoencoder_heatmaps/test/carrot/contamination/3_heatmap.npy,,759,759,
carrot,test,contamination,1,276,4,data/processed/carrot/test/contamination/004_depth.npy,data/processed/carrot/test/contamination/004_mask.npy,data/raw/carrot/test/contamination/gt/004.png,311.0,481.0,140.0,661.0,166,-8.75313663482666,outputs/metrics/classical_heatmaps/test/carrot/contamination/4_heatmap.npy,,1131,166,0.0115124806761741,outputs/metrics/autoencoder_heatmaps/test/carrot/contamination/4_heatmap.npy,,1131,1131,fig/06_results/carrot/contamination/4_comparison.png
carrot,test,contamination,1,277,5,data/processed/carrot/test/contamination/005_depth.npy,data/processed/carrot/test/contamination/005_mask.npy,data/raw/carrot/test/contamination/gt/005.png,304.0,528.0,114.0,689.0,143,-3.4232778549194336,outputs/metrics/classical_heatmaps/test/carrot/contamination/5_heatmap.npy,,723,143,0.0091448929160833,outputs/metrics/autoencoder_heatmaps/test/carrot/contamination/5_heatmap.npy,,723,723,fig/06_results/carrot/contamination/5_comparison.png
carrot,test,contamination,1,278,6,data/processed/carrot/test/contamination/006_depth.npy,data/processed/carrot/test/contamination/006_mask.npy,data/raw/carrot/test/contamination/gt/006.png,272.0,512.0,118.0,663.0,134,14.457589149475098,outputs/metrics/classical_heatmaps/test/carrot/contamination/6_heatmap.npy,,800,134,0.0138868037611246,outputs/metrics/autoencoder_heatmaps/test/carrot/contamination/6_heatmap.npy,,800,800,
carrot,test,contamination,1,279,7,data/processed/carrot/test/contamination/007_depth.npy,data/processed/carrot/test/contamination/007_mask.npy,data/raw/carrot/test/contamination/gt/007.png,310.0,490.0,105.0,681.0,166,13.720366477966309,outputs/metrics/classical_heatmaps/test/carrot/contamination/7_heatmap.npy,,1494,166,0.0185082014650106,outputs/metrics/autoencoder_heatmaps/test/carrot/contamination/7_heatmap.npy,,1494,1494,
carrot,test,contamination,1,280,8,data/processed/carrot/test/contamination/008_depth.npy,data/processed/carrot/test/contamination/008_mask.npy,data/raw/carrot/test/contamination/gt/008.png,285.0,506.0,188.0,617.0,129,2.937554121017456,outputs/metrics/classical_heatmaps/test/carrot/contamination/8_heatmap.npy,,732,129,0.0177888255566358,outputs/metrics/autoencoder_heatmaps/test/carrot/contamination/8_heatmap.npy,,732,732,
carrot,test,contamination,1,281,9,data/processed/carrot/test/contamination/009_depth.npy,data/processed/carrot/test/contamination/009_mask.npy,data/raw/carrot/test/contamination/gt/009.png,303.0,512.0,66.0,739.0,145,21.161340713500977,outputs/metrics/classical_heatmaps/test/carrot/contamination/9_heatmap.npy,,1985,145,0.0146453380584716,outputs/metrics/autoencoder_heatmaps/test/carrot/contamination/9_heatmap.npy,,1985,1985,
carrot,test,contamination,1,282,10,data/processed/carrot/test/contamination/010_depth.npy,data/processed/carrot/test/contamination/010_mask.npy,data/raw/carrot/test/contamination/gt/010.png,317.0,472.0,67.0,729.0,198,3.1695809364318848,outputs/metrics/classical_heatmaps/test/carrot/contamination/10_heatmap.npy,,1090,198,0.0247700847685337,outputs/metrics/autoencoder_heatmaps/test/carrot/contamination/10_heatmap.npy,,1090,1090,
carrot,test,contamination,1,283,11,data/processed/carrot/test/contamination/011_depth.npy,data/processed/carrot/test/contamination/011_mask.npy,data/raw/carrot/test/contamination/gt/011.png,317.0,472.0,69.0,729.0,192,3.9385101795196538,outputs/metrics/classical_heatmaps/test/carrot/contamination/11_heatmap.npy,,1160,192,0.0226916372776031,outputs/metrics/autoencoder_heatmaps/test/carrot/contamination/11_heatmap.npy,,1160,1160,
carrot,test,contamination,1,284,12,data/processed/carrot/test/contamination/012_depth.npy,data/processed/carrot/test/contamination/012_mask.npy,data/raw/carrot/test/contamination/gt/012.png,285.0,464.0,61.0,719.0,189,19.374439239501953,outputs/metrics/classical_heatmaps/test/carrot/contamination/12_heatmap.npy,,1694,189,0.0118165528401732,outputs/metrics/autoencoder_heatmaps/test/carrot/contamination/12_heatmap.npy,,1694,1694,
carrot,test,contamination,1,285,13,data/processed/carrot/test/contamination/013_depth.npy,data/processed/carrot/test/contamination/013_mask.npy,data/raw/carrot/test/contamination/gt/013.png,296.0,469.0,147.0,636.0,172,5.511418342590332,outputs/metrics/classical_heatmaps/test/carrot/contamination/13_heatmap.npy,,2096,172,0.0382878184318542,outputs/metrics/autoencoder_heatmaps/test/carrot/contamination/13_heatmap.npy,,2096,2096,
carrot,test,contamination,1,286,14,data/processed/carrot/test/contamination/014_depth.npy,data/processed/carrot/test/contamination/014_mask.npy,data/raw/carrot/test/contamination/gt/014.png,336.0,473.0,139.0,634.0,194,0.738921046257019,outputs/metrics/classical_heatmaps/test/carrot/contamination/14_heatmap.npy,,448,194,0.0160124637186527,outputs/metrics/autoencoder_heatmaps/test/carrot/contamination/14_heatmap.npy,,448,448,
carrot,test,contamination,1,287,15,data/processed/carrot/test/contamination/015_depth.npy,data/processed/carrot/test/contamination/015_mask.npy,data/raw/carrot/test/contamination/gt/015.png,314.0,486.0,111.0,653.0,158,5.103487491607666,outputs/metrics/classical_heatmaps/test/carrot/contamination/15_heatmap.npy,,1406,158,0.0130524355918169,outputs/metrics/autoencoder_heatmaps/test/carrot/contamination/15_heatmap.npy,,1406,1406,
carrot,test,contamination,1,288,16,data/processed/carrot/test/contamination/016_depth.npy,data/processed/carrot/test/contamination/016_mask.npy,data/raw/carrot/test/contamination/gt/016.png,294.0,485.0,145.0,624.0,146,-10.212665557861328,outputs/metrics/classical_heatmaps/test/carrot/contamination/16_heatmap.npy,,370,146,0.0130060361698269,outputs/metrics/autoencoder_heatmaps/test/carrot/contamination/16_heatmap.npy,,370,370,
carrot,test,contamination,1,289,17,data/processed/carrot/test/contamination/017_depth.npy,data/processed/carrot/test/contamination/017_mask.npy,data/raw/carrot/test/contamination/gt/017.png,326.0,472.0,119.0,662.0,199,-9.467790603637695,outputs/metrics/classical_heatmaps/test/carrot/contamination/17_heatmap.npy,,485,199,0.0178211331367492,outputs/metrics/autoencoder_heatmaps/test/carrot/contamination/17_heatmap.npy,,485,485,
carrot,test,contamination,1,290,18,data/processed/carrot/test/contamination/018_depth.npy,data/processed/carrot/test/contamination/018_mask.npy,data/raw/carrot/test/contamination/gt/018.png,309.0,488.0,156.0,621.0,158,-2.5884158611297607,outputs/metrics/classical_heatmaps/test/carrot/contamination/18_heatmap.npy,,410,158,0.0137082338333129,outputs/metrics/autoencoder_heatmaps/test/carrot/contamination/18_heatmap.npy,,410,410,
carrot,test,contamination,1,291,19,data/processed/carrot/test/contamination/019_depth.npy,data/processed/carrot/test/contamination/019_mask.npy,data/raw/carrot/test/contamination/gt/019.png,329.0,462.0,106.0,699.0,210,-4.157191753387451,outputs/metrics/classical_heatmaps/test/carrot/contamination/19_heatmap.npy,,481,210,0.0132187427952885,outputs/metrics/autoencoder_heatmaps/test/carrot/contamination/19_heatmap.npy,,481,481,
carrot,test,contamination,1,292,20,data/processed/carrot/test/contamination/020_depth.npy,data/processed/carrot/test/contamination/020_mask.npy,data/raw/carrot/test/contamination/gt/020.png,335.0,483.0,109.0,673.0,190,1.951311111450195,outputs/metrics/classical_heatmaps/test/carrot/contamination/20_heatmap.npy,,606,190,0.0104959029704332,outputs/metrics/autoencoder_heatmaps/test/carrot/contamination/20_heatmap.npy,,606,606,
carrot,test,contamination,1,293,21,data/processed/carrot/test/contamination/021_depth.npy,data/processed/carrot/test/contamination/021_mask.npy,data/raw/carrot/test/contamination/gt/021.png,311.0,482.0,154.0,636.0,154,27.103139877319336,outputs/metrics/classical_heatmaps/test/carrot/contamination/21_heatmap.npy,,320,154,0.0133679956197738,outputs/metrics/autoencoder_heatmaps/test/carrot/contamination/21_heatmap.npy,,320,320,
carrot,test,contamination,1,294,22,data/processed/carrot/test/contamination/022_depth.npy,data/processed/carrot/test/contamination/022_mask.npy,data/raw/carrot/test/contamination/gt/022.png,333.0,459.0,123.0,654.0,190,-2.4619252681732178,outputs/metrics/classical_heatmaps/test/carrot/contamination/22_heatmap.npy,,1220,190,0.0149221988394856,outputs/metrics/autoencoder_heatmaps/test/carrot/contamination/22_heatmap.npy,,1220,1220,
carrot,test,contamination,1,295,23,data/processed/carrot/test/contamination/023_depth.npy,data/processed/carrot/test/contamination/023_mask.npy,data/raw/carrot/test/contamination/gt/023.png,313.0,480.0,95.0,693.0,170,-7.733274459838867,outputs/metrics/classical_heatmaps/test/carrot/contamination/23_heatmap.npy,,587,170,0.0257064495235681,outputs/metrics/autoencoder_heatmaps/test/carrot/contamination/23_heatmap.npy,,587,587,
carrot,test,contamination,1,296,24,data/processed/carrot/test/contamination/024_depth.npy,data/processed/carrot/test/contamination/024_mask.npy,data/raw/carrot/test/contamination/gt/024.png,335.0,507.0,187.0,620.0,177,1.610474705696106,outputs/metrics/classical_heatmaps/test/carrot/contamination/24_heatmap.npy,,1034,177,0.0145665816962718,outputs/metrics/autoencoder_heatmaps/test/carrot/contamination/24_heatmap.npy,,1034,1034,
carrot,test,contamination,1,297,25,data/processed/carrot/test/contamination/025_depth.npy,data/processed/carrot/test/contamination/025_mask.npy,data/raw/carrot/test/contamination/gt/025.png,314.0,473.0,105.0,668.0,172,1.238439679145813,outputs/metrics/classical_heatmaps/test/carrot/contamination/25_heatmap.npy,,675,172,0.0397179871797561,outputs/metrics/autoencoder_heatmaps/test/carrot/contamination/25_heatmap.npy,,675,675,
carrot,test,contamination,1,298,26,data/processed/carrot/test/contamination/026_depth.npy,data/processed/carrot/test/contamination/026_mask.npy,data/raw/carrot/test/contamination/gt/026.png,292.0,505.0,89.0,661.0,140,7.0360636711120605,outputs/metrics/classical_heatmaps/test/carrot/contamination/26_heatmap.npy,,193,140,0.0167554449290037,outputs/metrics/autoencoder_heatmaps/test/carrot/contamination/26_heatmap.npy,,193,193,
carrot,test,crack,1,299,0,data/processed/carrot/test/crack/000_depth.npy,data/processed/carrot/test/crack/000_mask.npy,data/raw/carrot/test/crack/gt/000.png,301.0,508.0,66.0,745.0,155,-8.88386058807373,outputs/metrics/classical_heatmaps/test/carrot/crack/0_heatmap.npy,,530,155,0.0143313016742467,outputs/metrics/autoencoder_heatmaps/test/carrot/crack/0_heatmap.npy,,530,530,
carrot,test,crack,1,300,1,data/processed/carrot/test/crack/001_depth.npy,data/processed/carrot/test/crack/001_mask.npy,data/raw/carrot/test/crack/gt/001.png,264.0,530.0,142.0,641.0,127,21.575984954833984,outputs/metrics/classical_heatmaps/test/carrot/crack/1_heatmap.npy,,1472,127,0.0287687014788389,outputs/metrics/autoencoder_heatmaps/test/carrot/crack/1_heatmap.npy,,1472,1472,
carrot,test,crack,1,301,2,data/processed/carrot/test/crack/002_depth.npy,data/processed/carrot/test/crack/002_mask.npy,data/raw/carrot/test/crack/gt/002.png,256.0,570.0,80.0,741.0,113,6.263759613037109,outputs/metrics/classical_heatmaps/test/carrot/crack/2_heatmap.npy,,422,113,0.0128747746348381,outputs/metrics/autoencoder_heatmaps/test/carrot/crack/2_heatmap.npy,,422,422,
carrot,test,crack,1,302,3,data/processed/carrot/test/crack/003_depth.npy,data/processed/carrot/test/crack/003_mask.npy,data/raw/carrot/test/crack/gt/003.png,327.0,476.0,73.0,728.0,213,51.174922943115234,outputs/metrics/classical_heatmaps/test/carrot/crack/3_heatmap.npy,,2948,213,0.0191319491714239,outputs/metrics/autoencoder_heatmaps/test/carrot/crack/3_heatmap.npy,,2948,2948,
carrot,test,crack,1,303,4,data/processed/carrot/test/crack/004_depth.npy,data/processed/carrot/test/crack/004_mask.npy,data/raw/carrot/test/crack/gt/004.png,328.0,525.0,145.0,654.0,153,26.476118087768555,outputs/metrics/classical_heatmaps/test/carrot/crack/4_heatmap.npy,,1439,153,0.021601228043437,outputs/metrics/autoencoder_heatmaps/test/carrot/crack/4_heatmap.npy,,1439,1439,
carrot,test,crack,1,304,5,data/processed/carrot/test/crack/005_depth.npy,data/processed/carrot/test/crack/005_mask.npy,data/raw/carrot/test/crack/gt/005.png,278.0,485.0,71.0,695.0,144,-1.919801950454712,outputs/metrics/classical_heatmaps/test/carrot/crack/5_heatmap.npy,,344,144,0.0128475297242403,outputs/metrics/autoencoder_heatmaps/test/carrot/crack/5_heatmap.npy,,344,344,
carrot,test,crack,1,305,6,data/processed/carrot/test/crack/006_depth.npy,data/processed/carrot/test/crack/006_mask.npy,data/raw/carrot/test/crack/gt/006.png,323.0,470.0,128.0,684.0,224,1.249386429786682,outputs/metrics/classical_heatmaps/test/carrot/crack/6_heatmap.npy,,2303,224,0.0172795485705137,outputs/metrics/autoencoder_heatmaps/test/carrot/crack/6_heatmap.npy,,2303,2303,
carrot,test,crack,1,306,7,data/processed/carrot/test/crack/007_depth.npy,data/processed/carrot/test/crack/007_mask.npy,data/raw/carrot/test/crack/gt/007.png,330.0,490.0,136.0,693.0,179,9.209141731262209,outputs/metrics/classical_heatmaps/test/carrot/crack/7_heatmap.npy,,1394,179,0.014447882771492,outputs/metrics/autoencoder_heatmaps/test/carrot/crack/7_heatmap.npy,,1394,1394,
carrot,test,crack,1,307,8,data/processed/carrot/test/crack/008_depth.npy,data/processed/carrot/test/crack/008_mask.npy,data/raw/carrot/test/crack/gt/008.png,336.0,487.0,107.0,783.0,198,49.82831954956055,outputs/metrics/classical_heatmaps/test/carrot/crack/8_heatmap.npy,,1409,198,0.0149176837876439,outputs/metrics/autoencoder_heatmaps/test/carrot/crack/8_heatmap.npy,,1409,1409,
carrot,test,crack,1,308,9,data/processed/carrot/test/crack/009_depth.npy,data/processed/carrot/test/crack/009_mask.npy,data/raw/carrot/test/crack/gt/009.png,322.0,464.0,89.0,751.0,203,2.987123966217041,outputs/metrics/classical_heatmaps/test/carrot/crack/9_heatmap.npy,,1091,203,0.0175793562084436,outputs/metrics/autoencoder_heatmaps/test/carrot/crack/9_heatmap.npy,,1091,1091,
carrot,test,crack,1,309,10,data/processed/carrot/test/crack/010_depth.npy,data/processed/carrot/test/crack/010_mask.npy,data/raw/carrot/test/crack/gt/010.png,301.0,448.0,148.0,593.0,179,2.4989237785339355,outputs/metrics/classical_heatmaps/test/carrot/crack/10_heatmap.npy,,2229,179,0.0309042129665613,outputs/metrics/autoencoder_heatmaps/test/carrot/crack/10_heatmap.npy,,2229,2229,
carrot,test,crack,1,310,11,data/processed/carrot/test/crack/011_depth.npy,data/processed/carrot/test/crack/011_mask.npy,data/raw/carrot/test/crack/gt/011.png,267.0,558.0,158.0,662.0,146,123.5871124267578,outputs/metrics/classical_heatmaps/test/carrot/crack/11_heatmap.npy,,506,146,0.0184912383556365,outputs/metrics/autoencoder_heatmaps/test/carrot/crack/11_heatmap.npy,,506,506,
carrot,test,crack,1,311,12,data/processed/carrot/test/crack/012_depth.npy,data/processed/carrot/test/crack/012_mask.npy,data/raw/carrot/test/crack/gt/012.png,321.0,529.0,187.0,649.0,140,8.34681510925293,outputs/metrics/classical_heatmaps/test/carrot/crack/12_heatmap.npy,,946,140,0.0209458786994218,outputs/metrics/autoencoder_heatmaps/test/carrot/crack/12_heatmap.npy,,946,946,
carrot,test,crack,1,312,13,data/processed/carrot/test/crack/013_depth.npy,data/processed/carrot/test/crack/013_mask.npy,data/raw/carrot/test/crack/gt/013.png,325.0,487.0,175.0,646.0,157,-8.447937965393066,outputs/metrics/classical_heatmaps/test/carrot/crack/13_heatmap.npy,,710,157,0.0184575188905,outputs/metrics/autoencoder_heatmaps/test/carrot/crack/13_heatmap.npy,,710,710,
carrot,test,crack,1,313,14,data/processed/carrot/test/crack/014_depth.npy,data/processed/carrot/test/crack/014_mask.npy,data/raw/carrot/test/crack/gt/014.png,330.0,455.0,131.0,659.0,195,2.292081832885742,outputs/metrics/classical_heatmaps/test/carrot/crack/14_heatmap.npy,,1422,195,0.024963092058897,outputs/metrics/autoencoder_heatmaps/test/carrot/crack/14_heatmap.npy,,1422,1422,
carrot,test,crack,1,314,15,data/processed/carrot/test/crack/015_depth.npy,data/processed/carrot/test/crack/015_mask.npy,data/raw/carrot/test/crack/gt/015.png,298.0,496.0,99.0,647.0,147,12.518482208251951,outputs/metrics/classical_heatmaps/test/carrot/crack/15_heatmap.npy,,639,147,0.0233112033456563,outputs/metrics/autoencoder_heatmaps/test/carrot/crack/15_heatmap.npy,,639,639,
carrot,test,crack,1,315,16,data/processed/carrot/test/crack/016_depth.npy,data/processed/carrot/test/crack/016_mask.npy,data/raw/carrot/test/crack/gt/016.png,320.0,472.0,155.0,621.0,179,-5.972228050231934,outputs/metrics/classical_heatmaps/test/carrot/crack/16_heatmap.npy,,1062,179,0.0141033213585615,outputs/metrics/autoencoder_heatmaps/test/carrot/crack/16_heatmap.npy,,1062,1062,
carrot,test,crack,1,316,17,data/processed/carrot/test/crack/017_depth.npy,data/processed/carrot/test/crack/017_mask.npy,data/raw/carrot/test/crack/gt/017.png,288.0,485.0,177.0,667.0,162,-2.7137646675109863,outputs/metrics/classical_heatmaps/test/carrot/crack/17_heatmap.npy,,623,162,0.0281513463705778,outputs/metrics/autoencoder_heatmaps/test/carrot/crack/17_heatmap.npy,,623,623,
carrot,test,crack,1,317,18,data/processed/carrot/test/crack/018_depth.npy,data/processed/carrot/test/crack/018_mask.npy,data/raw/carrot/test/crack/gt/018.png,329.0,470.0,134.0,639.0,196,-8.758407592773438,outputs/metrics/classical_heatmaps/test/carrot/crack/18_heatmap.npy,,867,196,0.0216580145061016,outputs/metrics/autoencoder_heatmaps/test/carrot/crack/18_heatmap.npy,,867,867,
carrot,test,crack,1,318,19,data/processed/carrot/test/crack/019_depth.npy,data/processed/carrot/test/crack/019_mask.npy,data/raw/carrot/test/crack/gt/019.png,317.0,489.0,167.0,621.0,156,52.635101318359375,outputs/metrics/classical_heatmaps/test/carrot/crack/19_heatmap.npy,,1217,156,0.0220722649246454,outputs/metrics/autoencoder_heatmaps/test/carrot/crack/19_heatmap.npy,,1217,1217,
carrot,test,crack,1,319,20,data/processed/carrot/test/crack/020_depth.npy,data/processed/carrot/test/crack/020_mask.npy,data/raw/carrot/test/crack/gt/020.png,293.0,530.0,85.0,701.0,131,6.079442024230957,outputs/metrics/classical_heatmaps/test/carrot/crack/20_heatmap.npy,,494,131,0.010697123594582,outputs/metrics/autoencoder_heatmaps/test/carrot/crack/20_heatmap.npy,,494,494,
carrot,test,crack,1,320,21,data/processed/carrot/test/crack/021_depth.npy,data/processed/carrot/test/crack/021_mask.npy,data/raw/carrot/test/crack/gt/021.png,282.0,442.0,139.0,692.0,182,14.106524467468262,outputs/metrics/classical_heatmaps/test/carrot/crack/21_heatmap.npy,,992,182,0.0191544983536005,outputs/metrics/autoencoder_heatmaps/test/carrot/crack/21_heatmap.npy,,992,992,
carrot,test,crack,1,321,22,data/processed/carrot/test/crack/022_depth.npy,data/processed/carrot/test/crack/022_mask.npy,data/raw/carrot/test/crack/gt/022.png,306.0,448.0,91.0,655.0,160,32.72507858276367,outputs/metrics/classical_heatmaps/test/carrot/crack/22_heatmap.npy,,934,160,0.0330332517623901,outputs/metrics/autoencoder_heatmaps/test/carrot/crack/22_heatmap.npy,,934,934,
carrot,test,crack,1,322,23,data/processed/carrot/test/crack/023_depth.npy,data/processed/carrot/test/crack/023_mask.npy,data/raw/carrot/test/crack/gt/023.png,299.0,486.0,42.0,703.0,151,12.012603759765623,outputs/metrics/classical_heatmaps/test/carrot/crack/23_heatmap.npy,,557,151,0.0218616873025894,outputs/metrics/autoencoder_heatmaps/test/carrot/crack/23_heatmap.npy,,557,557,
carrot,test,crack,1,323,24,data/processed/carrot/test/crack/024_depth.npy,data/processed/carrot/test/crack/024_mask.npy,data/raw/carrot/test/crack/gt/024.png,265.0,497.0,168.0,654.0,145,31.54145240783691,outputs/metrics/classical_heatmaps/test/carrot/crack/24_heatmap.npy,,488,145,0.0213805399835109,outputs/metrics/autoencoder_heatmaps/test/carrot/crack/24_heatmap.npy,,488,488,
carrot,test,crack,1,324,25,data/processed/carrot/test/crack/025_depth.npy,data/processed/carrot/test/crack/025_mask.npy,data/raw/carrot/test/crack/gt/025.png,329.0,480.0,75.0,650.0,197,-2.4091484546661377,outputs/metrics/classical_heatmaps/test/carrot/crack/25_heatmap.npy,,707,197,0.0131860701367259,outputs/metrics/autoencoder_heatmaps/test/carrot/crack/25_heatmap.npy,,707,707,
carrot,test,cut,1,325,0,data/processed/carrot/test/cut/000_depth.npy,data/processed/carrot/test/cut/000_mask.npy,data/raw/carrot/test/cut/gt/000.png,318.0,454.0,81.0,724.0,207,29.186485290527344,outputs/metrics/classical_heatmaps/test/carrot/cut/0_heatmap.npy,,1281,207,0.0139378253370523,outputs/metrics/autoencoder_heatmaps/test/carrot/cut/0_heatmap.npy,,1281,1281,
carrot,test,cut,1,326,1,data/processed/carrot/test/cut/001_depth.npy,data/processed/carrot/test/cut/001_mask.npy,data/raw/carrot/test/cut/gt/001.png,321.0,470.0,107.0,696.0,192,34.86711883544922,outputs/metrics/classical_heatmaps/test/carrot/cut/1_heatmap.npy,,1099,192,0.0108899679034948,outputs/metrics/autoencoder_heatmaps/test/carrot/cut/1_heatmap.npy,,1099,1099,
carrot,test,cut,1,327,2,data/processed/carrot/test/cut/002_depth.npy,data/processed/carrot/test/cut/002_mask.npy,data/raw/carrot/test/cut/gt/002.png,296.0,510.0,151.0,667.0,144,-4.639596462249756,outputs/metrics/classical_heatmaps/test/carrot/cut/2_heatmap.npy,,1335,144,0.0149957081303,outputs/metrics/autoencoder_heatmaps/test/carrot/cut/2_heatmap.npy,,1335,1335,
carrot,test,cut,1,328,3,data/processed/carrot/test/cut/003_depth.npy,data/processed/carrot/test/cut/003_mask.npy,data/raw/carrot/test/cut/gt/003.png,304.0,464.0,38.0,756.0,186,8.980816841125488,outputs/metrics/classical_heatmaps/test/carrot/cut/3_heatmap.npy,,1089,186,0.0126995174214243,outputs/metrics/autoencoder_heatmaps/test/carrot/cut/3_heatmap.npy,,1089,1089,
carrot,test,cut,1,329,4,data/processed/carrot/test/cut/004_depth.npy,data/processed/carrot/test/cut/004_mask.npy,data/raw/carrot/test/cut/gt/004.png,327.0,468.0,68.0,705.0,211,26.35120391845703,outputs/metrics/classical_heatmaps/test/carrot/cut/4_heatmap.npy,,2315,211,0.0127997705712914,outputs/metrics/autoencoder_heatmaps/test/carrot/cut/4_heatmap.npy,,2315,2315,
carrot,test,cut,1,330,5,data/processed/carrot/test/cut/005_depth.npy,data/processed/carrot/test/cut/005_mask.npy,data/raw/carrot/test/cut/gt/005.png,336.0,472.0,71.0,717.0,203,8.543791770935059,outputs/metrics/classical_heatmaps/test/carrot/cut/5_heatmap.npy,,2110,203,0.0148452380672097,outputs/metrics/autoencoder_heatmaps/test/carrot/cut/5_heatmap.npy,,2110,2110,
carrot,test,cut,1,331,6,data/processed/carrot/test/cut/006_depth.npy,data/processed/carrot/test/cut/006_mask.npy,data/raw/carrot/test/cut/gt/006.png,330.0,462.0,159.0,616.0,205,12.6756591796875,outputs/metrics/classical_heatmaps/test/carrot/cut/6_heatmap.npy,,2076,205,0.0138549963012337,outputs/metrics/autoencoder_heatmaps/test/carrot/cut/6_heatmap.npy,,2076,2076,
carrot,test,cut,1,332,7,data/processed/carrot/test/cut/007_depth.npy,data/processed/carrot/test/cut/007_mask.npy,data/raw/carrot/test/cut/gt/007.png,320.0,476.0,122.0,668.0,187,1.5874216556549072,outputs/metrics/classical_heatmaps/test/carrot/cut/7_heatmap.npy,,1227,187,0.0187444686889648,outputs/metrics/autoencoder_heatmaps/test/carrot/cut/7_heatmap.npy,,1227,1227,
carrot,test,cut,1,333,8,data/processed/carrot/test/cut/008_depth.npy,data/processed/carrot/test/cut/008_mask.npy,data/raw/carrot/test/cut/gt/008.png,240.0,519.0,115.0,669.0,121,-1.0590661764144895,outputs/metrics/classical_heatmaps/test/carrot/cut/8_heatmap.npy,,1462,121,0.0097867706790566,outputs/metrics/autoencoder_heatmaps/test/carrot/cut/8_heatmap.npy,,1462,1462,
carrot,test,cut,1,334,9,data/processed/carrot/test/cut/009_depth.npy,data/processed/carrot/test/cut/009_mask.npy,data/raw/carrot/test/cut/gt/009.png,295.0,565.0,131.0,663.0,127,28.37105178833008,outputs/metrics/classical_heatmaps/test/carrot/cut/9_heatmap.npy,,353,127,0.0305816791951656,outputs/metrics/autoencoder_heatmaps/test/carrot/cut/9_heatmap.npy,,353,353,
carrot,test,cut,1,335,10,data/processed/carrot/test/cut/010_depth.npy,data/processed/carrot/test/cut/010_mask.npy,data/raw/carrot/test/cut/gt/010.png,252.0,470.0,95.0,670.0,132,16.422527313232422,outputs/metrics/classical_heatmaps/test/carrot/cut/10_heatmap.npy,,959,132,0.015540113672614,outputs/metrics/autoencoder_heatmaps/test/carrot/cut/10_heatmap.npy,,959,959,
carrot,test,cut,1,336,11,data/processed/carrot/test/cut/011_depth.npy,data/processed/carrot/test/cut/011_mask.npy,data/raw/carrot/test/cut/gt/011.png,314.0,474.0,97.0,677.0,188,-6.125492572784424,outputs/metrics/classical_heatmaps/test/carrot/cut/11_heatmap.npy,,2028,188,0.0139654446393251,outputs/metrics/autoencoder_heatmaps/test/carrot/cut/11_heatmap.npy,,2028,2028,
carrot,test,cut,1,337,12,data/processed/carrot/test/cut/012_depth.npy,data/processed/carrot/test/cut/012_mask.npy,data/raw/carrot/test/cut/gt/012.png,335.0,529.0,103.0,706.0,153,33.0584716796875,outputs/metrics/classical_heatmaps/test/carrot/cut/12_heatmap.npy,,1101,153,0.0128707950934767,outputs/metrics/autoencoder_heatmaps/test/carrot/cut/12_heatmap.npy,,1101,1101,
carrot,test,cut,1,338,13,data/processed/carrot/test/cut/013_depth.npy,data/processed/carrot/test/cut/013_mask.npy,data/raw/carrot/test/cut/gt/013.png,305.0,480.0,129.0,675.0,189,7.589038848876953,outputs/metrics/classical_heatmaps/test/carrot/cut/13_heatmap.npy,,2827,189,0.0102923158556222,outputs/metrics/autoencoder_heatmaps/test/carrot/cut/13_heatmap.npy,,2827,2827,
carrot,test,cut,1,339,14,data/processed/carrot/test/cut/014_depth.npy,data/processed/carrot/test/cut/014_mask.npy,data/raw/carrot/test/cut/gt/014.png,297.0,508.0,83.0,708.0,159,-2.3521852493286133,outputs/metrics/classical_heatmaps/test/carrot/cut/14_heatmap.npy,,839,159,0.0167466029524803,outputs/metrics/autoencoder_heatmaps/test/carrot/cut/14_heatmap.npy,,839,839,
carrot,test,cut,1,340,15,data/processed/carrot/test/cut/015_depth.npy,data/processed/carrot/test/cut/015_mask.npy,data/raw/carrot/test/cut/gt/015.png,328.0,469.0,97.0,673.0,181,6.3599066734313965,outputs/metrics/classical_heatmaps/test/carrot/cut/15_heatmap.npy,,1543,181,0.0122774150222539,outputs/metrics/autoencoder_heatmaps/test/carrot/cut/15_heatmap.npy,,1543,1543,
carrot,test,cut,1,341,16,data/processed/carrot/test/cut/016_depth.npy,data/processed/carrot/test/cut/016_mask.npy,data/raw/carrot/test/cut/gt/016.png,338.0,489.0,142.0,631.0,214,16.70530128479004,outputs/metrics/classical_heatmaps/test/carrot/cut/16_heatmap.npy,,2322,214,0.0225078165531158,outputs/metrics/autoencoder_heatmaps/test/carrot/cut/16_heatmap.npy,,2322,2322,
carrot,test,cut,1,342,17,data/processed/carrot/test/cut/017_depth.npy,data/processed/carrot/test/cut/017_mask.npy,data/raw/carrot/test/cut/gt/017.png,334.0,466.0,69.0,700.0,199,-2.556198835372925,outputs/metrics/classical_heatmaps/test/carrot/cut/17_heatmap.npy,,1037,199,0.0147004844620823,outputs/metrics/autoencoder_heatmaps/test/carrot/cut/17_heatmap.npy,,1037,1037,
carrot,test,cut,1,343,18,data/processed/carrot/test/cut/018_depth.npy,data/processed/carrot/test/cut/018_mask.npy,data/raw/carrot/test/cut/gt/018.png,300.0,537.0,59.0,740.0,142,-2.756459951400757,outputs/metrics/classical_heatmaps/test/carrot/cut/18_heatmap.npy,,706,142,0.0106265153735876,outputs/metrics/autoencoder_heatmaps/test/carrot/cut/18_heatmap.npy,,706,706,
carrot,test,cut,1,344,19,data/processed/carrot/test/cut/019_depth.npy,data/processed/carrot/test/cut/019_mask.npy,data/raw/carrot/test/cut/gt/019.png,304.0,506.0,92.0,678.0,172,2.8889753818511963,outputs/metrics/classical_heatmaps/test/carrot/cut/19_heatmap.npy,,1125,172,0.0126974768936634,outputs/metrics/autoencoder_heatmaps/test/carrot/cut/19_heatmap.npy,,1125,1125,
carrot,test,cut,1,345,20,data/processed/carrot/test/cut/020_depth.npy,data/processed/carrot/test/cut/020_mask.npy,data/raw/carrot/test/cut/gt/020.png,306.0,497.0,85.0,697.0,161,42.22157287597656,outputs/metrics/classical_heatmaps/test/carrot/cut/20_heatmap.npy,,849,161,0.0314740315079689,outputs/metrics/autoencoder_heatmaps/test/carrot/cut/20_heatmap.npy,,849,849,
carrot,test,cut,1,346,21,data/processed/carrot/test/cut/021_depth.npy,data/processed/carrot/test/cut/021_mask.npy,data/raw/carrot/test/cut/gt/021.png,292.0,473.0,104.0,673.0,152,8.523747444152832,outputs/metrics/classical_heatmaps/test/carrot/cut/21_heatmap.npy,,1032,152,0.0141012798994779,outputs/metrics/autoencoder_heatmaps/test/carrot/cut/21_heatmap.npy,,1032,1032,
carrot,test,cut,1,347,22,data/processed/carrot/test/cut/022_depth.npy,data/processed/carrot/test/cut/022_mask.npy,data/raw/carrot/test/cut/gt/022.png,310.0,463.0,65.0,689.0,187,-3.0413763523101807,outputs/metrics/classical_heatmaps/test/carrot/cut/22_heatmap.npy,,736,187,0.0103613706305623,outputs/metrics/autoencoder_heatmaps/test/carrot/cut/22_heatmap.npy,,736,736,
carrot,test,cut,1,348,23,data/processed/carrot/test/cut/023_depth.npy,data/processed/carrot/test/cut/023_mask.npy,data/raw/carrot/test/cut/gt/023.png,288.0,513.0,127.0,677.0,151,21.00679588317871,outputs/metrics/classical_heatmaps/test/carrot/cut/23_heatmap.npy,,1458,151,0.0113341575488448,outputs/metrics/autoencoder_heatmaps/test/carrot/cut/23_heatmap.npy,,1458,1458,
carrot,test,cut,1,349,24,data/processed/carrot/test/cut/024_depth.npy,data/processed/carrot/test/cut/024_mask.npy,data/raw/carrot/test/cut/gt/024.png,311.0,527.0,138.0,695.0,143,-4.615157127380371,outputs/metrics/classical_heatmaps/test/carrot/cut/24_heatmap.npy,,535,143,0.0119044799357652,outputs/metrics/autoencoder_heatmaps/test/carrot/cut/24_heatmap.npy,,535,535,
carrot,test,cut,1,350,25,data/processed/carrot/test/cut/025_depth.npy,data/processed/carrot/test/cut/025_mask.npy,data/raw/carrot/test/cut/gt/025.png,306.0,519.0,137.0,650.0,153,24.650718688964844,outputs/metrics/classical_heatmaps/test/carrot/cut/25_heatmap.npy,,841,153,0.0200410597026348,outputs/metrics/autoencoder_heatmaps/test/carrot/cut/25_heatmap.npy,,841,841,
carrot,test,hole,1,351,0,data/processed/carrot/test/hole/000_depth.npy,data/processed/carrot/test/hole/000_mask.npy,data/raw/carrot/test/hole/gt/000.png,331.0,500.0,130.0,680.0,151,19.508813858032227,outputs/metrics/classical_heatmaps/test/carrot/hole/0_heatmap.npy,,517,151,0.0361440293490886,outputs/metrics/autoencoder_heatmaps/test/carrot/hole/0_heatmap.npy,,517,517,
carrot,test,hole,1,352,1,data/processed/carrot/test/hole/001_depth.npy,data/processed/carrot/test/hole/001_mask.npy,data/raw/carrot/test/hole/gt/001.png,308.0,520.0,168.0,656.0,144,-3.9295215606689458,outputs/metrics/classical_heatmaps/test/carrot/hole/1_heatmap.npy,,351,144,0.0127937793731689,outputs/metrics/autoencoder_heatmaps/test/carrot/hole/1_heatmap.npy,,351,351,
carrot,test,hole,1,353,2,data/processed/carrot/test/hole/002_depth.npy,data/processed/carrot/test/hole/002_mask.npy,data/raw/carrot/test/hole/gt/002.png,292.0,496.0,152.0,622.0,136,22.41081428527832,outputs/metrics/classical_heatmaps/test/carrot/hole/2_heatmap.npy,,338,136,0.0246118754148483,outputs/metrics/autoencoder_heatmaps/test/carrot/hole/2_heatmap.npy,,338,338,
carrot,test,hole,1,354,3,data/processed/carrot/test/hole/003_depth.npy,data/processed/carrot/test/hole/003_mask.npy,data/raw/carrot/test/hole/gt/003.png,339.0,478.0,124.0,635.0,197,1.940431237220764,outputs/metrics/classical_heatmaps/test/carrot/hole/3_heatmap.npy,,523,197,0.01716810464859,outputs/metrics/autoencoder_heatmaps/test/carrot/hole/3_heatmap.npy,,523,523,
carrot,test,hole,1,355,4,data/processed/carrot/test/hole/004_depth.npy,data/processed/carrot/test/hole/004_mask.npy,data/raw/carrot/test/hole/gt/004.png,327.0,478.0,150.0,601.0,180,9.95995044708252,outputs/metrics/classical_heatmaps/test/carrot/hole/4_heatmap.npy,,385,180,0.0243067201226949,outputs/metrics/autoencoder_heatmaps/test/carrot/hole/4_heatmap.npy,,385,385,
carrot,test,hole,1,356,5,data/processed/carrot/test/hole/005_depth.npy,data/processed/carrot/test/hole/005_mask.npy,data/raw/carrot/test/hole/gt/005.png,462.0,647.0,351.0,722.0,153,101.6514663696289,outputs/metrics/classical_heatmaps/test/carrot/hole/5_heatmap.npy,,0,153,0.0235149450600147,outputs/metrics/autoencoder_heatmaps/test/carrot/hole/5_heatmap.npy,,0,0,
carrot,test,hole,1,357,6,data/processed/carrot/test/hole/006_depth.npy,data/processed/carrot/test/hole/006_mask.npy,data/raw/carrot/test/hole/gt/006.png,331.0,474.0,211.0,556.0,167,1.4384496212005615,outputs/metrics/classical_heatmaps/test/carrot/hole/6_heatmap.npy,,1124,167,0.0172644164413213,outputs/metrics/autoencoder_heatmaps/test/carrot/hole/6_heatmap.npy,,1124,1124,
carrot,test,hole,1,358,7,data/processed/carrot/test/hole/007_depth.npy,data/processed/carrot/test/hole/007_mask.npy,data/raw/carrot/test/hole/gt/007.png,325.0,454.0,199.0,612.0,172,-1.1964730024337769,outputs/metrics/classical_heatmaps/test/carrot/hole/7_heatmap.npy,,656,172,0.0131374113261699,outputs/metrics/autoencoder_heatmaps/test/carrot/hole/7_heatmap.npy,,656,656,
carrot,test,hole,1,359,8,data/processed/carrot/test/hole/008_depth.npy,data/processed/carrot/test/hole/008_mask.npy,data/raw/carrot/test/hole/gt/008.png,330.0,462.0,203.0,599.0,184,37.42960357666016,outputs/metrics/classical_heatmaps/test/carrot/hole/8_heatmap.npy,,951,184,0.0372347496449947,outputs/metrics/autoencoder_heatmaps/test/carrot/hole/8_heatmap.npy,,951,951,
carrot,test,hole,1,360,9,data/processed/carrot/test/hole/009_depth.npy,data/processed/carrot/test/hole/009_mask.npy,data/raw/carrot/test/hole/gt/009.png,296.0,441.0,199.0,605.0,174,127.17168426513672,outputs/metrics/classical_heatmaps/test/carrot/hole/9_heatmap.npy,,549,174,0.0236077792942523,outputs/metrics/autoencoder_heatmaps/test/carrot/hole/9_heatmap.npy,,549,549,
carrot,test,hole,1,361,10,data/processed/carrot/test/hole/010_depth.npy,data/processed/carrot/test/hole/010_mask.npy,data/raw/carrot/test/hole/gt/010.png,340.0,486.0,173.0,649.0,178,-6.393655300140381,outputs/metrics/classical_heatmaps/test/carrot/hole/10_heatmap.npy,,437,178,0.0195910260081291,outputs/metrics/autoencoder_heatmaps/test/carrot/hole/10_heatmap.npy,,437,437,
carrot,test,hole,1,362,11,data/processed/carrot/test/hole/011_depth.npy,data/processed/carrot/test/hole/011_mask.npy,data/raw/carrot/test/hole/gt/011.png,355.0,490.0,121.0,706.0,184,4.8006744384765625,outputs/metrics/classical_heatmaps/test/carrot/hole/11_heatmap.npy,,392,184,0.0178131535649299,outputs/metrics/autoencoder_heatmaps/test/carrot/hole/11_heatmap.npy,,392,392,
carrot,test,hole,1,363,12,data/processed/carrot/test/hole/012_depth.npy,data/processed/carrot/test/hole/012_mask.npy,data/raw/carrot/test/hole/gt/012.png,337.0,450.0,164.0,632.0,193,1.0008602142333984,outputs/metrics/classical_heatmaps/test/carrot/hole/12_heatmap.npy,,744,193,0.0158878974616527,outputs/metrics/autoencoder_heatmaps/test/carrot/hole/12_heatmap.npy,,744,744,
carrot,test,hole,1,364,13,data/processed/carrot/test/hole/013_depth.npy,data/processed/carrot/test/hole/013_mask.npy,data/raw/carrot/test/hole/gt/013.png,322.0,468.0,135.0,650.0,186,32.13511276245117,outputs/metrics/classical_heatmaps/test/carrot/hole/13_heatmap.npy,,841,186,0.0411203354597091,outputs/metrics/autoencoder_heatmaps/test/carrot/hole/13_heatmap.npy,,841,841,
carrot,test,hole,1,365,14,data/processed/carrot/test/hole/014_depth.npy,data/processed/carrot/test/hole/014_mask.npy,data/raw/carrot/test/hole/gt/014.png,335.0,474.0,97.0,695.0,209,2.363128662109375,outputs/metrics/classical_heatmaps/test/carrot/hole/14_heatmap.npy,,434,209,0.0108959376811981,outputs/metrics/autoencoder_heatmaps/test/carrot/hole/14_heatmap.npy,,434,434,
carrot,test,hole,1,366,15,data/processed/carrot/test/hole/015_depth.npy,data/processed/carrot/test/hole/015_mask.npy,data/raw/carrot/test/hole/gt/015.png,325.0,463.0,73.0,685.0,193,7.400008201599121,outputs/metrics/classical_heatmaps/test/carrot/hole/15_heatmap.npy,,286,193,0.0120348250493407,outputs/metrics/autoencoder_heatmaps/test/carrot/hole/15_heatmap.npy,,286,286,
carrot,test,hole,1,367,16,data/processed/carrot/test/hole/016_depth.npy,data/processed/carrot/test/hole/016_mask.npy,data/raw/carrot/test/hole/gt/016.png,328.0,454.0,93.0,700.0,225,-5.895375728607178,outputs/metrics/classical_heatmaps/test/carrot/hole/16_heatmap.npy,,512,225,0.021647797897458,outputs/metrics/autoencoder_heatmaps/test/carrot/hole/16_heatmap.npy,,512,512,
carrot,test,hole,1,368,17,data/processed/carrot/test/hole/017_depth.npy,data/processed/carrot/test/hole/017_mask.npy,data/raw/carrot/test/hole/gt/017.png,310.0,448.0,108.0,639.0,191,8.720301628112793,outputs/metrics/classical_heatmaps/test/carrot/hole/17_heatmap.npy,,527,191,0.012313631363213,outputs/metrics/autoencoder_heatmaps/test/carrot/hole/17_heatmap.npy,,527,527,
carrot,test,hole,1,369,18,data/processed/carrot/test/hole/018_depth.npy,data/processed/carrot/test/hole/018_mask.npy,data/raw/carrot/test/hole/gt/018.png,271.0,470.0,110.0,632.0,163,5.50250768661499,outputs/metrics/classical_heatmaps/test/carrot/hole/18_heatmap.npy,,385,163,0.0128372376784682,outputs/metrics/autoencoder_heatmaps/test/carrot/hole/18_heatmap.npy,,385,385,
carrot,test,hole,1,370,19,data/processed/carrot/test/hole/019_depth.npy,data/processed/carrot/test/hole/019_mask.npy,data/raw/carrot/test/hole/gt/019.png,331.0,472.0,132.0,639.0,196,12.230929374694824,outputs/metrics/classical_heatmaps/test/carrot/hole/19_heatmap.npy,,935,196,0.018147550523281,outputs/metrics/autoencoder_heatmaps/test/carrot/hole/19_heatmap.npy,,935,935,
carrot,test,hole,1,371,20,data/processed/carrot/test/hole/020_depth.npy,data/processed/carrot/test/hole/020_mask.npy,data/raw/carrot/test/hole/gt/020.png,336.0,464.0,97.0,673.0,197,-7.39469051361084,outputs/metrics/classical_heatmaps/test/carrot/hole/20_heatmap.npy,,547,197,0.01539355982095,outputs/metrics/autoencoder_heatmaps/test/carrot/hole/20_heatmap.npy,,547,547,
carrot,test,hole,1,372,21,data/processed/carrot/test/hole/021_depth.npy,data/processed/carrot/test/hole/021_mask.npy,data/raw/carrot/test/hole/gt/021.png,329.0,455.0,72.0,676.0,212,-2.5290322303771973,outputs/metrics/classical_heatmaps/test/carrot/hole/21_heatmap.npy,,964,212,0.0172691028565168,outputs/metrics/autoencoder_heatmaps/test/carrot/hole/21_heatmap.npy,,964,964,
carrot,test,hole,1,373,22,data/processed/carrot/test/hole/022_depth.npy,data/processed/carrot/test/hole/022_mask.npy,data/raw/carrot/test/hole/gt/022.png,333.0,497.0,138.0,627.0,160,0.3121346533298492,outputs/metrics/classical_heatmaps/test/carrot/hole/22_heatmap.npy,,550,160,0.0098853334784507,outputs/metrics/autoencoder_heatmaps/test/carrot/hole/22_heatmap.npy,,550,550,
carrot,test,hole,1,374,23,data/processed/carrot/test/hole/023_depth.npy,data/processed/carrot/test/hole/023_mask.npy,data/raw/carrot/test/hole/gt/023.png,302.0,498.0,107.0,662.0,172,0.2284331321716308,outputs/metrics/classical_heatmaps/test/carrot/hole/23_heatmap.npy,,340,172,0.0102909971028566,outputs/metrics/autoencoder_heatmaps/test/carrot/hole/23_heatmap.npy,,340,340,
carrot,test,hole,1,375,24,data/processed/carrot/test/hole/024_depth.npy,data/processed/carrot/test/hole/024_mask.npy,data/raw/carrot/test/hole/gt/024.png,355.0,474.0,142.0,672.0,207,-1.6170082092285156,outputs/metrics/classical_heatmaps/test/carrot/hole/24_heatmap.npy,,468,207,0.0121748624369502,outputs/metrics/autoencoder_heatmaps/test/carrot/hole/24_heatmap.npy,,468,468,
carrot,test,hole,1,376,25,data/processed/carrot/test/hole/025_depth.npy,data/processed/carrot/test/hole/025_mask.npy,data/raw/carrot/test/hole/gt/025.png,346.0,520.0,128.0,641.0,163,-0.6330682635307312,outputs/metrics/classical_heatmaps/test/carrot/hole/25_heatmap.npy,,359,163,0.0132573591545224,outputs/metrics/autoencoder_heatmaps/test/carrot/hole/25_heatmap.npy,,359,359,
cookie,test,good,0,377,0,data/processed/cookie/test/good/000_depth.npy,data/processed/cookie/test/good/000_mask.npy,data/raw/cookie/test/good/gt/000.png,59.0,425.0,61.0,437.0,213,3.673794746398926,outputs/metrics/classical_heatmaps/test/cookie/good/0_heatmap.npy,fig/04_classical/test_heatmaps/cookie/good/0_heatmap.png,0,213,0.0113979335874319,outputs/metrics/autoencoder_heatmaps/test/cookie/good/0_heatmap.npy,fig/05_autoencoder/test_heatmaps/cookie/good/0_heatmap.png,0,0,
cookie,test,good,0,378,1,data/processed/cookie/test/good/001_depth.npy,data/processed/cookie/test/good/001_mask.npy,data/raw/cookie/test/good/gt/001.png,63.0,436.0,60.0,470.0,207,2.014131784439087,outputs/metrics/classical_heatmaps/test/cookie/good/1_heatmap.npy,,0,207,0.0137927671894431,outputs/metrics/autoencoder_heatmaps/test/cookie/good/1_heatmap.npy,,0,0,
cookie,test,good,0,379,2,data/processed/cookie/test/good/002_depth.npy,data/processed/cookie/test/good/002_mask.npy,data/raw/cookie/test/good/gt/002.png,68.0,435.0,55.0,441.0,216,1.358317255973816,outputs/metrics/classical_heatmaps/test/cookie/good/2_heatmap.npy,,0,216,0.0099278045818209,outputs/metrics/autoencoder_heatmaps/test/cookie/good/2_heatmap.npy,,0,0,
cookie,test,good,0,380,3,data/processed/cookie/test/good/003_depth.npy,data/processed/cookie/test/good/003_mask.npy,data/raw/cookie/test/good/gt/003.png,59.0,449.0,60.0,434.0,213,0.1236549094319343,outputs/metrics/classical_heatmaps/test/cookie/good/3_heatmap.npy,,0,213,0.0126835023984313,outputs/metrics/autoencoder_heatmaps/test/cookie/good/3_heatmap.npy,,0,0,
cookie,test,good,0,381,4,data/processed/cookie/test/good/004_depth.npy,data/processed/cookie/test/good/004_mask.npy,data/raw/cookie/test/good/gt/004.png,64.0,444.0,62.0,441.0,200,-5.729398727416992,outputs/metrics/classical_heatmaps/test/cookie/good/4_heatmap.npy,,0,200,0.0082873934879899,outputs/metrics/autoencoder_heatmaps/test/cookie/good/4_heatmap.npy,,0,0,
cookie,test,good,0,382,5,data/processed/cookie/test/good/005_depth.npy,data/processed/cookie/test/good/005_mask.npy,data/raw/cookie/test/good/gt/005.png,63.0,430.0,57.0,442.0,216,-0.4194145202636719,outputs/metrics/classical_heatmaps/test/cookie/good/5_heatmap.npy,,0,216,0.0120973410084843,outputs/metrics/autoencoder_heatmaps/test/cookie/good/5_heatmap.npy,,0,0,
cookie,test,good,0,383,6,data/processed/cookie/test/good/006_depth.npy,data/processed/cookie/test/good/006_mask.npy,data/raw/cookie/test/good/gt/006.png,66.0,439.0,58.0,440.0,219,-0.9611057639122008,outputs/metrics/classical_heatmaps/test/cookie/good/6_heatmap.npy,,0,219,0.0139360455796122,outputs/metrics/autoencoder_heatmaps/test/cookie/good/6_heatmap.npy,,0,0,
cookie,test,good,0,384,7,data/processed/cookie/test/good/007_depth.npy,data/processed/cookie/test/good/007_mask.npy,data/raw/cookie/test/good/gt/007.png,64.0,433.0,56.0,436.0,216,-0.7217717170715332,outputs/metrics/classical_heatmaps/test/cookie/good/7_heatmap.npy,,0,216,0.0104769337922334,outputs/metrics/autoencoder_heatmaps/test/cookie/good/7_heatmap.npy,,0,0,
cookie,test,good,0,385,8,data/processed/cookie/test/good/008_depth.npy,data/processed/cookie/test/good/008_mask.npy,data/raw/cookie/test/good/gt/008.png,73.0,438.0,60.0,443.0,214,-6.42399787902832,outputs/metrics/classical_heatmaps/test/cookie/good/8_heatmap.npy,,0,214,0.0079915439710021,outputs/metrics/autoencoder_heatmaps/test/cookie/good/8_heatmap.npy,,0,0,fig/06_results/cookie/good/8_comparison.png
cookie,test,good,0,386,9,data/processed/cookie/test/good/009_depth.npy,data/processed/cookie/test/good/009_mask.npy,data/raw/cookie/test/good/gt/009.png,62.0,427.0,54.0,439.0,218,-0.6992811560630798,outputs/metrics/classical_heatmaps/test/cookie/good/9_heatmap.npy,,0,218,0.0092506436631083,outputs/metrics/autoencoder_heatmaps/test/cookie/good/9_heatmap.npy,,0,0,
cookie,test,good,0,387,10,data/processed/cookie/test/good/010_depth.npy,data/processed/cookie/test/good/010_mask.npy,data/raw/cookie/test/good/gt/010.png,69.0,437.0,53.0,437.0,219,0.2232244610786438,outputs/metrics/classical_heatmaps/test/cookie/good/10_heatmap.npy,,0,219,0.0084977382794022,outputs/metrics/autoencoder_heatmaps/test/cookie/good/10_heatmap.npy,,0,0,
cookie,test,good,0,388,11,data/processed/cookie/test/good/011_depth.npy,data/processed/cookie/test/good/011_mask.npy,data/raw/cookie/test/good/gt/011.png,70.0,431.0,55.0,449.0,217,1.2854212522506714,outputs/metrics/classical_heatmaps/test/cookie/good/11_heatmap.npy,,0,217,0.0112436255440115,outputs/metrics/autoencoder_heatmaps/test/cookie/good/11_heatmap.npy,,0,0,
cookie,test,good,0,389,12,data/processed/cookie/test/good/012_depth.npy,data/processed/cookie/test/good/012_mask.npy,data/raw/cookie/test/good/gt/012.png,61.0,428.0,42.0,437.0,216,4.154608249664307,outputs/metrics/classical_heatmaps/test/cookie/good/12_heatmap.npy,,0,216,0.0109225139021873,outputs/metrics/autoencoder_heatmaps/test/cookie/good/12_heatmap.npy,,0,0,
cookie,test,good,0,390,13,data/processed/cookie/test/good/013_depth.npy,data/processed/cookie/test/good/013_mask.npy,data/raw/cookie/test/good/gt/013.png,72.0,437.0,53.0,435.0,220,-2.107990026473999,outputs/metrics/classical_heatmaps/test/cookie/good/13_heatmap.npy,,0,220,0.009789072908461,outputs/metrics/autoencoder_heatmaps/test/cookie/good/13_heatmap.npy,,0,0,
cookie,test,good,0,391,14,data/processed/cookie/test/good/014_depth.npy,data/processed/cookie/test/good/014_mask.npy,data/raw/cookie/test/good/gt/014.png,72.0,434.0,48.0,432.0,217,3.018113851547241,outputs/metrics/classical_heatmaps/test/cookie/good/14_heatmap.npy,,0,217,0.0135963046923279,outputs/metrics/autoencoder_heatmaps/test/cookie/good/14_heatmap.npy,,0,0,
cookie,test,good,0,392,15,data/processed/cookie/test/good/015_depth.npy,data/processed/cookie/test/good/015_mask.npy,data/raw/cookie/test/good/gt/015.png,69.0,433.0,55.0,500.0,201,41.35580825805664,outputs/metrics/classical_heatmaps/test/cookie/good/15_heatmap.npy,,0,201,0.0102092791348695,outputs/metrics/autoencoder_heatmaps/test/cookie/good/15_heatmap.npy,,0,0,
cookie,test,good,0,393,16,data/processed/cookie/test/good/016_depth.npy,data/processed/cookie/test/good/016_mask.npy,data/raw/cookie/test/good/gt/016.png,69.0,435.0,53.0,500.0,200,46.141136169433594,outputs/metrics/classical_heatmaps/test/cookie/good/16_heatmap.npy,,0,200,0.0152762411162257,outputs/metrics/autoencoder_heatmaps/test/cookie/good/16_heatmap.npy,,0,0,
cookie,test,good,0,394,17,data/processed/cookie/test/good/017_depth.npy,data/processed/cookie/test/good/017_mask.npy,data/raw/cookie/test/good/gt/017.png,68.0,438.0,46.0,500.0,197,44.770538330078125,outputs/metrics/classical_heatmaps/test/cookie/good/17_heatmap.npy,,0,197,0.0089143197983503,outputs/metrics/autoencoder_heatmaps/test/cookie/good/17_heatmap.npy,,0,0,
cookie,test,good,0,395,18,data/processed/cookie/test/good/018_depth.npy,data/processed/cookie/test/good/018_mask.npy,data/raw/cookie/test/good/gt/018.png,77.0,441.0,49.0,500.0,200,46.53248977661133,outputs/metrics/classical_heatmaps/test/cookie/good/18_heatmap.npy,,0,200,0.0098192254081368,outputs/metrics/autoencoder_heatmaps/test/cookie/good/18_heatmap.npy,,0,0,
cookie,test,good,0,396,19,data/processed/cookie/test/good/019_depth.npy,data/processed/cookie/test/good/019_mask.npy,data/raw/cookie/test/good/gt/019.png,65.0,427.0,62.0,500.0,202,41.791263580322266,outputs/metrics/classical_heatmaps/test/cookie/good/19_heatmap.npy,,0,202,0.013572440482676,outputs/metrics/autoencoder_heatmaps/test/cookie/good/19_heatmap.npy,,0,0,
cookie,test,good,0,397,20,data/processed/cookie/test/good/020_depth.npy,data/processed/cookie/test/good/020_mask.npy,data/raw/cookie/test/good/gt/020.png,67.0,433.0,54.0,500.0,204,37.53797912597656,outputs/metrics/classical_heatmaps/test/cookie/good/20_heatmap.npy,,0,204,0.0121780224144458,outputs/metrics/autoencoder_heatmaps/test/cookie/good/20_heatmap.npy,,0,0,
cookie,test,good,0,398,21,data/processed/cookie/test/good/021_depth.npy,data/processed/cookie/test/good/021_mask.npy,data/raw/cookie/test/good/gt/021.png,70.0,434.0,63.0,500.0,198,55.38060760498047,outputs/metrics/classical_heatmaps/test/cookie/good/21_heatmap.npy,,0,198,0.0126639083027839,outputs/metrics/autoencoder_heatmaps/test/cookie/good/21_heatmap.npy,,0,0,
cookie,test,good,0,399,22,data/processed/cookie/test/good/022_depth.npy,data/processed/cookie/test/good/022_mask.npy,data/raw/cookie/test/good/gt/022.png,71.0,435.0,55.0,500.0,199,43.866886138916016,outputs/metrics/classical_heatmaps/test/cookie/good/22_heatmap.npy,,0,199,0.0116038490086793,outputs/metrics/autoencoder_heatmaps/test/cookie/good/22_heatmap.npy,,0,0,
cookie,test,good,0,400,23,data/processed/cookie/test/good/023_depth.npy,data/processed/cookie/test/good/023_mask.npy,data/raw/cookie/test/good/gt/023.png,69.0,436.0,48.0,500.0,200,45.00414276123047,outputs/metrics/classical_heatmaps/test/cookie/good/23_heatmap.npy,,0,200,0.0118925226852297,outputs/metrics/autoencoder_heatmaps/test/cookie/good/23_heatmap.npy,,0,0,
cookie,test,good,0,401,24,data/processed/cookie/test/good/024_depth.npy,data/processed/cookie/test/good/024_mask.npy,data/raw/cookie/test/good/gt/024.png,66.0,435.0,50.0,500.0,198,35.38713836669922,outputs/metrics/classical_heatmaps/test/cookie/good/24_heatmap.npy,,0,198,0.0120851919054985,outputs/metrics/autoencoder_heatmaps/test/cookie/good/24_heatmap.npy,,0,0,
cookie,test,good,0,402,25,data/processed/cookie/test/good/025_depth.npy,data/processed/cookie/test/good/025_mask.npy,data/raw/cookie/test/good/gt/025.png,66.0,442.0,43.0,500.0,197,36.25569534301758,outputs/metrics/classical_heatmaps/test/cookie/good/25_heatmap.npy,,0,197,0.0082898186519742,outputs/metrics/autoencoder_heatmaps/test/cookie/good/25_heatmap.npy,,0,0,
cookie,test,good,0,403,26,data/processed/cookie/test/good/026_depth.npy,data/processed/cookie/test/good/026_mask.npy,data/raw/cookie/test/good/gt/026.png,61.0,419.0,43.0,500.0,208,35.39180374145508,outputs/metrics/classical_heatmaps/test/cookie/good/26_heatmap.npy,,0,208,0.0120394770056009,outputs/metrics/autoencoder_heatmaps/test/cookie/good/26_heatmap.npy,,0,0,
cookie,test,good,0,404,27,data/processed/cookie/test/good/027_depth.npy,data/processed/cookie/test/good/027_mask.npy,data/raw/cookie/test/good/gt/027.png,64.0,423.0,46.0,500.0,200,29.105640411376953,outputs/metrics/classical_heatmaps/test/cookie/good/27_heatmap.npy,,0,200,0.0111670549958944,outputs/metrics/autoencoder_heatmaps/test/cookie/good/27_heatmap.npy,,0,0,
cookie,test,combined,1,405,0,data/processed/cookie/test/combined/000_depth.npy,data/processed/cookie/test/combined/000_mask.npy,data/raw/cookie/test/combined/gt/000.png,51.0,427.0,53.0,464.0,219,53.00076675415039,outputs/metrics/classical_heatmaps/test/cookie/combined/0_heatmap.npy,fig/04_classical/test_heatmaps/cookie/combined/0_heatmap.png,1316,219,0.020942497998476,outputs/metrics/autoencoder_heatmaps/test/cookie/combined/0_heatmap.npy,fig/05_autoencoder/test_heatmaps/cookie/combined/0_heatmap.png,1316,1316,
cookie,test,combined,1,406,1,data/processed/cookie/test/combined/001_depth.npy,data/processed/cookie/test/combined/001_mask.npy,data/raw/cookie/test/combined/gt/001.png,50.0,433.0,49.0,440.0,220,39.089202880859375,outputs/metrics/classical_heatmaps/test/cookie/combined/1_heatmap.npy,fig/04_classical/test_heatmaps/cookie/combined/1_heatmap.png,1199,220,0.033606581389904,outputs/metrics/autoencoder_heatmaps/test/cookie/combined/1_heatmap.npy,fig/05_autoencoder/test_heatmaps/cookie/combined/1_heatmap.png,1199,1199,
cookie,test,combined,1,407,2,data/processed/cookie/test/combined/002_depth.npy,data/processed/cookie/test/combined/002_mask.npy,data/raw/cookie/test/combined/gt/002.png,51.0,433.0,47.0,440.0,222,47.37677001953125,outputs/metrics/classical_heatmaps/test/cookie/combined/2_heatmap.npy,fig/04_classical/test_heatmaps/cookie/combined/2_heatmap.png,1384,222,0.020246285945177,outputs/metrics/autoencoder_heatmaps/test/cookie/combined/2_heatmap.npy,fig/05_autoencoder/test_heatmaps/cookie/combined/2_heatmap.png,1384,1384,
cookie,test,combined,1,408,3,data/processed/cookie/test/combined/003_depth.npy,data/processed/cookie/test/combined/003_mask.npy,data/raw/cookie/test/combined/gt/003.png,53.0,425.0,51.0,432.0,221,32.102054595947266,outputs/metrics/classical_heatmaps/test/cookie/combined/3_heatmap.npy,,3550,221,0.0190938618034124,outputs/metrics/autoencoder_heatmaps/test/cookie/combined/3_heatmap.npy,,3550,3550,
cookie,test,combined,1,409,4,data/processed/cookie/test/combined/004_depth.npy,data/processed/cookie/test/combined/004_mask.npy,data/raw/cookie/test/combined/gt/004.png,49.0,433.0,43.0,438.0,213,54.88555908203125,outputs/metrics/classical_heatmaps/test/cookie/combined/4_heatmap.npy,,1367,213,0.0239836275577545,outputs/metrics/autoencoder_heatmaps/test/cookie/combined/4_heatmap.npy,,1367,1367,
cookie,test,combined,1,410,5,data/processed/cookie/test/combined/005_depth.npy,data/processed/cookie/test/combined/005_mask.npy,data/raw/cookie/test/combined/gt/005.png,62.0,437.0,54.0,440.0,208,14.982516288757324,outputs/metrics/classical_heatmaps/test/cookie/combined/5_heatmap.npy,,3287,208,0.0176609884947538,outputs/metrics/autoencoder_heatmaps/test/cookie/combined/5_heatmap.npy,,3287,3287,
cookie,test,combined,1,411,6,data/processed/cookie/test/combined/006_depth.npy,data/processed/cookie/test/combined/006_mask.npy,data/raw/cookie/test/combined/gt/006.png,59.0,428.0,47.0,436.0,210,36.46427536010742,outputs/metrics/classical_heatmaps/test/cookie/combined/6_heatmap.npy,,4342,210,0.023948710411787,outputs/metrics/autoencoder_heatmaps/test/cookie/combined/6_heatmap.npy,,4342,4342,
cookie,test,combined,1,412,7,data/processed/cookie/test/combined/007_depth.npy,data/processed/cookie/test/combined/007_mask.npy,data/raw/cookie/test/combined/gt/007.png,57.0,436.0,46.0,438.0,210,35.997867584228516,outputs/metrics/classical_heatmaps/test/cookie/combined/7_heatmap.npy,,3935,210,0.0154409101232886,outputs/metrics/autoencoder_heatmaps/test/cookie/combined/7_heatmap.npy,,3935,3935,
cookie,test,combined,1,413,8,data/processed/cookie/test/combined/008_depth.npy,data/processed/cookie/test/combined/008_mask.npy,data/raw/cookie/test/combined/gt/008.png,44.0,434.0,56.0,435.0,208,9.005496978759766,outputs/metrics/classical_heatmaps/test/cookie/combined/8_heatmap.npy,,2361,208,0.0124570438638329,outputs/metrics/autoencoder_heatmaps/test/cookie/combined/8_heatmap.npy,,2361,2361,
cookie,test,combined,1,414,9,data/processed/cookie/test/combined/009_depth.npy,data/processed/cookie/test/combined/009_mask.npy,data/raw/cookie/test/combined/gt/009.png,76.0,421.0,69.0,424.0,218,7.272741317749023,outputs/metrics/classical_heatmaps/test/cookie/combined/9_heatmap.npy,,2137,218,0.0154440281912684,outputs/metrics/autoencoder_heatmaps/test/cookie/combined/9_heatmap.npy,,2137,2137,
cookie,test,combined,1,415,10,data/processed/cookie/test/combined/010_depth.npy,data/processed/cookie/test/combined/010_mask.npy,data/raw/cookie/test/combined/gt/010.png,70.0,421.0,61.0,500.0,197,62.92681884765625,outputs/metrics/classical_heatmaps/test/cookie/combined/10_heatmap.npy,,2514,197,0.0150407701730728,outputs/metrics/autoencoder_heatmaps/test/cookie/combined/10_heatmap.npy,,2514,2514,
cookie,test,combined,1,416,11,data/processed/cookie/test/combined/011_depth.npy,data/processed/cookie/test/combined/011_mask.npy,data/raw/cookie/test/combined/gt/011.png,80.0,426.0,57.0,429.0,214,1.1137797832489014,outputs/metrics/classical_heatmaps/test/cookie/combined/11_heatmap.npy,,2221,214,0.0131012080237269,outputs/metrics/autoencoder_heatmaps/test/cookie/combined/11_heatmap.npy,,2221,2221,
cookie,test,combined,1,417,12,data/processed/cookie/test/combined/012_depth.npy,data/processed/cookie/test/combined/012_mask.npy,data/raw/cookie/test/combined/gt/012.png,69.0,421.0,63.0,500.0,198,54.65998458862305,outputs/metrics/classical_heatmaps/test/cookie/combined/12_heatmap.npy,,1300,198,0.0120678339153528,outputs/metrics/autoencoder_heatmaps/test/cookie/combined/12_heatmap.npy,,1300,1300,
cookie,test,combined,1,418,13,data/processed/cookie/test/combined/013_depth.npy,data/processed/cookie/test/combined/013_mask.npy,data/raw/cookie/test/combined/gt/013.png,74.0,426.0,66.0,500.0,197,54.203712463378906,outputs/metrics/classical_heatmaps/test/cookie/combined/13_heatmap.npy,,1620,197,0.0137741286307573,outputs/metrics/autoencoder_heatmaps/test/cookie/combined/13_heatmap.npy,,1620,1620,
cookie,test,combined,1,419,14,data/processed/cookie/test/combined/014_depth.npy,data/processed/cookie/test/combined/014_mask.npy,data/raw/cookie/test/combined/gt/014.png,76.0,433.0,48.0,500.0,195,51.2903938293457,outputs/metrics/classical_heatmaps/test/cookie/combined/14_heatmap.npy,,3163,195,0.0181598830968141,outputs/metrics/autoencoder_heatmaps/test/cookie/combined/14_heatmap.npy,,3163,3163,
cookie,test,combined,1,420,15,data/processed/cookie/test/combined/015_depth.npy,data/processed/cookie/test/combined/015_mask.npy,data/raw/cookie/test/combined/gt/015.png,65.0,426.0,54.0,500.0,198,64.31017303466797,outputs/metrics/classical_heatmaps/test/cookie/combined/15_heatmap.npy,,1045,198,0.0202852189540863,outputs/metrics/autoencoder_heatmaps/test/cookie/combined/15_heatmap.npy,,1045,1045,
cookie,test,combined,1,421,16,data/processed/cookie/test/combined/016_depth.npy,data/processed/cookie/test/combined/016_mask.npy,data/raw/cookie/test/combined/gt/016.png,67.0,430.0,52.0,500.0,198,56.19890213012695,outputs/metrics/classical_heatmaps/test/cookie/combined/16_heatmap.npy,,2650,198,0.0177865363657474,outputs/metrics/autoencoder_heatmaps/test/cookie/combined/16_heatmap.npy,,2650,2650,
cookie,test,combined,1,422,17,data/processed/cookie/test/combined/017_depth.npy,data/processed/cookie/test/combined/017_mask.npy,data/raw/cookie/test/combined/gt/017.png,77.0,439.0,62.0,500.0,199,59.92914962768555,outputs/metrics/classical_heatmaps/test/cookie/combined/17_heatmap.npy,,1742,199,0.0141071053221821,outputs/metrics/autoencoder_heatmaps/test/cookie/combined/17_heatmap.npy,,1742,1742,
cookie,test,combined,1,423,18,data/processed/cookie/test/combined/018_depth.npy,data/processed/cookie/test/combined/018_mask.npy,data/raw/cookie/test/combined/gt/018.png,71.0,442.0,55.0,500.0,196,51.22206497192383,outputs/metrics/classical_heatmaps/test/cookie/combined/18_heatmap.npy,,2200,196,0.011476656422019,outputs/metrics/autoencoder_heatmaps/test/cookie/combined/18_heatmap.npy,,2200,2200,
cookie,test,combined,1,424,19,data/processed/cookie/test/combined/019_depth.npy,data/processed/cookie/test/combined/019_mask.npy,data/raw/cookie/test/combined/gt/019.png,60.0,431.0,63.0,500.0,202,43.40830993652344,outputs/metrics/classical_heatmaps/test/cookie/combined/19_heatmap.npy,,1316,202,0.0112848980352282,outputs/metrics/autoencoder_heatmaps/test/cookie/combined/19_heatmap.npy,,1316,1316,
cookie,test,combined,1,425,20,data/processed/cookie/test/combined/020_depth.npy,data/processed/cookie/test/combined/020_mask.npy,data/raw/cookie/test/combined/gt/020.png,72.0,435.0,57.0,500.0,199,49.56825637817383,outputs/metrics/classical_heatmaps/test/cookie/combined/20_heatmap.npy,,3044,199,0.0178445130586624,outputs/metrics/autoencoder_heatmaps/test/cookie/combined/20_heatmap.npy,,3044,3044,
cookie,test,combined,1,426,21,data/processed/cookie/test/combined/021_depth.npy,data/processed/cookie/test/combined/021_mask.npy,data/raw/cookie/test/combined/gt/021.png,72.0,452.0,48.0,500.0,199,50.71279525756836,outputs/metrics/classical_heatmaps/test/cookie/combined/21_heatmap.npy,,1125,199,0.0153495091944932,outputs/metrics/autoencoder_heatmaps/test/cookie/combined/21_heatmap.npy,,1125,1125,
cookie,test,combined,1,427,22,data/processed/cookie/test/combined/022_depth.npy,data/processed/cookie/test/combined/022_mask.npy,data/raw/cookie/test/combined/gt/022.png,80.0,442.0,47.0,427.0,212,62.0216064453125,outputs/metrics/classical_heatmaps/test/cookie/combined/22_heatmap.npy,,5885,212,0.0172630958259105,outputs/metrics/autoencoder_heatmaps/test/cookie/combined/22_heatmap.npy,,5885,5885,
cookie,test,combined,1,428,23,data/processed/cookie/test/combined/023_depth.npy,data/processed/cookie/test/combined/023_mask.npy,data/raw/cookie/test/combined/gt/023.png,61.0,429.0,56.0,500.0,197,55.64646530151367,outputs/metrics/classical_heatmaps/test/cookie/combined/23_heatmap.npy,,2165,197,0.0133379865437746,outputs/metrics/autoencoder_heatmaps/test/cookie/combined/23_heatmap.npy,,2165,2165,
cookie,test,combined,1,429,24,data/processed/cookie/test/combined/024_depth.npy,data/processed/cookie/test/combined/024_mask.npy,data/raw/cookie/test/combined/gt/024.png,71.0,435.0,59.0,500.0,202,35.39879608154297,outputs/metrics/classical_heatmaps/test/cookie/combined/24_heatmap.npy,,1222,202,0.0118315396830439,outputs/metrics/autoencoder_heatmaps/test/cookie/combined/24_heatmap.npy,,1222,1222,
cookie,test,contamination,1,430,0,data/processed/cookie/test/contamination/000_depth.npy,data/processed/cookie/test/contamination/000_mask.npy,data/raw/cookie/test/contamination/gt/000.png,60.0,500.0,54.0,440.0,197,26.522808074951172,outputs/metrics/classical_heatmaps/test/cookie/contamination/0_heatmap.npy,,2259,197,0.0127490479499101,outputs/metrics/autoencoder_heatmaps/test/cookie/contamination/0_heatmap.npy,,2259,2259,
cookie,test,contamination,1,431,1,data/processed/cookie/test/contamination/001_depth.npy,data/processed/cookie/test/contamination/001_mask.npy,data/raw/cookie/test/contamination/gt/001.png,64.0,500.0,59.0,437.0,199,26.800277709960938,outputs/metrics/classical_heatmaps/test/cookie/contamination/1_heatmap.npy,,1058,199,0.0136204361915588,outputs/metrics/autoencoder_heatmaps/test/cookie/contamination/1_heatmap.npy,,1058,1058,
cookie,test,contamination,1,432,2,data/processed/cookie/test/contamination/002_depth.npy,data/processed/cookie/test/contamination/002_mask.npy,data/raw/cookie/test/contamination/gt/002.png,67.0,500.0,64.0,445.0,198,26.4916934967041,outputs/metrics/classical_heatmaps/test/cookie/contamination/2_heatmap.npy,,272,198,0.0211189240217208,outputs/metrics/autoencoder_heatmaps/test/cookie/contamination/2_heatmap.npy,,272,272,
cookie,test,contamination,1,433,3,data/processed/cookie/test/contamination/003_depth.npy,data/processed/cookie/test/contamination/003_mask.npy,data/raw/cookie/test/contamination/gt/003.png,65.0,500.0,59.0,433.0,200,17.861364364624023,outputs/metrics/classical_heatmaps/test/cookie/contamination/3_heatmap.npy,,369,200,0.0144794164225459,outputs/metrics/autoencoder_heatmaps/test/cookie/contamination/3_heatmap.npy,,369,369,
cookie,test,contamination,1,434,4,data/processed/cookie/test/contamination/004_depth.npy,data/processed/cookie/test/contamination/004_mask.npy,data/raw/cookie/test/contamination/gt/004.png,63.0,500.0,55.0,433.0,197,35.186683654785156,outputs/metrics/classical_heatmaps/test/cookie/contamination/4_heatmap.npy,,653,197,0.0124020231887698,outputs/metrics/autoencoder_heatmaps/test/cookie/contamination/4_heatmap.npy,,653,653,
cookie,test,contamination,1,435,5,data/processed/cookie/test/contamination/005_depth.npy,data/processed/cookie/test/contamination/005_mask.npy,data/raw/cookie/test/contamination/gt/005.png,66.0,500.0,50.0,433.0,197,29.818695068359375,outputs/metrics/classical_heatmaps/test/cookie/contamination/5_heatmap.npy,,873,197,0.013212171383202,outputs/metrics/autoencoder_heatmaps/test/cookie/contamination/5_heatmap.npy,,873,873,
cookie,test,contamination,1,436,6,data/processed/cookie/test/contamination/006_depth.npy,data/processed/cookie/test/contamination/006_mask.npy,data/raw/cookie/test/contamination/gt/006.png,61.0,500.0,59.0,432.0,199,36.37044906616211,outputs/metrics/classical_heatmaps/test/cookie/contamination/6_heatmap.npy,,641,199,0.0217350013554096,outputs/metrics/autoencoder_heatmaps/test/cookie/contamination/6_heatmap.npy,,641,641,
cookie,test,contamination,1,437,7,data/processed/cookie/test/contamination/007_depth.npy,data/processed/cookie/test/contamination/007_mask.npy,data/raw/cookie/test/contamination/gt/007.png,65.0,445.0,53.0,464.0,207,37.898658752441406,outputs/metrics/classical_heatmaps/test/cookie/contamination/7_heatmap.npy,,1366,207,0.017497980967164,outputs/metrics/autoencoder_heatmaps/test/cookie/contamination/7_heatmap.npy,,1366,1366,
cookie,test,contamination,1,438,8,data/processed/cookie/test/contamination/008_depth.npy,data/processed/cookie/test/contamination/008_mask.npy,data/raw/cookie/test/contamination/gt/008.png,55.0,432.0,56.0,467.0,217,33.81960678100586,outputs/metrics/classical_heatmaps/test/cookie/contamination/8_heatmap.npy,,2106,217,0.0155854104086756,outputs/metrics/autoencoder_heatmaps/test/cookie/contamination/8_heatmap.npy,,2106,2106,
cookie,test,contamination,1,439,9,data/processed/cookie/test/contamination/009_depth.npy,data/processed/cookie/test/contamination/009_mask.npy,data/raw/cookie/test/contamination/gt/009.png,67.0,422.0,65.0,500.0,195,45.97239303588867,outputs/metrics/classical_heatmaps/test/cookie/contamination/9_heatmap.npy,,587,195,0.0103087807074189,outputs/metrics/autoencoder_heatmaps/test/cookie/contamination/9_heatmap.npy,,587,587,
cookie,test,contamination,1,440,10,data/processed/cookie/test/contamination/010_depth.npy,data/processed/cookie/test/contamination/010_mask.npy,data/raw/cookie/test/contamination/gt/010.png,69.0,424.0,63.0,500.0,198,53.3785285949707,outputs/metrics/classical_heatmaps/test/cookie/contamination/10_heatmap.npy,,493,198,0.0125297429040074,outputs/metrics/autoencoder_heatmaps/test/cookie/contamination/10_heatmap.npy,,493,493,
cookie,test,contamination,1,441,11,data/processed/cookie/test/contamination/011_depth.npy,data/processed/cookie/test/contamination/011_mask.npy,data/raw/cookie/test/contamination/gt/011.png,86.0,443.0,64.0,500.0,196,53.54145050048828,outputs/metrics/classical_heatmaps/test/cookie/contamination/11_heatmap.npy,,859,196,0.0128208566457033,outputs/metrics/autoencoder_heatmaps/test/cookie/contamination/11_heatmap.npy,,859,859,
cookie,test,contamination,1,442,12,data/processed/cookie/test/contamination/012_depth.npy,data/processed/cookie/test/contamination/012_mask.npy,data/raw/cookie/test/contamination/gt/012.png,81.0,447.0,62.0,500.0,198,51.148048400878906,outputs/metrics/classical_heatmaps/test/cookie/contamination/12_heatmap.npy,,580,198,0.0121150407940149,outputs/metrics/autoencoder_heatmaps/test/cookie/contamination/12_heatmap.npy,,580,580,
cookie,test,contamination,1,443,13,data/processed/cookie/test/contamination/013_depth.npy,data/processed/cookie/test/contamination/013_mask.npy,data/raw/cookie/test/contamination/gt/013.png,72.0,431.0,54.0,500.0,195,52.75701904296875,outputs/metrics/classical_heatmaps/test/cookie/contamination/13_heatmap.npy,,676,195,0.0117461523041129,outputs/metrics/autoencoder_heatmaps/test/cookie/contamination/13_heatmap.npy,,676,676,
cookie,test,contamination,1,444,14,data/processed/cookie/test/contamination/014_depth.npy,data/processed/cookie/test/contamination/014_mask.npy,data/raw/cookie/test/contamination/gt/014.png,65.0,434.0,54.0,500.0,202,36.74251937866211,outputs/metrics/classical_heatmaps/test/cookie/contamination/14_heatmap.npy,,496,202,0.0108994953334331,outputs/metrics/autoencoder_heatmaps/test/cookie/contamination/14_heatmap.npy,,496,496,
cookie,test,contamination,1,445,15,data/processed/cookie/test/contamination/015_depth.npy,data/processed/cookie/test/contamination/015_mask.npy,data/raw/cookie/test/contamination/gt/015.png,67.0,432.0,60.0,500.0,198,64.0930404663086,outputs/metrics/classical_heatmaps/test/cookie/contamination/15_heatmap.npy,,539,198,0.0136516513302922,outputs/metrics/autoencoder_heatmaps/test/cookie/contamination/15_heatmap.npy,,539,539,
cookie,test,contamination,1,446,16,data/processed/cookie/test/contamination/016_depth.npy,data/processed/cookie/test/contamination/016_mask.npy,data/raw/cookie/test/contamination/gt/016.png,69.0,425.0,53.0,500.0,196,51.30591583251953,outputs/metrics/classical_heatmaps/test/cookie/contamination/16_heatmap.npy,,1294,196,0.0117289898917078,outputs/metrics/autoencoder_heatmaps/test/cookie/contamination/16_heatmap.npy,,1294,1294,
cookie,test,contamination,1,447,17,data/processed/cookie/test/contamination/017_depth.npy,data/processed/cookie/test/contamination/017_mask.npy,data/raw/cookie/test/contamination/gt/017.png,57.0,422.0,60.0,500.0,195,51.89213943481445,outputs/metrics/classical_heatmaps/test/cookie/contamination/17_heatmap.npy,,983,195,0.0128249255940318,outputs/metrics/autoencoder_heatmaps/test/cookie/contamination/17_heatmap.npy,,983,983,
cookie,test,contamination,1,448,18,data/processed/cookie/test/contamination/018_depth.npy,data/processed/cookie/test/contamination/018_mask.npy,data/raw/cookie/test/contamination/gt/018.png,79.0,430.0,50.0,500.0,204,43.683292388916016,outputs/metrics/classical_heatmaps/test/cookie/contamination/18_heatmap.npy,,1266,204,0.0103116268292069,outputs/metrics/autoencoder_heatmaps/test/cookie/contamination/18_heatmap.npy,,1266,1266,
cookie,test,contamination,1,449,19,data/processed/cookie/test/contamination/019_depth.npy,data/processed/cookie/test/contamination/019_mask.npy,data/raw/cookie/test/contamination/gt/019.png,69.0,420.0,62.0,500.0,191,44.0316162109375,outputs/metrics/classical_heatmaps/test/cookie/contamination/19_heatmap.npy,,559,191,0.0132226673886179,outputs/metrics/autoencoder_heatmaps/test/cookie/contamination/19_heatmap.npy,,559,559,
cookie,test,contamination,1,450,20,data/processed/cookie/test/contamination/020_depth.npy,data/processed/cookie/test/contamination/020_mask.npy,data/raw/cookie/test/contamination/gt/020.png,73.0,426.0,68.0,500.0,196,47.73698425292969,outputs/metrics/classical_heatmaps/test/cookie/contamination/20_heatmap.npy,,592,196,0.0102918837219476,outputs/metrics/autoencoder_heatmaps/test/cookie/contamination/20_heatmap.npy,,592,592,
cookie,test,contamination,1,451,21,data/processed/cookie/test/contamination/021_depth.npy,data/processed/cookie/test/contamination/021_mask.npy,data/raw/cookie/test/contamination/gt/021.png,67.0,444.0,49.0,500.0,197,49.95206451416016,outputs/metrics/classical_heatmaps/test/cookie/contamination/21_heatmap.npy,,401,197,0.0113447271287441,outputs/metrics/autoencoder_heatmaps/test/cookie/contamination/21_heatmap.npy,,401,401,
cookie,test,contamination,1,452,22,data/processed/cookie/test/contamination/022_depth.npy,data/processed/cookie/test/contamination/022_mask.npy,data/raw/cookie/test/contamination/gt/022.png,70.0,434.0,67.0,500.0,194,54.674766540527344,outputs/metrics/classical_heatmaps/test/cookie/contamination/22_heatmap.npy,,834,194,0.0180057529360055,outputs/metrics/autoencoder_heatmaps/test/cookie/contamination/22_heatmap.npy,,834,834,
cookie,test,contamination,1,453,23,data/processed/cookie/test/contamination/023_depth.npy,data/processed/cookie/test/contamination/023_mask.npy,data/raw/cookie/test/contamination/gt/023.png,70.0,426.0,49.0,500.0,199,44.61309051513672,outputs/metrics/classical_heatmaps/test/cookie/contamination/23_heatmap.npy,,1594,199,0.0110513744875788,outputs/metrics/autoencoder_heatmaps/test/cookie/contamination/23_heatmap.npy,,1594,1594,
cookie,test,contamination,1,454,24,data/processed/cookie/test/contamination/024_depth.npy,data/processed/cookie/test/contamination/024_mask.npy,data/raw/cookie/test/contamination/gt/024.png,75.0,422.0,55.0,500.0,204,49.12977600097656,outputs/metrics/classical_heatmaps/test/cookie/contamination/24_heatmap.npy,,624,204,0.0114409709349274,outputs/metrics/autoencoder_heatmaps/test/cookie/contamination/24_heatmap.npy,,624,624,
cookie,test,crack,1,455,0,data/processed/cookie/test/crack/000_depth.npy,data/processed/cookie/test/crack/000_mask.npy,data/raw/cookie/test/crack/gt/000.png,65.0,438.0,59.0,493.0,194,37.185585021972656,outputs/metrics/classical_heatmaps/test/cookie/crack/0_heatmap.npy,,1711,194,0.01678017526865,outputs/metrics/autoencoder_heatmaps/test/cookie/crack/0_heatmap.npy,,1711,1711,
cookie,test,crack,1,456,1,data/processed/cookie/test/crack/001_depth.npy,data/processed/cookie/test/crack/001_mask.npy,data/raw/cookie/test/crack/gt/001.png,46.0,433.0,48.0,500.0,198,35.878150939941406,outputs/metrics/classical_heatmaps/test/cookie/crack/1_heatmap.npy,,3280,198,0.0139170438051223,outputs/metrics/autoencoder_heatmaps/test/cookie/crack/1_heatmap.npy,,3280,3280,
cookie,test,crack,1,457,2,data/processed/cookie/test/crack/002_depth.npy,data/processed/cookie/test/crack/002_mask.npy,data/raw/cookie/test/crack/gt/002.png,57.0,440.0,52.0,462.0,202,34.327144622802734,outputs/metrics/classical_heatmaps/test/cookie/crack/2_heatmap.npy,,2736,202,0.0306673534214496,outputs/metrics/autoencoder_heatmaps/test/cookie/crack/2_heatmap.npy,,2736,2736,
cookie,test,crack,1,458,3,data/processed/cookie/test/crack/003_depth.npy,data/processed/cookie/test/crack/003_mask.npy,data/raw/cookie/test/crack/gt/003.png,59.0,437.0,65.0,452.0,221,34.16456985473633,outputs/metrics/classical_heatmaps/test/cookie/crack/3_heatmap.npy,,1915,221,0.0228794906288385,outputs/metrics/autoencoder_heatmaps/test/cookie/crack/3_heatmap.npy,,1915,1915,
cookie,test,crack,1,459,4,data/processed/cookie/test/crack/004_depth.npy,data/processed/cookie/test/crack/004_mask.npy,data/raw/cookie/test/crack/gt/004.png,61.0,437.0,57.0,488.0,198,55.521217346191406,outputs/metrics/classical_heatmaps/test/cookie/crack/4_heatmap.npy,,2062,198,0.0280088987201452,outputs/metrics/autoencoder_heatmaps/test/cookie/crack/4_heatmap.npy,,2062,2062,
cookie,test,crack,1,460,5,data/processed/cookie/test/crack/005_depth.npy,data/processed/cookie/test/crack/005_mask.npy,data/raw/cookie/test/crack/gt/005.png,59.0,434.0,50.0,466.0,214,41.21932601928711,outputs/metrics/classical_heatmaps/test/cookie/crack/5_heatmap.npy,,2688,214,0.0220750961452722,outputs/metrics/autoencoder_heatmaps/test/cookie/crack/5_heatmap.npy,,2688,2688,
cookie,test,crack,1,461,6,data/processed/cookie/test/crack/006_depth.npy,data/processed/cookie/test/crack/006_mask.npy,data/raw/cookie/test/crack/gt/006.png,55.0,426.0,62.0,459.0,214,41.21162033081055,outputs/metrics/classical_heatmaps/test/cookie/crack/6_heatmap.npy,,2089,214,0.0116183310747146,outputs/metrics/autoencoder_heatmaps/test/cookie/crack/6_heatmap.npy,,2089,2089,
cookie,test,crack,1,462,7,data/processed/cookie/test/crack/007_depth.npy,data/processed/cookie/test/crack/007_mask.npy,data/raw/cookie/test/crack/gt/007.png,59.0,430.0,37.0,427.0,209,45.370758056640625,outputs/metrics/classical_heatmaps/test/cookie/crack/7_heatmap.npy,,4902,209,0.0199619866907596,outputs/metrics/autoencoder_heatmaps/test/cookie/crack/7_heatmap.npy,,4902,4902,
cookie,test,crack,1,463,8,data/processed/cookie/test/crack/008_depth.npy,data/processed/cookie/test/crack/008_mask.npy,data/raw/cookie/test/crack/gt/008.png,45.0,432.0,50.0,441.0,215,20.003313064575195,outputs/metrics/classical_heatmaps/test/cookie/crack/8_heatmap.npy,,3963,215,0.0142354136332869,outputs/metrics/autoencoder_heatmaps/test/cookie/crack/8_heatmap.npy,,3963,3963,
cookie,test,crack,1,464,9,data/processed/cookie/test/crack/009_depth.npy,data/processed/cookie/test/crack/009_mask.npy,data/raw/cookie/test/crack/gt/009.png,57.0,432.0,63.0,449.0,210,-1.6974730491638184,outputs/metrics/classical_heatmaps/test/cookie/crack/9_heatmap.npy,,1631,210,0.0127656254917383,outputs/metrics/autoencoder_heatmaps/test/cookie/crack/9_heatmap.npy,,1631,1631,
cookie,test,crack,1,465,10,data/processed/cookie/test/crack/010_depth.npy,data/processed/cookie/test/crack/010_mask.npy,data/raw/cookie/test/crack/gt/010.png,66.0,434.0,59.0,500.0,202,34.752235412597656,outputs/metrics/classical_heatmaps/test/cookie/crack/10_heatmap.npy,,1358,202,0.0163948759436607,outputs/metrics/autoencoder_heatmaps/test/cookie/crack/10_heatmap.npy,,1358,1358,
cookie,test,crack,1,466,11,data/processed/cookie/test/crack/011_depth.npy,data/processed/cookie/test/crack/011_mask.npy,data/raw/cookie/test/crack/gt/011.png,63.0,432.0,49.0,500.0,202,42.07803726196289,outputs/metrics/classical_heatmaps/test/cookie/crack/11_heatmap.npy,,2233,202,0.0227474216371774,outputs/metrics/autoencoder_heatmaps/test/cookie/crack/11_heatmap.npy,,2233,2233,
cookie,test,crack,1,467,12,data/processed/cookie/test/crack/012_depth.npy,data/processed/cookie/test/crack/012_mask.npy,data/raw/cookie/test/crack/gt/012.png,52.0,428.0,62.0,500.0,201,34.56636428833008,outputs/metrics/classical_heatmaps/test/cookie/crack/12_heatmap.npy,,1215,201,0.018557533621788,outputs/metrics/autoencoder_heatmaps/test/cookie/crack/12_heatmap.npy,,1215,1215,
cookie,test,crack,1,468,13,data/processed/cookie/test/crack/013_depth.npy,data/processed/cookie/test/crack/013_mask.npy,data/raw/cookie/test/crack/gt/013.png,62.0,437.0,48.0,433.0,215,10.06033420562744,outputs/metrics/classical_heatmaps/test/cookie/crack/13_heatmap.npy,,1622,215,0.0156578607857227,outputs/metrics/autoencoder_heatmaps/test/cookie/crack/13_heatmap.npy,,1622,1622,
cookie,test,crack,1,469,14,data/processed/cookie/test/crack/014_depth.npy,data/processed/cookie/test/crack/014_mask.npy,data/raw/cookie/test/crack/gt/014.png,67.0,438.0,59.0,500.0,201,29.82990837097168,outputs/metrics/classical_heatmaps/test/cookie/crack/14_heatmap.npy,,1043,201,0.0180638004094362,outputs/metrics/autoencoder_heatmaps/test/cookie/crack/14_heatmap.npy,,1043,1043,
cookie,test,crack,1,470,15,data/processed/cookie/test/crack/015_depth.npy,data/processed/cookie/test/crack/015_mask.npy,data/raw/cookie/test/crack/gt/015.png,61.0,430.0,61.0,500.0,201,17.54490089416504,outputs/metrics/classical_heatmaps/test/cookie/crack/15_heatmap.npy,,4721,201,0.0183865148574113,outputs/metrics/autoencoder_heatmaps/test/cookie/crack/15_heatmap.npy,,4721,4721,
cookie,test,crack,1,471,16,data/processed/cookie/test/crack/016_depth.npy,data/processed/cookie/test/crack/016_mask.npy,data/raw/cookie/test/crack/gt/016.png,69.0,450.0,55.0,437.0,197,8.559159278869629,outputs/metrics/classical_heatmaps/test/cookie/crack/16_heatmap.npy,,1437,197,0.0141453417018055,outputs/metrics/autoencoder_heatmaps/test/cookie/crack/16_heatmap.npy,,1437,1437,
cookie,test,crack,1,472,17,data/processed/cookie/test/crack/017_depth.npy,data/processed/cookie/test/crack/017_mask.npy,data/raw/cookie/test/crack/gt/017.png,65.0,438.0,58.0,439.0,215,-1.9479893445968628,outputs/metrics/classical_heatmaps/test/cookie/crack/17_heatmap.npy,,928,215,0.0080359624698758,outputs/metrics/autoencoder_heatmaps/test/cookie/crack/17_heatmap.npy,,928,928,fig/06_results/cookie/crack/17_comparison.png
cookie,test,crack,1,473,18,data/processed/cookie/test/crack/018_depth.npy,data/processed/cookie/test/crack/018_mask.npy,data/raw/cookie/test/crack/gt/018.png,70.0,446.0,62.0,449.0,213,4.007236957550049,outputs/metrics/classical_heatmaps/test/cookie/crack/18_heatmap.npy,,1640,213,0.0119022401049733,outputs/metrics/autoencoder_heatmaps/test/cookie/crack/18_heatmap.npy,,1640,1640,
cookie,test,crack,1,474,19,data/processed/cookie/test/crack/019_depth.npy,data/processed/cookie/test/crack/019_mask.npy,data/raw/cookie/test/crack/gt/019.png,72.0,424.0,53.0,500.0,197,31.356231689453125,outputs/metrics/classical_heatmaps/test/cookie/crack/19_heatmap.npy,,1508,197,0.015456423163414,outputs/metrics/autoencoder_heatmaps/test/cookie/crack/19_heatmap.npy,,1508,1508,
cookie,test,crack,1,475,20,data/processed/cookie/test/crack/020_depth.npy,data/processed/cookie/test/crack/020_mask.npy,data/raw/cookie/test/crack/gt/020.png,75.0,438.0,50.0,500.0,198,49.16698455810547,outputs/metrics/classical_heatmaps/test/cookie/crack/20_heatmap.npy,,1411,198,0.0219215229153633,outputs/metrics/autoencoder_heatmaps/test/cookie/crack/20_heatmap.npy,,1411,1411,
cookie,test,crack,1,476,21,data/processed/cookie/test/crack/021_depth.npy,data/processed/cookie/test/crack/021_mask.npy,data/raw/cookie/test/crack/gt/021.png,77.0,444.0,51.0,487.0,196,49.61682891845703,outputs/metrics/classical_heatmaps/test/cookie/crack/21_heatmap.npy,,1913,196,0.0114149879664182,outputs/metrics/autoencoder_heatmaps/test/cookie/crack/21_heatmap.npy,,1913,1913,
cookie,test,crack,1,477,22,data/processed/cookie/test/crack/022_depth.npy,data/processed/cookie/test/crack/022_mask.npy,data/raw/cookie/test/crack/gt/022.png,61.0,434.0,58.0,437.0,215,0.4528039693832397,outputs/metrics/classical_heatmaps/test/cookie/crack/22_heatmap.npy,,2432,215,0.0100518865510821,outputs/metrics/autoencoder_heatmaps/test/cookie/crack/22_heatmap.npy,,2432,2432,
cookie,test,crack,1,478,23,data/processed/cookie/test/crack/023_depth.npy,data/processed/cookie/test/crack/023_mask.npy,data/raw/cookie/test/crack/gt/023.png,66.0,424.0,60.0,471.0,204,29.51017951965332,outputs/metrics/classical_heatmaps/test/cookie/crack/23_heatmap.npy,,2050,204,0.0125083774328231,outputs/metrics/autoencoder_heatmaps/test/cookie/crack/23_heatmap.npy,,2050,2050,
cookie,test,crack,1,479,24,data/processed/cookie/test/crack/024_depth.npy,data/processed/cookie/test/crack/024_mask.npy,data/raw/cookie/test/crack/gt/024.png,67.0,438.0,56.0,482.0,200,33.483455657958984,outputs/metrics/classical_heatmaps/test/cookie/crack/24_heatmap.npy,,2766,200,0.0119342869147658,outputs/metrics/autoencoder_heatmaps/test/cookie/crack/24_heatmap.npy,,2766,2766,
cookie,test,crack,1,480,25,data/processed/cookie/test/crack/025_depth.npy,data/processed/cookie/test/crack/025_mask.npy,data/raw/cookie/test/crack/gt/025.png,59.0,432.0,55.0,437.0,216,12.060232162475586,outputs/metrics/classical_heatmaps/test/cookie/crack/25_heatmap.npy,,1650,216,0.0132289826869964,outputs/metrics/autoencoder_heatmaps/test/cookie/crack/25_heatmap.npy,,1650,1650,
cookie,test,crack,1,481,26,data/processed/cookie/test/crack/026_depth.npy,data/processed/cookie/test/crack/026_mask.npy,data/raw/cookie/test/crack/gt/026.png,50.0,424.0,57.0,498.0,195,34.234107971191406,outputs/metrics/classical_heatmaps/test/cookie/crack/26_heatmap.npy,,1195,195,0.0194948017597198,outputs/metrics/autoencoder_heatmaps/test/cookie/crack/26_heatmap.npy,,1195,1195,
cookie,test,hole,1,482,0,data/processed/cookie/test/hole/000_depth.npy,data/processed/cookie/test/hole/000_mask.npy,data/raw/cookie/test/hole/gt/000.png,62.0,437.0,61.0,437.0,204,21.907920837402344,outputs/metrics/classical_heatmaps/test/cookie/hole/0_heatmap.npy,,1507,204,0.0181830264627933,outputs/metrics/autoencoder_heatmaps/test/cookie/hole/0_heatmap.npy,,1507,1507,
cookie,test,hole,1,483,1,data/processed/cookie/test/hole/001_depth.npy,data/processed/cookie/test/hole/001_mask.npy,data/raw/cookie/test/hole/gt/001.png,59.0,500.0,55.0,434.0,202,33.482418060302734,outputs/metrics/classical_heatmaps/test/cookie/hole/1_heatmap.npy,,2126,202,0.0177115071564912,outputs/metrics/autoencoder_heatmaps/test/cookie/hole/1_heatmap.npy,,2126,2126,
cookie,test,hole,1,484,2,data/processed/cookie/test/hole/002_depth.npy,data/processed/cookie/test/hole/002_mask.npy,data/raw/cookie/test/hole/gt/002.png,67.0,500.0,62.0,442.0,201,30.5649471282959,outputs/metrics/classical_heatmaps/test/cookie/hole/2_heatmap.npy,,874,201,0.0185982305556535,outputs/metrics/autoencoder_heatmaps/test/cookie/hole/2_heatmap.npy,,874,874,
cookie,test,hole,1,485,3,data/processed/cookie/test/hole/003_depth.npy,data/processed/cookie/test/hole/003_mask.npy,data/raw/cookie/test/hole/gt/003.png,66.0,500.0,56.0,432.0,201,29.9422664642334,outputs/metrics/classical_heatmaps/test/cookie/hole/3_heatmap.npy,,524,201,0.0204078070819377,outputs/metrics/autoencoder_heatmaps/test/cookie/hole/3_heatmap.npy,,524,524,
cookie,test,hole,1,486,4,data/processed/cookie/test/hole/004_depth.npy,data/processed/cookie/test/hole/004_mask.npy,data/raw/cookie/test/hole/gt/004.png,69.0,500.0,62.0,440.0,201,27.81072235107422,outputs/metrics/classical_heatmaps/test/cookie/hole/4_heatmap.npy,,568,201,0.0141694834455847,outputs/metrics/autoencoder_heatmaps/test/cookie/hole/4_heatmap.npy,,568,568,
cookie,test,hole,1,487,5,data/processed/cookie/test/hole/005_depth.npy,data/processed/cookie/test/hole/005_mask.npy,data/raw/cookie/test/hole/gt/005.png,71.0,500.0,53.0,437.0,200,30.000713348388672,outputs/metrics/classical_heatmaps/test/cookie/hole/5_heatmap.npy,,643,200,0.0138277532532811,outputs/metrics/autoencoder_heatmaps/test/cookie/hole/5_heatmap.npy,,643,643,
cookie,test,hole,1,488,6,data/processed/cookie/test/hole/006_depth.npy,data/processed/cookie/test/hole/006_mask.npy,data/raw/cookie/test/hole/gt/006.png,64.0,500.0,47.0,435.0,196,38.9168701171875,outputs/metrics/classical_heatmaps/test/cookie/hole/6_heatmap.npy,,423,196,0.0157543178647756,outputs/metrics/autoencoder_heatmaps/test/cookie/hole/6_heatmap.npy,,423,423,
cookie,test,hole,1,489,7,data/processed/cookie/test/hole/007_depth.npy,data/processed/cookie/test/hole/007_mask.npy,data/raw/cookie/test/hole/gt/007.png,68.0,500.0,60.0,440.0,194,46.20000457763672,outputs/metrics/classical_heatmaps/test/cookie/hole/7_heatmap.npy,,1032,194,0.0333613231778144,outputs/metrics/autoencoder_heatmaps/test/cookie/hole/7_heatmap.npy,,1032,1032,
cookie,test,hole,1,490,8,data/processed/cookie/test/hole/008_depth.npy,data/processed/cookie/test/hole/008_mask.npy,data/raw/cookie/test/hole/gt/008.png,58.0,500.0,56.0,435.0,197,18.54068374633789,outputs/metrics/classical_heatmaps/test/cookie/hole/8_heatmap.npy,,697,197,0.0174966566264629,outputs/metrics/autoencoder_heatmaps/test/cookie/hole/8_heatmap.npy,,697,697,
cookie,test,hole,1,491,9,data/processed/cookie/test/hole/009_depth.npy,data/processed/cookie/test/hole/009_mask.npy,data/raw/cookie/test/hole/gt/009.png,35.0,432.0,54.0,434.0,213,51.84299087524414,outputs/metrics/classical_heatmaps/test/cookie/hole/9_heatmap.npy,,499,213,0.0165186449885368,outputs/metrics/autoencoder_heatmaps/test/cookie/hole/9_heatmap.npy,,499,499,
cookie,test,hole,1,492,10,data/processed/cookie/test/hole/010_depth.npy,data/processed/cookie/test/hole/010_mask.npy,data/raw/cookie/test/hole/gt/010.png,61.0,468.0,58.0,444.0,202,7.355664253234863,outputs/metrics/classical_heatmaps/test/cookie/hole/10_heatmap.npy,,647,202,0.0112297106534242,outputs/metrics/autoencoder_heatmaps/test/cookie/hole/10_heatmap.npy,,647,647,
cookie,test,hole,1,493,11,data/processed/cookie/test/hole/011_depth.npy,data/processed/cookie/test/hole/011_mask.npy,data/raw/cookie/test/hole/gt/011.png,63.0,500.0,53.0,436.0,198,33.0947380065918,outputs/metrics/classical_heatmaps/test/cookie/hole/11_heatmap.npy,,507,198,0.0222308114171028,outputs/metrics/autoencoder_heatmaps/test/cookie/hole/11_heatmap.npy,,507,507,
cookie,test,hole,1,494,12,data/processed/cookie/test/hole/012_depth.npy,data/processed/cookie/test/hole/012_mask.npy,data/raw/cookie/test/hole/gt/012.png,55.0,500.0,55.0,440.0,197,7.10424280166626,outputs/metrics/classical_heatmaps/test/cookie/hole/12_heatmap.npy,,461,197,0.0117491176351904,outputs/metrics/autoencoder_heatmaps/test/cookie/hole/12_heatmap.npy,,461,461,
cookie,test,hole,1,495,13,data/processed/cookie/test/hole/013_depth.npy,data/processed/cookie/test/hole/013_mask.npy,data/raw/cookie/test/hole/gt/013.png,55.0,500.0,38.0,441.0,193,43.95903778076172,outputs/metrics/classical_heatmaps/test/cookie/hole/13_heatmap.npy,,915,193,0.0154602332040667,outputs/metrics/autoencoder_heatmaps/test/cookie/hole/13_heatmap.npy,,915,915,
cookie,test,hole,1,496,14,data/processed/cookie/test/hole/014_depth.npy,data/processed/cookie/test/hole/014_mask.npy,data/raw/cookie/test/hole/gt/014.png,59.0,500.0,69.0,431.0,195,50.73030853271485,outputs/metrics/classical_heatmaps/test/cookie/hole/14_heatmap.npy,,519,195,0.030073806643486,outputs/metrics/autoencoder_heatmaps/test/cookie/hole/14_heatmap.npy,,519,519,
cookie,test,hole,1,497,15,data/processed/cookie/test/hole/015_depth.npy,data/processed/cookie/test/hole/015_mask.npy,data/raw/cookie/test/hole/gt/015.png,59.0,460.0,49.0,433.0,207,7.535743713378906,outputs/metrics/classical_heatmaps/test/cookie/hole/15_heatmap.npy,,549,207,0.021996421739459,outputs/metrics/autoencoder_heatmaps/test/cookie/hole/15_heatmap.npy,,549,549,
cookie,test,hole,1,498,16,data/processed/cookie/test/hole/016_depth.npy,data/processed/cookie/test/hole/016_mask.npy,data/raw/cookie/test/hole/gt/016.png,58.0,442.0,59.0,439.0,211,25.900672912597656,outputs/metrics/classical_heatmaps/test/cookie/hole/16_heatmap.npy,,720,211,0.0307852569967508,outputs/metrics/autoencoder_heatmaps/test/cookie/hole/16_heatmap.npy,,720,720,
cookie,test,hole,1,499,17,data/processed/cookie/test/hole/017_depth.npy,data/processed/cookie/test/hole/017_mask.npy,data/raw/cookie/test/hole/gt/017.png,70.0,434.0,57.0,442.0,217,5.837589740753174,outputs/metrics/classical_heatmaps/test/cookie/hole/17_heatmap.npy,,766,217,0.0115114515647292,outputs/metrics/autoencoder_heatmaps/test/cookie/hole/17_heatmap.npy,,766,766,
cookie,test,hole,1,500,18,data/processed/cookie/test/hole/018_depth.npy,data/processed/cookie/test/hole/018_mask.npy,data/raw/cookie/test/hole/gt/018.png,62.0,428.0,56.0,433.0,217,2.3014986515045166,outputs/metrics/classical_heatmaps/test/cookie/hole/18_heatmap.npy,,474,217,0.0100552961230278,outputs/metrics/autoencoder_heatmaps/test/cookie/hole/18_heatmap.npy,,474,474,
cookie,test,hole,1,501,19,data/processed/cookie/test/hole/019_depth.npy,data/processed/cookie/test/hole/019_mask.npy,data/raw/cookie/test/hole/gt/019.png,62.0,436.0,57.0,437.0,217,-1.445680856704712,outputs/metrics/classical_heatmaps/test/cookie/hole/19_heatmap.npy,,994,217,0.0122309271246194,outputs/metrics/autoencoder_heatmaps/test/cookie/hole/19_heatmap.npy,,994,994,
cookie,test,hole,1,502,20,data/processed/cookie/test/hole/020_depth.npy,data/processed/cookie/test/hole/020_mask.npy,data/raw/cookie/test/hole/gt/020.png,59.0,426.0,55.0,435.0,216,11.12318992614746,outputs/metrics/classical_heatmaps/test/cookie/hole/20_heatmap.npy,,974,216,0.0161611754447221,outputs/metrics/autoencoder_heatmaps/test/cookie/hole/20_heatmap.npy,,974,974,
cookie,test,hole,1,503,21,data/processed/cookie/test/hole/021_depth.npy,data/processed/cookie/test/hole/021_mask.npy,data/raw/cookie/test/hole/gt/021.png,60.0,436.0,69.0,445.0,203,3.43019700050354,outputs/metrics/classical_heatmaps/test/cookie/hole/21_heatmap.npy,,574,203,0.0107463682070374,outputs/metrics/autoencoder_heatmaps/test/cookie/hole/21_heatmap.npy,,574,574,
cookie,test,hole,1,504,22,data/processed/cookie/test/hole/022_depth.npy,data/processed/cookie/test/hole/022_mask.npy,data/raw/cookie/test/hole/gt/022.png,61.0,432.0,46.0,443.0,214,-6.722311019897461,outputs/metrics/classical_heatmaps/test/cookie/hole/22_heatmap.npy,,611,214,0.0075977290980517,outputs/metrics/autoencoder_heatmaps/test/cookie/hole/22_heatmap.npy,,611,611,fig/06_results/cookie/hole/22_comparison.png
cookie,test,hole,1,505,23,data/processed/cookie/test/hole/023_depth.npy,data/processed/cookie/test/hole/023_mask.npy,data/raw/cookie/test/hole/gt/023.png,58.0,426.0,36.0,426.0,215,3.635465383529663,outputs/metrics/classical_heatmaps/test/cookie/hole/23_heatmap.npy,,822,215,0.0077063874341547,outputs/metrics/autoencoder_heatmaps/test/cookie/hole/23_heatmap.npy,,822,822,fig/06_results/cookie/hole/23_comparison.png
cookie,test,hole,1,506,24,data/processed/cookie/test/hole/024_depth.npy,data/processed/cookie/test/hole/024_mask.npy,data/raw/cookie/test/hole/gt/024.png,53.0,422.0,45.0,472.0,210,43.11178207397461,outputs/metrics/classical_heatmaps/test/cookie/hole/24_heatmap.npy,,927,210,0.0136510077863931,outputs/metrics/autoencoder_heatmaps/test/cookie/hole/24_heatmap.npy,,927,927,
cookie,test,hole,1,507,25,data/processed/cookie/test/hole/025_depth.npy,data/processed/cookie/test/hole/025_mask.npy,data/raw/cookie/test/hole/gt/025.png,69.0,447.0,54.0,454.0,218,40.58741760253906,outputs/metrics/classical_heatmaps/test/cookie/hole/25_heatmap.npy,,743,218,0.0164582952857017,outputs/metrics/autoencoder_heatmaps/test/cookie/hole/25_heatmap.npy,,743,743,
dowel,test,good,0,508,0,data/processed/dowel/test/good/000_depth.npy,data/processed/dowel/test/good/000_mask.npy,data/raw/dowel/test/good/gt/000.png,98.0,336.0,82.0,307.0,119,5.902985095977783,outputs/metrics/classical_heatmaps/test/dowel/good/0_heatmap.npy,fig/04_classical/test_heatmaps/dowel/good/0_heatmap.png,0,119,0.0153125524520874,outputs/metrics/autoencoder_heatmaps/test/dowel/good/0_heatmap.npy,fig/05_autoencoder/test_heatmaps/dowel/good/0_heatmap.png,0,0,
dowel,test,good,0,509,1,data/processed/dowel/test/good/001_depth.npy,data/processed/dowel/test/good/001_mask.npy,data/raw/dowel/test/good/gt/001.png,96.0,332.0,70.0,316.0,113,-4.484702110290527,outputs/metrics/classical_heatmaps/test/dowel/good/1_heatmap.npy,,0,113,0.0230538491159677,outputs/metrics/autoencoder_heatmaps/test/dowel/good/1_heatmap.npy,,0,0,
dowel,test,good,0,510,2,data/processed/dowel/test/good/002_depth.npy,data/processed/dowel/test/good/002_mask.npy,data/raw/dowel/test/good/gt/002.png,100.0,332.0,89.0,319.0,119,-1.9217582941055296,outputs/metrics/classical_heatmaps/test/dowel/good/2_heatmap.npy,,0,119,0.0165078714489936,outputs/metrics/autoencoder_heatmaps/test/dowel/good/2_heatmap.npy,,0,0,
dowel,test,good,0,511,3,data/processed/dowel/test/good/003_depth.npy,data/processed/dowel/test/good/003_mask.npy,data/raw/dowel/test/good/gt/003.png,92.0,323.0,67.0,322.0,115,6.8188958168029785,outputs/metrics/classical_heatmaps/test/dowel/good/3_heatmap.npy,,0,115,0.0224406998604536,outputs/metrics/autoencoder_heatmaps/test/dowel/good/3_heatmap.npy,,0,0,
dowel,test,good,0,512,4,data/processed/dowel/test/good/004_depth.npy,data/processed/dowel/test/good/004_mask.npy,data/raw/dowel/test/good/gt/004.png,96.0,330.0,71.0,300.0,117,1.9568055868148804,outputs/metrics/classical_heatmaps/test/dowel/good/4_heatmap.npy,,0,117,0.0147109059616923,outputs/metrics/autoencoder_heatmaps/test/dowel/good/4_heatmap.npy,,0,0,
dowel,test,good,0,513,5,data/processed/dowel/test/good/005_depth.npy,data/processed/dowel/test/good/005_mask.npy,data/raw/dowel/test/good/gt/005.png,112.0,326.0,61.0,330.0,118,19.807432174682617,outputs/metrics/classical_heatmaps/test/dowel/good/5_heatmap.npy,,0,118,0.0261162389069795,outputs/metrics/autoencoder_heatmaps/test/dowel/good/5_heatmap.npy,,0,0,
dowel,test,good,0,514,6,data/processed/dowel/test/good/006_depth.npy,data/processed/dowel/test/good/006_mask.npy,data/raw/dowel/test/good/gt/006.png,98.0,321.0,74.0,317.0,119,0.3120296895503998,outputs/metrics/classical_heatmaps/test/dowel/good/6_heatmap.npy,,0,119,0.0174087826162576,outputs/metrics/autoencoder_heatmaps/test/dowel/good/6_heatmap.npy,,0,0,
dowel,test,good,0,515,7,data/processed/dowel/test/good/007_depth.npy,data/processed/dowel/test/good/007_mask.npy,data/raw/dowel/test/good/gt/007.png,88.0,313.0,49.0,307.0,116,-1.9943050146102903,outputs/metrics/classical_heatmaps/test/dowel/good/7_heatmap.npy,,0,116,0.0198882985860109,outputs/metrics/autoencoder_heatmaps/test/dowel/good/7_heatmap.npy,,0,0,
dowel,test,good,0,516,8,data/processed/dowel/test/good/008_depth.npy,data/processed/dowel/test/good/008_mask.npy,data/raw/dowel/test/good/gt/008.png,88.0,323.0,81.0,311.0,120,26.5446834564209,outputs/metrics/classical_heatmaps/test/dowel/good/8_heatmap.npy,,0,120,0.0289644449949264,outputs/metrics/autoencoder_heatmaps/test/dowel/good/8_heatmap.npy,,0,0,
dowel,test,good,0,517,9,data/processed/dowel/test/good/009_depth.npy,data/processed/dowel/test/good/009_mask.npy,data/raw/dowel/test/good/gt/009.png,88.0,324.0,69.0,315.0,113,4.607151031494141,outputs/metrics/classical_heatmaps/test/dowel/good/9_heatmap.npy,,0,113,0.0174585226923227,outputs/metrics/autoencoder_heatmaps/test/dowel/good/9_heatmap.npy,,0,0,
dowel,test,good,0,518,10,data/processed/dowel/test/good/010_depth.npy,data/processed/dowel/test/good/010_mask.npy,data/raw/dowel/test/good/gt/010.png,101.0,333.0,66.0,298.0,114,-0.1560700535774231,outputs/metrics/classical_heatmaps/test/dowel/good/10_heatmap.npy,,0,114,0.0173924565315246,outputs/metrics/autoencoder_heatmaps/test/dowel/good/10_heatmap.npy,,0,0,
dowel,test,good,0,519,11,data/processed/dowel/test/good/011_depth.npy,data/processed/dowel/test/good/011_mask.npy,data/raw/dowel/test/good/gt/011.png,94.0,307.0,63.0,329.0,118,19.917293548583984,outputs/metrics/classical_heatmaps/test/dowel/good/11_heatmap.npy,,0,118,0.0250337813049554,outputs/metrics/autoencoder_heatmaps/test/dowel/good/11_heatmap.npy,,0,0,
dowel,test,good,0,520,12,data/processed/dowel/test/good/012_depth.npy,data/processed/dowel/test/good/012_mask.npy,data/raw/dowel/test/good/gt/012.png,90.0,314.0,79.0,319.0,115,-3.7813713550567623,outputs/metrics/classical_heatmaps/test/dowel/good/12_heatmap.npy,,0,115,0.020527234300971,outputs/metrics/autoencoder_heatmaps/test/dowel/good/12_heatmap.npy,,0,0,
dowel,test,good,0,521,13,data/processed/dowel/test/good/013_depth.npy,data/processed/dowel/test/good/013_mask.npy,data/raw/dowel/test/good/gt/013.png,101.0,329.0,68.0,323.0,115,12.717857360839844,outputs/metrics/classical_heatmaps/test/dowel/good/13_heatmap.npy,,0,115,0.0215690210461616,outputs/metrics/autoencoder_heatmaps/test/dowel/good/13_heatmap.npy,,0,0,
dowel,test,good,0,522,14,data/processed/dowel/test/good/014_depth.npy,data/processed/dowel/test/good/014_mask.npy,data/raw/dowel/test/good/gt/014.png,83.0,329.0,86.0,297.0,120,2.2839226722717285,outputs/metrics/classical_heatmaps/test/dowel/good/14_heatmap.npy,,0,120,0.0152552826330065,outputs/metrics/autoencoder_heatmaps/test/dowel/good/14_heatmap.npy,,0,0,
dowel,test,good,0,523,15,data/processed/dowel/test/good/015_depth.npy,data/processed/dowel/test/good/015_mask.npy,data/raw/dowel/test/good/gt/015.png,100.0,323.0,67.0,328.0,115,9.347235679626465,outputs/metrics/classical_heatmaps/test/dowel/good/15_heatmap.npy,,0,115,0.0218845978379249,outputs/metrics/autoencoder_heatmaps/test/dowel/good/15_heatmap.npy,,0,0,
dowel,test,good,0,524,16,data/processed/dowel/test/good/016_depth.npy,data/processed/dowel/test/good/016_mask.npy,data/raw/dowel/test/good/gt/016.png,104.0,324.0,81.0,326.0,119,-1.2207585573196411,outputs/metrics/classical_heatmaps/test/dowel/good/16_heatmap.npy,,0,119,0.0554116182029247,outputs/metrics/autoencoder_heatmaps/test/dowel/good/16_heatmap.npy,,0,0,
dowel,test,good,0,525,17,data/processed/dowel/test/good/017_depth.npy,data/processed/dowel/test/good/017_mask.npy,data/raw/dowel/test/good/gt/017.png,103.0,318.0,66.0,331.0,118,18.276533126831055,outputs/metrics/classical_heatmaps/test/dowel/good/17_heatmap.npy,,0,118,0.0276502724736928,outputs/metrics/autoencoder_heatmaps/test/dowel/good/17_heatmap.npy,,0,0,
dowel,test,good,0,526,18,data/processed/dowel/test/good/018_depth.npy,data/processed/dowel/test/good/018_mask.npy,data/raw/dowel/test/good/gt/018.png,87.0,338.0,70.0,280.0,122,5.798676013946533,outputs/metrics/classical_heatmaps/test/dowel/good/18_heatmap.npy,,0,122,0.0171162225306034,outputs/metrics/autoencoder_heatmaps/test/dowel/good/18_heatmap.npy,,0,0,
dowel,test,good,0,527,19,data/processed/dowel/test/good/019_depth.npy,data/processed/dowel/test/good/019_mask.npy,data/raw/dowel/test/good/gt/019.png,83.0,315.0,72.0,329.0,117,23.52227783203125,outputs/metrics/classical_heatmaps/test/dowel/good/19_heatmap.npy,,0,117,0.0203951001167297,outputs/metrics/autoencoder_heatmaps/test/dowel/good/19_heatmap.npy,,0,0,
dowel,test,good,0,528,20,data/processed/dowel/test/good/020_depth.npy,data/processed/dowel/test/good/020_mask.npy,data/raw/dowel/test/good/gt/020.png,89.0,323.0,74.0,306.0,119,-0.7270669937133789,outputs/metrics/classical_heatmaps/test/dowel/good/20_heatmap.npy,,0,119,0.0203076880425214,outputs/metrics/autoencoder_heatmaps/test/dowel/good/20_heatmap.npy,,0,0,
dowel,test,good,0,529,21,data/processed/dowel/test/good/021_depth.npy,data/processed/dowel/test/good/021_mask.npy,data/raw/dowel/test/good/gt/021.png,77.0,305.0,47.0,302.0,117,18.61443328857422,outputs/metrics/classical_heatmaps/test/dowel/good/21_heatmap.npy,,0,117,0.0285415481775999,outputs/metrics/autoencoder_heatmaps/test/dowel/good/21_heatmap.npy,,0,0,
dowel,test,good,0,530,22,data/processed/dowel/test/good/022_depth.npy,data/processed/dowel/test/good/022_mask.npy,data/raw/dowel/test/good/gt/022.png,93.0,334.0,67.0,296.0,118,4.92146635055542,outputs/metrics/classical_heatmaps/test/dowel/good/22_heatmap.npy,,0,118,0.0140690067782998,outputs/metrics/autoencoder_heatmaps/test/dowel/good/22_heatmap.npy,,0,0,
dowel,test,good,0,531,23,data/processed/dowel/test/good/023_depth.npy,data/processed/dowel/test/good/023_mask.npy,data/raw/dowel/test/good/gt/023.png,80.0,308.0,67.0,323.0,115,23.35090446472168,outputs/metrics/classical_heatmaps/test/dowel/good/23_heatmap.npy,,0,115,0.0195668600499629,outputs/metrics/autoencoder_heatmaps/test/dowel/good/23_heatmap.npy,,0,0,
dowel,test,good,0,532,24,data/processed/dowel/test/good/024_depth.npy,data/processed/dowel/test/good/024_mask.npy,data/raw/dowel/test/good/gt/024.png,85.0,315.0,73.0,309.0,121,2.451549768447876,outputs/metrics/classical_heatmaps/test/dowel/good/24_heatmap.npy,,0,121,0.0187689550220966,outputs/metrics/autoencoder_heatmaps/test/dowel/good/24_heatmap.npy,,0,0,
dowel,test,good,0,533,25,data/processed/dowel/test/good/025_depth.npy,data/processed/dowel/test/good/025_mask.npy,data/raw/dowel/test/good/gt/025.png,88.0,322.0,64.0,294.0,117,1.5975385904312134,outputs/metrics/classical_heatmaps/test/dowel/good/25_heatmap.npy,,0,117,0.0161574929952621,outputs/metrics/autoencoder_heatmaps/test/dowel/good/25_heatmap.npy,,0,0,
dowel,test,bent,1,534,0,data/processed/dowel/test/bent/000_depth.npy,data/processed/dowel/test/bent/000_mask.npy,data/raw/dowel/test/bent/gt/000.png,97.0,338.0,79.0,308.0,116,6.943470001220703,outputs/metrics/classical_heatmaps/test/dowel/bent/0_heatmap.npy,fig/04_classical/test_heatmaps/dowel/bent/0_heatmap.png,541,116,0.0201079733669757,outputs/metrics/autoencoder_heatmaps/test/dowel/bent/0_heatmap.npy,fig/05_autoencoder/test_heatmaps/dowel/bent/0_heatmap.png,541,541,
dowel,test,bent,1,535,1,data/processed/dowel/test/bent/001_depth.npy,data/processed/dowel/test/bent/001_mask.npy,data/raw/dowel/test/bent/gt/001.png,92.0,330.0,104.0,329.0,126,4.584606647491455,outputs/metrics/classical_heatmaps/test/dowel/bent/1_heatmap.npy,fig/04_classical/test_heatmaps/dowel/bent/1_heatmap.png,374,126,0.0300235506147146,outputs/metrics/autoencoder_heatmaps/test/dowel/bent/1_heatmap.npy,fig/05_autoencoder/test_heatmaps/dowel/bent/1_heatmap.png,374,374,
dowel,test,bent,1,536,2,data/processed/dowel/test/bent/002_depth.npy,data/processed/dowel/test/bent/002_mask.npy,data/raw/dowel/test/bent/gt/002.png,80.0,309.0,73.0,331.0,115,6.0686516761779785,outputs/metrics/classical_heatmaps/test/dowel/bent/2_heatmap.npy,fig/04_classical/test_heatmaps/dowel/bent/2_heatmap.png,526,115,0.023237532004714,outputs/metrics/autoencoder_heatmaps/test/dowel/bent/2_heatmap.npy,fig/05_autoencoder/test_heatmaps/dowel/bent/2_heatmap.png,526,526,
dowel,test,bent,1,537,3,data/processed/dowel/test/bent/003_depth.npy,data/processed/dowel/test/bent/003_mask.npy,data/raw/dowel/test/bent/gt/003.png,104.0,310.0,73.0,332.0,130,2.2691190242767334,outputs/metrics/classical_heatmaps/test/dowel/bent/3_heatmap.npy,,715,130,0.0174021683633327,outputs/metrics/autoencoder_heatmaps/test/dowel/bent/3_heatmap.npy,,715,715,
dowel,test,bent,1,538,4,data/processed/dowel/test/bent/004_depth.npy,data/processed/dowel/test/bent/004_mask.npy,data/raw/dowel/test/bent/gt/004.png,97.0,293.0,62.0,327.0,123,-8.72952651977539,outputs/metrics/classical_heatmaps/test/dowel/bent/4_heatmap.npy,,974,123,0.0245306156575679,outputs/metrics/autoencoder_heatmaps/test/dowel/bent/4_heatmap.npy,,974,974,
dowel,test,bent,1,539,5,data/processed/dowel/test/bent/005_depth.npy,data/processed/dowel/test/bent/005_mask.npy,data/raw/dowel/test/bent/gt/005.png,109.0,343.0,68.0,300.0,119,2.850189208984375,outputs/metrics/classical_heatmaps/test/dowel/bent/5_heatmap.npy,,602,119,0.0216486454010009,outputs/metrics/autoencoder_heatmaps/test/dowel/bent/5_heatmap.npy,,602,602,
dowel,test,bent,1,540,6,data/processed/dowel/test/bent/006_depth.npy,data/processed/dowel/test/bent/006_mask.npy,data/raw/dowel/test/bent/gt/006.png,94.0,319.0,81.0,336.0,114,26.0395565032959,outputs/metrics/classical_heatmaps/test/dowel/bent/6_heatmap.npy,,817,114,0.0245291423052549,outputs/metrics/autoencoder_heatmaps/test/dowel/bent/6_heatmap.npy,,817,817,
dowel,test,bent,1,541,7,data/processed/dowel/test/bent/007_depth.npy,data/processed/dowel/test/bent/007_mask.npy,data/raw/dowel/test/bent/gt/007.png,98.0,328.0,84.0,318.0,119,-1.5156627893447876,outputs/metrics/classical_heatmaps/test/dowel/bent/7_heatmap.npy,,659,119,0.026291174814105,outputs/metrics/autoencoder_heatmaps/test/dowel/bent/7_heatmap.npy,,659,659,
dowel,test,bent,1,542,8,data/processed/dowel/test/bent/008_depth.npy,data/processed/dowel/test/bent/008_mask.npy,data/raw/dowel/test/bent/gt/008.png,88.0,316.0,68.0,328.0,117,2.491894006729126,outputs/metrics/classical_heatmaps/test/dowel/bent/8_heatmap.npy,,473,117,0.0238022822886705,outputs/metrics/autoencoder_heatmaps/test/dowel/bent/8_heatmap.npy,,473,473,
dowel,test,bent,1,543,9,data/processed/dowel/test/bent/009_depth.npy,data/processed/dowel/test/bent/009_mask.npy,data/raw/dowel/test/bent/gt/009.png,101.0,330.0,73.0,312.0,119,4.981733798980713,outputs/metrics/classical_heatmaps/test/dowel/bent/9_heatmap.npy,,509,119,0.0146973505616188,outputs/metrics/autoencoder_heatmaps/test/dowel/bent/9_heatmap.npy,,509,509,
dowel,test,bent,1,544,10,data/processed/dowel/test/bent/010_depth.npy,data/processed/dowel/test/bent/010_mask.npy,data/raw/dowel/test/bent/gt/010.png,111.0,329.0,68.0,335.0,112,22.048067092895508,outputs/metrics/classical_heatmaps/test/dowel/bent/10_heatmap.npy,,779,112,0.0212957840412855,outputs/metrics/autoencoder_heatmaps/test/dowel/bent/10_heatmap.npy,,779,779,
dowel,test,bent,1,545,11,data/processed/dowel/test/bent/011_depth.npy,data/processed/dowel/test/bent/011_mask.npy,data/raw/dowel/test/bent/gt/011.png,84.0,328.0,98.0,318.0,121,5.575592041015625,outputs/metrics/classical_heatmaps/test/dowel/bent/11_heatmap.npy,,786,121,0.0178198423236608,outputs/metrics/autoencoder_heatmaps/test/dowel/bent/11_heatmap.npy,,786,786,
dowel,test,bent,1,546,12,data/processed/dowel/test/bent/012_depth.npy,data/processed/dowel/test/bent/012_mask.npy,data/raw/dowel/test/bent/gt/012.png,89.0,318.0,64.0,324.0,118,-1.2849302291870115,outputs/metrics/classical_heatmaps/test/dowel/bent/12_heatmap.npy,,500,118,0.0209681540727615,outputs/metrics/autoencoder_heatmaps/test/dowel/bent/12_heatmap.npy,,500,500,
dowel,test,bent,1,547,13,data/processed/dowel/test/bent/013_depth.npy,data/processed/dowel/test/bent/013_mask.npy,data/raw/dowel/test/bent/gt/013.png,96.0,332.0,73.0,301.0,118,5.210297584533691,outputs/metrics/classical_heatmaps/test/dowel/bent/13_heatmap.npy,,559,118,0.0249778386205434,outputs/metrics/autoencoder_heatmaps/test/dowel/bent/13_heatmap.npy,,559,559,
dowel,test,bent,1,548,14,data/processed/dowel/test/bent/014_depth.npy,data/processed/dowel/test/bent/014_mask.npy,data/raw/dowel/test/bent/gt/014.png,93.0,307.0,86.0,352.0,117,15.443065643310549,outputs/metrics/classical_heatmaps/test/dowel/bent/14_heatmap.npy,,1122,117,0.0226729940623044,outputs/metrics/autoencoder_heatmaps/test/dowel/bent/14_heatmap.npy,,1122,1122,
dowel,test,bent,1,549,15,data/processed/dowel/test/bent/015_depth.npy,data/processed/dowel/test/bent/015_mask.npy,data/raw/dowel/test/bent/gt/015.png,83.0,327.0,106.0,324.0,122,9.11227321624756,outputs/metrics/classical_heatmaps/test/dowel/bent/15_heatmap.npy,,898,122,0.0161466542631387,outputs/metrics/autoencoder_heatmaps/test/dowel/bent/15_heatmap.npy,,898,898,
dowel,test,bent,1,550,16,data/processed/dowel/test/bent/016_depth.npy,data/processed/dowel/test/bent/016_mask.npy,data/raw/dowel/test/bent/gt/016.png,69.0,325.0,67.0,295.0,115,-6.85934591293335,outputs/metrics/classical_heatmaps/test/dowel/bent/16_heatmap.npy,,363,115,0.0206012669950723,outputs/metrics/autoencoder_heatmaps/test/dowel/bent/16_heatmap.npy,,363,363,
dowel,test,bent,1,551,17,data/processed/dowel/test/bent/017_depth.npy,data/processed/dowel/test/bent/017_mask.npy,data/raw/dowel/test/bent/gt/017.png,91.0,311.0,93.0,333.0,121,-4.260167598724365,outputs/metrics/classical_heatmaps/test/dowel/bent/17_heatmap.npy,,874,121,0.0178601834923028,outputs/metrics/autoencoder_heatmaps/test/dowel/bent/17_heatmap.npy,,874,874,
dowel,test,bent,1,552,18,data/processed/dowel/test/bent/018_depth.npy,data/processed/dowel/test/bent/018_mask.npy,data/raw/dowel/test/bent/gt/018.png,87.0,315.0,74.0,311.0,118,-0.5482231974601746,outputs/metrics/classical_heatmaps/test/dowel/bent/18_heatmap.npy,,793,118,0.0245561692863702,outputs/metrics/autoencoder_heatmaps/test/dowel/bent/18_heatmap.npy,,793,793,
dowel,test,bent,1,553,19,data/processed/dowel/test/bent/019_depth.npy,data/processed/dowel/test/bent/019_mask.npy,data/raw/dowel/test/bent/gt/019.png,115.0,335.0,52.0,300.0,119,2.9920146465301514,outputs/metrics/classical_heatmaps/test/dowel/bent/19_heatmap.npy,,407,119,0.0268511399626731,outputs/metrics/autoencoder_heatmaps/test/dowel/bent/19_heatmap.npy,,407,407,
dowel,test,bent,1,554,20,data/processed/dowel/test/bent/020_depth.npy,data/processed/dowel/test/bent/020_mask.npy,data/raw/dowel/test/bent/gt/020.png,113.0,347.0,58.0,294.0,121,4.3234758377075195,outputs/metrics/classical_heatmaps/test/dowel/bent/20_heatmap.npy,,595,121,0.0146745862439274,outputs/metrics/autoencoder_heatmaps/test/dowel/bent/20_heatmap.npy,,595,595,
dowel,test,bent,1,555,21,data/processed/dowel/test/bent/021_depth.npy,data/processed/dowel/test/bent/021_mask.npy,data/raw/dowel/test/bent/gt/021.png,97.0,317.0,63.0,326.0,116,18.29376983642578,outputs/metrics/classical_heatmaps/test/dowel/bent/21_heatmap.npy,,864,116,0.0209583193063735,outputs/metrics/autoencoder_heatmaps/test/dowel/bent/21_heatmap.npy,,864,864,
dowel,test,bent,1,556,22,data/processed/dowel/test/bent/022_depth.npy,data/processed/dowel/test/bent/022_mask.npy,data/raw/dowel/test/bent/gt/022.png,94.0,301.0,61.0,319.0,122,-1.8658748865127563,outputs/metrics/classical_heatmaps/test/dowel/bent/22_heatmap.npy,,596,122,0.0184078682214021,outputs/metrics/autoencoder_heatmaps/test/dowel/bent/22_heatmap.npy,,596,596,
dowel,test,bent,1,557,23,data/processed/dowel/test/bent/023_depth.npy,data/processed/dowel/test/bent/023_mask.npy,data/raw/dowel/test/bent/gt/023.png,100.0,332.0,64.0,299.0,119,2.7748911380767822,outputs/metrics/classical_heatmaps/test/dowel/bent/23_heatmap.npy,,521,119,0.0220149084925651,outputs/metrics/autoencoder_heatmaps/test/dowel/bent/23_heatmap.npy,,521,521,
dowel,test,bent,1,558,24,data/processed/dowel/test/bent/024_depth.npy,data/processed/dowel/test/bent/024_mask.npy,data/raw/dowel/test/bent/gt/024.png,96.0,311.0,64.0,313.0,119,-0.760896623134613,outputs/metrics/classical_heatmaps/test/dowel/bent/24_heatmap.npy,,643,119,0.0217433851212263,outputs/metrics/autoencoder_heatmaps/test/dowel/bent/24_heatmap.npy,,643,643,
dowel,test,bent,1,559,25,data/processed/dowel/test/bent/025_depth.npy,data/processed/dowel/test/bent/025_mask.npy,data/raw/dowel/test/bent/gt/025.png,68.0,296.0,80.0,333.0,116,23.19085121154785,outputs/metrics/classical_heatmaps/test/dowel/bent/25_heatmap.npy,,1014,116,0.0212029907852411,outputs/metrics/autoencoder_heatmaps/test/dowel/bent/25_heatmap.npy,,1014,1014,
dowel,test,bent,1,560,26,data/processed/dowel/test/bent/026_depth.npy,data/processed/dowel/test/bent/026_mask.npy,data/raw/dowel/test/bent/gt/026.png,102.0,315.0,57.0,308.0,117,4.97084379196167,outputs/metrics/classical_heatmaps/test/dowel/bent/26_heatmap.npy,,566,117,0.017092416062951,outputs/metrics/autoencoder_heatmaps/test/dowel/bent/26_heatmap.npy,,566,566,
dowel,test,combined,1,561,0,data/processed/dowel/test/combined/000_depth.npy,data/processed/dowel/test/combined/000_mask.npy,data/raw/dowel/test/combined/gt/000.png,86.0,321.0,95.0,323.0,119,-0.9681217670440674,outputs/metrics/classical_heatmaps/test/dowel/combined/0_heatmap.npy,,1019,119,0.0160352494567632,outputs/metrics/autoencoder_heatmaps/test/dowel/combined/0_heatmap.npy,,1019,1019,fig/06_results/dowel/combined/0_comparison.png
dowel,test,combined,1,562,1,data/processed/dowel/test/combined/001_depth.npy,data/processed/dowel/test/combined/001_mask.npy,data/raw/dowel/test/combined/gt/001.png,121.0,344.0,68.0,311.0,117,4.3544020652771,outputs/metrics/classical_heatmaps/test/dowel/combined/1_heatmap.npy,,1353,117,0.0166784971952438,outputs/metrics/autoencoder_heatmaps/test/dowel/combined/1_heatmap.npy,,1353,1353,
dowel,test,combined,1,563,2,data/processed/dowel/test/combined/002_depth.npy,data/processed/dowel/test/combined/002_mask.npy,data/raw/dowel/test/combined/gt/002.png,80.0,315.0,102.0,328.0,122,-0.3183964788913727,outputs/metrics/classical_heatmaps/test/dowel/combined/2_heatmap.npy,,2398,122,0.016134388744831,outputs/metrics/autoencoder_heatmaps/test/dowel/combined/2_heatmap.npy,,2398,2398,
dowel,test,combined,1,564,3,data/processed/dowel/test/combined/003_depth.npy,data/processed/dowel/test/combined/003_mask.npy,data/raw/dowel/test/combined/gt/003.png,89.0,328.0,62.0,309.0,114,7.347663402557373,outputs/metrics/classical_heatmaps/test/dowel/combined/3_heatmap.npy,,946,114,0.0188520420342683,outputs/metrics/autoencoder_heatmaps/test/dowel/combined/3_heatmap.npy,,946,946,
dowel,test,combined,1,565,4,data/processed/dowel/test/combined/004_depth.npy,data/processed/dowel/test/combined/004_mask.npy,data/raw/dowel/test/combined/gt/004.png,105.0,341.0,79.0,307.0,116,5.069411754608154,outputs/metrics/classical_heatmaps/test/dowel/combined/4_heatmap.npy,,839,116,0.0133633194491267,outputs/metrics/autoencoder_heatmaps/test/dowel/combined/4_heatmap.npy,,839,839,
dowel,test,combined,1,566,5,data/processed/dowel/test/combined/005_depth.npy,data/processed/dowel/test/combined/005_mask.npy,data/raw/dowel/test/combined/gt/005.png,101.0,333.0,76.0,312.0,119,8.32182788848877,outputs/metrics/classical_heatmaps/test/dowel/combined/5_heatmap.npy,,662,119,0.0187921803444623,outputs/metrics/autoencoder_heatmaps/test/dowel/combined/5_heatmap.npy,,662,662,
dowel,test,combined,1,567,6,data/processed/dowel/test/combined/006_depth.npy,data/processed/dowel/test/combined/006_mask.npy,data/raw/dowel/test/combined/gt/006.png,96.0,316.0,70.0,313.0,123,-0.9783635139465332,outputs/metrics/classical_heatmaps/test/dowel/combined/6_heatmap.npy,,1143,123,0.0196095257997512,outputs/metrics/autoencoder_heatmaps/test/dowel/combined/6_heatmap.npy,,1143,1143,
dowel,test,combined,1,568,7,data/processed/dowel/test/combined/007_depth.npy,data/processed/dowel/test/combined/007_mask.npy,data/raw/dowel/test/combined/gt/007.png,99.0,319.0,80.0,324.0,121,-5.461986541748047,outputs/metrics/classical_heatmaps/test/dowel/combined/7_heatmap.npy,,1134,121,0.0206021685153245,outputs/metrics/autoencoder_heatmaps/test/dowel/combined/7_heatmap.npy,,1134,1134,
dowel,test,combined,1,569,8,data/processed/dowel/test/combined/008_depth.npy,data/processed/dowel/test/combined/008_mask.npy,data/raw/dowel/test/combined/gt/008.png,115.0,333.0,67.0,314.0,117,-0.1436319351196289,outputs/metrics/classical_heatmaps/test/dowel/combined/8_heatmap.npy,,978,117,0.0227735210210084,outputs/metrics/autoencoder_heatmaps/test/dowel/combined/8_heatmap.npy,,978,978,
dowel,test,combined,1,570,9,data/processed/dowel/test/combined/009_depth.npy,data/processed/dowel/test/combined/009_mask.npy,data/raw/dowel/test/combined/gt/009.png,70.0,323.0,87.0,314.0,118,-7.727650165557861,outputs/metrics/classical_heatmaps/test/dowel/combined/9_heatmap.npy,,1180,118,0.0198203343898057,outputs/metrics/autoencoder_heatmaps/test/dowel/combined/9_heatmap.npy,,1180,1180,
dowel,test,combined,1,571,10,data/processed/dowel/test/combined/010_depth.npy,data/processed/dowel/test/combined/010_mask.npy,data/raw/dowel/test/combined/gt/010.png,93.0,327.0,80.0,302.0,118,5.6578850746154785,outputs/metrics/classical_heatmaps/test/dowel/combined/10_heatmap.npy,,1563,118,0.0187965501099824,outputs/metrics/autoencoder_heatmaps/test/dowel/combined/10_heatmap.npy,,1563,1563,
dowel,test,combined,1,572,11,data/processed/dowel/test/combined/011_depth.npy,data/processed/dowel/test/combined/011_mask.npy,data/raw/dowel/test/combined/gt/011.png,96.0,346.0,73.0,285.0,120,5.670463562011719,outputs/metrics/classical_heatmaps/test/dowel/combined/11_heatmap.npy,,935,120,0.0189431253820657,outputs/metrics/autoencoder_heatmaps/test/dowel/combined/11_heatmap.npy,,935,935,
dowel,test,combined,1,573,12,data/processed/dowel/test/combined/012_depth.npy,data/processed/dowel/test/combined/012_mask.npy,data/raw/dowel/test/combined/gt/012.png,95.0,329.0,92.0,325.0,121,4.8269877433776855,outputs/metrics/classical_heatmaps/test/dowel/combined/12_heatmap.npy,,636,121,0.0194841120392084,outputs/metrics/autoencoder_heatmaps/test/dowel/combined/12_heatmap.npy,,636,636,
dowel,test,combined,1,574,13,data/processed/dowel/test/combined/013_depth.npy,data/processed/dowel/test/combined/013_mask.npy,data/raw/dowel/test/combined/gt/013.png,89.0,321.0,74.0,377.0,133,-8.959078788757324,outputs/metrics/classical_heatmaps/test/dowel/combined/13_heatmap.npy,,870,133,0.0210696961730718,outputs/metrics/autoencoder_heatmaps/test/dowel/combined/13_heatmap.npy,,870,870,
dowel,test,combined,1,575,14,data/processed/dowel/test/combined/014_depth.npy,data/processed/dowel/test/combined/014_mask.npy,data/raw/dowel/test/combined/gt/014.png,103.0,332.0,78.0,314.0,117,2.787468671798706,outputs/metrics/classical_heatmaps/test/dowel/combined/14_heatmap.npy,,770,117,0.0169313121587038,outputs/metrics/autoencoder_heatmaps/test/dowel/combined/14_heatmap.npy,,770,770,
dowel,test,combined,1,576,15,data/processed/dowel/test/combined/015_depth.npy,data/processed/dowel/test/combined/015_mask.npy,data/raw/dowel/test/combined/gt/015.png,96.0,324.0,64.0,303.0,119,5.887956142425537,outputs/metrics/classical_heatmaps/test/dowel/combined/15_heatmap.npy,,885,119,0.0230830032378435,outputs/metrics/autoencoder_heatmaps/test/dowel/combined/15_heatmap.npy,,885,885,
dowel,test,combined,1,577,16,data/processed/dowel/test/combined/016_depth.npy,data/processed/dowel/test/combined/016_mask.npy,data/raw/dowel/test/combined/gt/016.png,95.0,336.0,60.0,286.0,120,2.965407609939575,outputs/metrics/classical_heatmaps/test/dowel/combined/16_heatmap.npy,,835,120,0.0178659297525882,outputs/metrics/autoencoder_heatmaps/test/dowel/combined/16_heatmap.npy,,835,835,
dowel,test,combined,1,578,17,data/processed/dowel/test/combined/017_depth.npy,data/processed/dowel/test/combined/017_mask.npy,data/raw/dowel/test/combined/gt/017.png,92.0,312.0,83.0,326.0,120,0.7404562830924988,outputs/metrics/classical_heatmaps/test/dowel/combined/17_heatmap.npy,,695,120,0.018235882744193,outputs/metrics/autoencoder_heatmaps/test/dowel/combined/17_heatmap.npy,,695,695,
dowel,test,combined,1,579,18,data/processed/dowel/test/combined/018_depth.npy,data/processed/dowel/test/combined/018_mask.npy,data/raw/dowel/test/combined/gt/018.png,95.0,314.0,79.0,322.0,118,-3.8670461177825928,outputs/metrics/classical_heatmaps/test/dowel/combined/18_heatmap.npy,,832,118,0.0158260930329561,outputs/metrics/autoencoder_heatmaps/test/dowel/combined/18_heatmap.npy,,832,832,fig/06_results/dowel/combined/18_comparison.png
dowel,test,combined,1,580,19,data/processed/dowel/test/combined/019_depth.npy,data/processed/dowel/test/combined/019_mask.npy,data/raw/dowel/test/combined/gt/019.png,112.0,347.0,75.0,303.0,118,3.16298770904541,outputs/metrics/classical_heatmaps/test/dowel/combined/19_heatmap.npy,,1010,118,0.0201508849859237,outputs/metrics/autoencoder_heatmaps/test/dowel/combined/19_heatmap.npy,,1010,1010,
dowel,test,combined,1,581,20,data/processed/dowel/test/combined/020_depth.npy,data/processed/dowel/test/combined/020_mask.npy,data/raw/dowel/test/combined/gt/020.png,103.0,334.0,64.0,298.0,118,1.459908127784729,outputs/metrics/classical_heatmaps/test/dowel/combined/20_heatmap.npy,,1112,118,0.0228169430047273,outputs/metrics/autoencoder_heatmaps/test/dowel/combined/20_heatmap.npy,,1112,1112,
dowel,test,combined,1,582,21,data/processed/dowel/test/combined/021_depth.npy,data/processed/dowel/test/combined/021_mask.npy,data/raw/dowel/test/combined/gt/021.png,74.0,310.0,55.0,299.0,115,1.8640886545181272,outputs/metrics/classical_heatmaps/test/dowel/combined/21_heatmap.npy,,205,115,0.0165165979415178,outputs/metrics/autoencoder_heatmaps/test/dowel/combined/21_heatmap.npy,,205,205,
dowel,test,combined,1,583,22,data/processed/dowel/test/combined/022_depth.npy,data/processed/dowel/test/combined/022_mask.npy,data/raw/dowel/test/combined/gt/022.png,83.0,333.0,102.0,309.0,123,5.8962602615356445,outputs/metrics/classical_heatmaps/test/dowel/combined/22_heatmap.npy,,593,123,0.0175615698099136,outputs/metrics/autoencoder_heatmaps/test/dowel/combined/22_heatmap.npy,,593,593,
dowel,test,combined,1,584,23,data/processed/dowel/test/combined/023_depth.npy,data/processed/dowel/test/combined/023_mask.npy,data/raw/dowel/test/combined/gt/023.png,66.0,310.0,85.0,321.0,115,21.744430541992188,outputs/metrics/classical_heatmaps/test/dowel/combined/23_heatmap.npy,,1016,115,0.0208073463290929,outputs/metrics/autoencoder_heatmaps/test/dowel/combined/23_heatmap.npy,,1016,1016,
dowel,test,combined,1,585,24,data/processed/dowel/test/combined/024_depth.npy,data/processed/dowel/test/combined/024_mask.npy,data/raw/dowel/test/combined/gt/024.png,70.0,330.0,91.0,308.0,115,-13.599239349365234,outputs/metrics/classical_heatmaps/test/dowel/combined/24_heatmap.npy,,750,115,0.0179069843143224,outputs/metrics/autoencoder_heatmaps/test/dowel/combined/24_heatmap.npy,,750,750,
dowel,test,combined,1,586,25,data/processed/dowel/test/combined/025_depth.npy,data/processed/dowel/test/combined/025_mask.npy,data/raw/dowel/test/combined/gt/025.png,86.0,318.0,54.0,306.0,116,1.2249914407730105,outputs/metrics/classical_heatmaps/test/dowel/combined/25_heatmap.npy,,818,116,0.0226021837443113,outputs/metrics/autoencoder_heatmaps/test/dowel/combined/25_heatmap.npy,,818,818,
dowel,test,contamination,1,587,0,data/processed/dowel/test/contamination/000_depth.npy,data/processed/dowel/test/contamination/000_mask.npy,data/raw/dowel/test/contamination/gt/000.png,86.0,332.0,85.0,298.0,122,3.3115484714508057,outputs/metrics/classical_heatmaps/test/dowel/contamination/0_heatmap.npy,,550,122,0.0150753473863005,outputs/metrics/autoencoder_heatmaps/test/dowel/contamination/0_heatmap.npy,,550,550,
dowel,test,contamination,1,588,1,data/processed/dowel/test/contamination/001_depth.npy,data/processed/dowel/test/contamination/001_mask.npy,data/raw/dowel/test/contamination/gt/001.png,110.0,320.0,65.0,336.0,124,10.877304077148438,outputs/metrics/classical_heatmaps/test/dowel/contamination/1_heatmap.npy,,455,124,0.0283011477440595,outputs/metrics/autoencoder_heatmaps/test/dowel/contamination/1_heatmap.npy,,455,455,
dowel,test,contamination,1,589,2,data/processed/dowel/test/contamination/002_depth.npy,data/processed/dowel/test/contamination/002_mask.npy,data/raw/dowel/test/contamination/gt/002.png,94.0,336.0,100.0,322.0,121,-1.341790795326233,outputs/metrics/classical_heatmaps/test/dowel/contamination/2_heatmap.npy,,302,121,0.0148469656705856,outputs/metrics/autoencoder_heatmaps/test/dowel/contamination/2_heatmap.npy,,302,302,fig/06_results/dowel/contamination/2_comparison.png
dowel,test,contamination,1,590,3,data/processed/dowel/test/contamination/003_depth.npy,data/processed/dowel/test/contamination/003_mask.npy,data/raw/dowel/test/contamination/gt/003.png,104.0,332.0,87.0,322.0,120,-0.5741829872131348,outputs/metrics/classical_heatmaps/test/dowel/contamination/3_heatmap.npy,,273,120,0.0180171411484479,outputs/metrics/autoencoder_heatmaps/test/dowel/contamination/3_heatmap.npy,,273,273,
dowel,test,contamination,1,591,4,data/processed/dowel/test/contamination/004_depth.npy,data/processed/dowel/test/contamination/004_mask.npy,data/raw/dowel/test/contamination/gt/004.png,61.0,318.0,82.0,302.0,116,-3.841638565063477,outputs/metrics/classical_heatmaps/test/dowel/contamination/4_heatmap.npy,,394,116,0.0195224210619926,outputs/metrics/autoencoder_heatmaps/test/dowel/contamination/4_heatmap.npy,,394,394,
dowel,test,contamination,1,592,5,data/processed/dowel/test/contamination/005_depth.npy,data/processed/dowel/test/contamination/005_mask.npy,data/raw/dowel/test/contamination/gt/005.png,94.0,318.0,88.0,326.0,118,-1.678000807762146,outputs/metrics/classical_heatmaps/test/dowel/contamination/5_heatmap.npy,,163,118,0.0176391582936048,outputs/metrics/autoencoder_heatmaps/test/dowel/contamination/5_heatmap.npy,,163,163,
dowel,test,contamination,1,593,6,data/processed/dowel/test/contamination/006_depth.npy,data/processed/dowel/test/contamination/006_mask.npy,data/raw/dowel/test/contamination/gt/006.png,83.0,310.0,92.0,328.0,119,-1.6037708520889282,outputs/metrics/classical_heatmaps/test/dowel/contamination/6_heatmap.npy,,878,119,0.0182068459689617,outputs/metrics/autoencoder_heatmaps/test/dowel/contamination/6_heatmap.npy,,878,878,
dowel,test,contamination,1,594,7,data/processed/dowel/test/contamination/007_depth.npy,data/processed/dowel/test/contamination/007_mask.npy,data/raw/dowel/test/contamination/gt/007.png,92.0,329.0,84.0,331.0,112,-0.8029277920722961,outputs/metrics/classical_heatmaps/test/dowel/contamination/7_heatmap.npy,,1174,112,0.0199870467185974,outputs/metrics/autoencoder_heatmaps/test/dowel/contamination/7_heatmap.npy,,1174,1174,
dowel,test,contamination,1,595,8,data/processed/dowel/test/contamination/008_depth.npy,data/processed/dowel/test/contamination/008_mask.npy,data/raw/dowel/test/contamination/gt/008.png,93.0,338.0,84.0,300.0,121,9.569732666015623,outputs/metrics/classical_heatmaps/test/dowel/contamination/8_heatmap.npy,,503,121,0.0146639989688992,outputs/metrics/autoencoder_heatmaps/test/dowel/contamination/8_heatmap.npy,,503,503,
dowel,test,contamination,1,596,9,data/processed/dowel/test/contamination/009_depth.npy,data/processed/dowel/test/contamination/009_mask.npy,data/raw/dowel/test/contamination/gt/009.png,97.0,329.0,61.0,316.0,112,12.320967674255373,outputs/metrics/classical_heatmaps/test/dowel/contamination/9_heatmap.npy,,1300,112,0.0184529107064008,outputs/metrics/autoencoder_heatmaps/test/dowel/contamination/9_heatmap.npy,,1300,1300,
dowel,test,contamination,1,597,10,data/processed/dowel/test/contamination/010_depth.npy,data/processed/dowel/test/contamination/010_mask.npy,data/raw/dowel/test/contamination/gt/010.png,78.0,317.0,46.0,294.0,119,16.936891555786133,outputs/metrics/classical_heatmaps/test/dowel/contamination/10_heatmap.npy,,629,119,0.0253365039825439,outputs/metrics/autoencoder_heatmaps/test/dowel/contamination/10_heatmap.npy,,629,629,
dowel,test,contamination,1,598,11,data/processed/dowel/test/contamination/011_depth.npy,data/processed/dowel/test/contamination/011_mask.npy,data/raw/dowel/test/contamination/gt/011.png,90.0,332.0,105.0,328.0,122,1.2457648515701294,outputs/metrics/classical_heatmaps/test/dowel/contamination/11_heatmap.npy,,454,122,0.0163522083312273,outputs/metrics/autoencoder_heatmaps/test/dowel/contamination/11_heatmap.npy,,454,454,
dowel,test,contamination,1,599,12,data/processed/dowel/test/contamination/012_depth.npy,data/processed/dowel/test/contamination/012_mask.npy,data/raw/dowel/test/contamination/gt/012.png,81.0,331.0,112.0,324.0,121,2.797438859939575,outputs/metrics/classical_heatmaps/test/dowel/contamination/12_heatmap.npy,,427,121,0.0182165894657373,outputs/metrics/autoencoder_heatmaps/test/dowel/contamination/12_heatmap.npy,,427,427,
dowel,test,contamination,1,600,13,data/processed/dowel/test/contamination/013_depth.npy,data/processed/dowel/test/contamination/013_mask.npy,data/raw/dowel/test/contamination/gt/013.png,80.0,319.0,72.0,317.0,116,-0.0130345718935132,outputs/metrics/classical_heatmaps/test/dowel/contamination/13_heatmap.npy,,549,116,0.0184121634811162,outputs/metrics/autoencoder_heatmaps/test/dowel/contamination/13_heatmap.npy,,549,549,
dowel,test,contamination,1,601,14,data/processed/dowel/test/contamination/014_depth.npy,data/processed/dowel/test/contamination/014_mask.npy,data/raw/dowel/test/contamination/gt/014.png,94.0,339.0,84.0,304.0,119,0.5929393768310547,outputs/metrics/classical_heatmaps/test/dowel/contamination/14_heatmap.npy,,254,119,0.0204469058662652,outputs/metrics/autoencoder_heatmaps/test/dowel/contamination/14_heatmap.npy,,254,254,
dowel,test,contamination,1,602,15,data/processed/dowel/test/contamination/015_depth.npy,data/processed/dowel/test/contamination/015_mask.npy,data/raw/dowel/test/contamination/gt/015.png,100.0,331.0,60.0,315.0,116,4.768543243408203,outputs/metrics/classical_heatmaps/test/dowel/contamination/15_heatmap.npy,,422,116,0.0172453802078962,outputs/metrics/autoencoder_heatmaps/test/dowel/contamination/15_heatmap.npy,,422,422,
dowel,test,contamination,1,603,16,data/processed/dowel/test/contamination/016_depth.npy,data/processed/dowel/test/contamination/016_mask.npy,data/raw/dowel/test/contamination/gt/016.png,84.0,331.0,103.0,318.0,121,4.2466630935668945,outputs/metrics/classical_heatmaps/test/dowel/contamination/16_heatmap.npy,,200,121,0.0240355171263217,outputs/metrics/autoencoder_heatmaps/test/dowel/contamination/16_heatmap.npy,,200,200,
dowel,test,contamination,1,604,17,data/processed/dowel/test/contamination/017_depth.npy,data/processed/dowel/test/contamination/017_mask.npy,data/raw/dowel/test/contamination/gt/017.png,90.0,351.0,96.0,290.0,122,3.6623382568359375,outputs/metrics/classical_heatmaps/test/dowel/contamination/17_heatmap.npy,,311,122,0.0202502142637968,outputs/metrics/autoencoder_heatmaps/test/dowel/contamination/17_heatmap.npy,,311,311,
dowel,test,contamination,1,605,18,data/processed/dowel/test/contamination/018_depth.npy,data/processed/dowel/test/contamination/018_mask.npy,data/raw/dowel/test/contamination/gt/018.png,102.0,331.0,60.0,301.0,116,9.009753227233888,outputs/metrics/classical_heatmaps/test/dowel/contamination/18_heatmap.npy,,327,116,0.0152384797111153,outputs/metrics/autoencoder_heatmaps/test/dowel/contamination/18_heatmap.npy,,327,327,
dowel,test,contamination,1,606,19,data/processed/dowel/test/contamination/019_depth.npy,data/processed/dowel/test/contamination/019_mask.npy,data/raw/dowel/test/contamination/gt/019.png,69.0,310.0,60.0,303.0,115,5.564014434814453,outputs/metrics/classical_heatmaps/test/dowel/contamination/19_heatmap.npy,,136,115,0.018814293667674,outputs/metrics/autoencoder_heatmaps/test/dowel/contamination/19_heatmap.npy,,136,136,
dowel,test,contamination,1,607,20,data/processed/dowel/test/contamination/020_depth.npy,data/processed/dowel/test/contamination/020_mask.npy,data/raw/dowel/test/contamination/gt/020.png,102.0,329.0,88.0,328.0,123,3.951508045196533,outputs/metrics/classical_heatmaps/test/dowel/contamination/20_heatmap.npy,,241,123,0.0181554816663265,outputs/metrics/autoencoder_heatmaps/test/dowel/contamination/20_heatmap.npy,,241,241,
dowel,test,contamination,1,608,21,data/processed/dowel/test/contamination/021_depth.npy,data/processed/dowel/test/contamination/021_mask.npy,data/raw/dowel/test/contamination/gt/021.png,90.0,323.0,67.0,320.0,114,16.449331283569336,outputs/metrics/classical_heatmaps/test/dowel/contamination/21_heatmap.npy,,323,114,0.0184627026319503,outputs/metrics/autoencoder_heatmaps/test/dowel/contamination/21_heatmap.npy,,323,323,
dowel,test,contamination,1,609,22,data/processed/dowel/test/contamination/022_depth.npy,data/processed/dowel/test/contamination/022_mask.npy,data/raw/dowel/test/contamination/gt/022.png,99.0,329.0,76.0,312.0,121,1.8057844638824463,outputs/metrics/classical_heatmaps/test/dowel/contamination/22_heatmap.npy,,148,121,0.017163123935461,outputs/metrics/autoencoder_heatmaps/test/dowel/contamination/22_heatmap.npy,,148,148,
dowel,test,contamination,1,610,23,data/processed/dowel/test/contamination/023_depth.npy,data/processed/dowel/test/contamination/023_mask.npy,data/raw/dowel/test/contamination/gt/023.png,87.0,330.0,62.0,285.0,119,-1.798445224761963,outputs/metrics/classical_heatmaps/test/dowel/contamination/23_heatmap.npy,,218,119,0.0195232797414064,outputs/metrics/autoencoder_heatmaps/test/dowel/contamination/23_heatmap.npy,,218,218,
dowel,test,contamination,1,611,24,data/processed/dowel/test/contamination/024_depth.npy,data/processed/dowel/test/contamination/024_mask.npy,data/raw/dowel/test/contamination/gt/024.png,88.0,321.0,68.0,322.0,115,22.20050048828125,outputs/metrics/classical_heatmaps/test/dowel/contamination/24_heatmap.npy,,574,115,0.0215079188346862,outputs/metrics/autoencoder_heatmaps/test/dowel/contamination/24_heatmap.npy,,574,574,
dowel,test,contamination,1,612,25,data/processed/dowel/test/contamination/025_depth.npy,data/processed/dowel/test/contamination/025_mask.npy,data/raw/dowel/test/contamination/gt/025.png,82.0,312.0,49.0,307.0,116,11.62692165374756,outputs/metrics/classical_heatmaps/test/dowel/contamination/25_heatmap.npy,,422,116,0.0191826950758695,outputs/metrics/autoencoder_heatmaps/test/dowel/contamination/25_heatmap.npy,,422,422,
dowel,test,cut,1,613,0,data/processed/dowel/test/cut/000_depth.npy,data/processed/dowel/test/cut/000_mask.npy,data/raw/dowel/test/cut/gt/000.png,88.0,342.0,97.0,309.0,121,4.613861560821533,outputs/metrics/classical_heatmaps/test/dowel/cut/0_heatmap.npy,,699,121,0.0253031812608242,outputs/metrics/autoencoder_heatmaps/test/dowel/cut/0_heatmap.npy,,699,699,
dowel,test,cut,1,614,1,data/processed/dowel/test/cut/001_depth.npy,data/processed/dowel/test/cut/001_mask.npy,data/raw/dowel/test/cut/gt/001.png,104.0,321.0,78.0,323.0,120,1.6526943445205688,outputs/metrics/classical_heatmaps/test/dowel/cut/1_heatmap.npy,,93,120,0.0201585907489061,outputs/metrics/autoencoder_heatmaps/test/dowel/cut/1_heatmap.npy,,93,93,
dowel,test,cut,1,615,2,data/processed/dowel/test/cut/002_depth.npy,data/processed/dowel/test/cut/002_mask.npy,data/raw/dowel/test/cut/gt/002.png,94.0,332.0,74.0,321.0,114,11.409092903137209,outputs/metrics/classical_heatmaps/test/dowel/cut/2_heatmap.npy,,370,114,0.0166359115391969,outputs/metrics/autoencoder_heatmaps/test/dowel/cut/2_heatmap.npy,,370,370,
dowel,test,cut,1,616,3,data/processed/dowel/test/cut/003_depth.npy,data/processed/dowel/test/cut/003_mask.npy,data/raw/dowel/test/cut/gt/003.png,89.0,315.0,98.0,336.0,118,0.5038029551506042,outputs/metrics/classical_heatmaps/test/dowel/cut/3_heatmap.npy,,711,118,0.017737565562129,outputs/metrics/autoencoder_heatmaps/test/dowel/cut/3_heatmap.npy,,711,711,
dowel,test,cut,1,617,4,data/processed/dowel/test/cut/004_depth.npy,data/processed/dowel/test/cut/004_mask.npy,data/raw/dowel/test/cut/gt/004.png,88.0,334.0,88.0,305.0,120,2.6706504821777344,outputs/metrics/classical_heatmaps/test/dowel/cut/4_heatmap.npy,,315,120,0.0168951246887445,outputs/metrics/autoencoder_heatmaps/test/dowel/cut/4_heatmap.npy,,315,315,
dowel,test,cut,1,618,5,data/processed/dowel/test/cut/005_depth.npy,data/processed/dowel/test/cut/005_mask.npy,data/raw/dowel/test/cut/gt/005.png,99.0,305.0,65.0,333.0,117,1.4383472204208374,outputs/metrics/classical_heatmaps/test/dowel/cut/5_heatmap.npy,,119,117,0.0288418177515268,outputs/metrics/autoencoder_heatmaps/test/dowel/cut/5_heatmap.npy,,119,119,
dowel,test,cut,1,619,6,data/processed/dowel/test/cut/006_depth.npy,data/processed/dowel/test/cut/006_mask.npy,data/raw/dowel/test/cut/gt/006.png,111.0,324.0,59.0,331.0,122,17.958812713623047,outputs/metrics/classical_heatmaps/test/dowel/cut/6_heatmap.npy,,554,122,0.0311570335179567,outputs/metrics/autoencoder_heatmaps/test/dowel/cut/6_heatmap.npy,,554,554,
dowel,test,cut,1,620,7,data/processed/dowel/test/cut/007_depth.npy,data/processed/dowel/test/cut/007_mask.npy,data/raw/dowel/test/cut/gt/007.png,65.0,332.0,99.0,283.0,129,8.143899917602539,outputs/metrics/classical_heatmaps/test/dowel/cut/7_heatmap.npy,,774,129,0.0208702981472015,outputs/metrics/autoencoder_heatmaps/test/dowel/cut/7_heatmap.npy,,774,774,
dowel,test,cut,1,621,8,data/processed/dowel/test/cut/008_depth.npy,data/processed/dowel/test/cut/008_mask.npy,data/raw/dowel/test/cut/gt/008.png,88.0,332.0,82.0,314.0,118,-0.0332574658095836,outputs/metrics/classical_heatmaps/test/dowel/cut/8_heatmap.npy,,208,118,0.0208575818687677,outputs/metrics/autoencoder_heatmaps/test/dowel/cut/8_heatmap.npy,,208,208,
dowel,test,cut,1,622,9,data/processed/dowel/test/cut/009_depth.npy,data/processed/dowel/test/cut/009_mask.npy,data/raw/dowel/test/cut/gt/009.png,81.0,315.0,89.0,336.0,112,18.383384704589844,outputs/metrics/classical_heatmaps/test/dowel/cut/9_heatmap.npy,,1073,112,0.0235608965158462,outputs/metrics/autoencoder_heatmaps/test/dowel/cut/9_heatmap.npy,,1073,1073,
dowel,test,cut,1,623,10,data/processed/dowel/test/cut/010_depth.npy,data/processed/dowel/test/cut/010_mask.npy,data/raw/dowel/test/cut/gt/010.png,94.0,316.0,64.0,304.0,117,-0.3251066207885742,outputs/metrics/classical_heatmaps/test/dowel/cut/10_heatmap.npy,,907,117,0.0190268587321043,outputs/metrics/autoencoder_heatmaps/test/dowel/cut/10_heatmap.npy,,907,907,
dowel,test,cut,1,624,11,data/processed/dowel/test/cut/011_depth.npy,data/processed/dowel/test/cut/011_mask.npy,data/raw/dowel/test/cut/gt/011.png,99.0,312.0,78.0,329.0,120,-3.101001501083374,outputs/metrics/classical_heatmaps/test/dowel/cut/11_heatmap.npy,,1014,120,0.0179694443941116,outputs/metrics/autoencoder_heatmaps/test/dowel/cut/11_heatmap.npy,,1014,1014,
dowel,test,cut,1,625,12,data/processed/dowel/test/cut/012_depth.npy,data/processed/dowel/test/cut/012_mask.npy,data/raw/dowel/test/cut/gt/012.png,92.0,319.0,94.0,348.0,115,9.73662281036377,outputs/metrics/classical_heatmaps/test/dowel/cut/12_heatmap.npy,,167,115,0.0260838940739631,outputs/metrics/autoencoder_heatmaps/test/dowel/cut/12_heatmap.npy,,167,167,
dowel,test,cut,1,626,13,data/processed/dowel/test/cut/013_depth.npy,data/processed/dowel/test/cut/013_mask.npy,data/raw/dowel/test/cut/gt/013.png,100.0,326.0,92.0,328.0,116,-4.655665874481201,outputs/metrics/classical_heatmaps/test/dowel/cut/13_heatmap.npy,,1415,116,0.0176550950855016,outputs/metrics/autoencoder_heatmaps/test/dowel/cut/13_heatmap.npy,,1415,1415,
dowel,test,cut,1,627,14,data/processed/dowel/test/cut/014_depth.npy,data/processed/dowel/test/cut/014_mask.npy,data/raw/dowel/test/cut/gt/014.png,86.0,335.0,85.0,295.0,122,1.7966880798339844,outputs/metrics/classical_heatmaps/test/dowel/cut/14_heatmap.npy,,336,122,0.0181027930229902,outputs/metrics/autoencoder_heatmaps/test/dowel/cut/14_heatmap.npy,,336,336,
dowel,test,cut,1,628,15,data/processed/dowel/test/cut/015_depth.npy,data/processed/dowel/test/cut/015_mask.npy,data/raw/dowel/test/cut/gt/015.png,98.0,305.0,65.0,320.0,119,3.1017119884490967,outputs/metrics/classical_heatmaps/test/dowel/cut/15_heatmap.npy,,457,119,0.0183054096996784,outputs/metrics/autoencoder_heatmaps/test/dowel/cut/15_heatmap.npy,,457,457,
dowel,test,cut,1,629,16,data/processed/dowel/test/cut/016_depth.npy,data/processed/dowel/test/cut/016_mask.npy,data/raw/dowel/test/cut/gt/016.png,97.0,326.0,77.0,311.0,119,3.468193769454956,outputs/metrics/classical_heatmaps/test/dowel/cut/16_heatmap.npy,,378,119,0.0201488714665174,outputs/metrics/autoencoder_heatmaps/test/dowel/cut/16_heatmap.npy,,378,378,
dowel,test,cut,1,630,17,data/processed/dowel/test/cut/017_depth.npy,data/processed/dowel/test/cut/017_mask.npy,data/raw/dowel/test/cut/gt/017.png,78.0,308.0,40.0,298.0,117,8.42744255065918,outputs/metrics/classical_heatmaps/test/dowel/cut/17_heatmap.npy,,806,117,0.0237884726375341,outputs/metrics/autoencoder_heatmaps/test/dowel/cut/17_heatmap.npy,,806,806,
dowel,test,cut,1,631,18,data/processed/dowel/test/cut/018_depth.npy,data/processed/dowel/test/cut/018_mask.npy,data/raw/dowel/test/cut/gt/018.png,90.0,312.0,81.0,322.0,119,-2.640789270401001,outputs/metrics/classical_heatmaps/test/dowel/cut/18_heatmap.npy,,75,119,0.022394185885787,outputs/metrics/autoencoder_heatmaps/test/dowel/cut/18_heatmap.npy,,75,75,
dowel,test,cut,1,632,19,data/processed/dowel/test/cut/019_depth.npy,data/processed/dowel/test/cut/019_mask.npy,data/raw/dowel/test/cut/gt/019.png,49.0,294.0,57.0,298.0,117,1.5562195777893066,outputs/metrics/classical_heatmaps/test/dowel/cut/19_heatmap.npy,,1056,117,0.0324680246412754,outputs/metrics/autoencoder_heatmaps/test/dowel/cut/19_heatmap.npy,,1056,1056,
dowel,test,cut,1,633,20,data/processed/dowel/test/cut/020_depth.npy,data/processed/dowel/test/cut/020_mask.npy,data/raw/dowel/test/cut/gt/020.png,94.0,324.0,65.0,302.0,119,7.463694095611572,outputs/metrics/classical_heatmaps/test/dowel/cut/20_heatmap.npy,,451,119,0.0166885312646627,outputs/metrics/autoencoder_heatmaps/test/dowel/cut/20_heatmap.npy,,451,451,
dowel,test,cut,1,634,21,data/processed/dowel/test/cut/021_depth.npy,data/processed/dowel/test/cut/021_mask.npy,data/raw/dowel/test/cut/gt/021.png,75.0,312.0,70.0,319.0,113,29.03108024597168,outputs/metrics/classical_heatmaps/test/dowel/cut/21_heatmap.npy,,206,113,0.0222955122590065,outputs/metrics/autoencoder_heatmaps/test/dowel/cut/21_heatmap.npy,,206,206,
dowel,test,cut,1,635,22,data/processed/dowel/test/cut/022_depth.npy,data/processed/dowel/test/cut/022_mask.npy,data/raw/dowel/test/cut/gt/022.png,111.0,325.0,49.0,302.0,116,4.84242057800293,outputs/metrics/classical_heatmaps/test/dowel/cut/22_heatmap.npy,,550,116,0.0148979527875781,outputs/metrics/autoencoder_heatmaps/test/dowel/cut/22_heatmap.npy,,550,550,
dowel,test,cut,1,636,23,data/processed/dowel/test/cut/023_depth.npy,data/processed/dowel/test/cut/023_mask.npy,data/raw/dowel/test/cut/gt/023.png,88.0,317.0,75.0,311.0,117,5.870477199554443,outputs/metrics/classical_heatmaps/test/dowel/cut/23_heatmap.npy,,316,117,0.0165447499603033,outputs/metrics/autoencoder_heatmaps/test/dowel/cut/23_heatmap.npy,,316,316,
dowel,test,cut,1,637,24,data/processed/dowel/test/cut/024_depth.npy,data/processed/dowel/test/cut/024_mask.npy,data/raw/dowel/test/cut/gt/024.png,94.0,308.0,70.0,319.0,117,1.6915308237075806,outputs/metrics/classical_heatmaps/test/dowel/cut/24_heatmap.npy,,338,117,0.0156683344393968,outputs/metrics/autoencoder_heatmaps/test/dowel/cut/24_heatmap.npy,,338,338,
foam,test,good,0,638,0,data/processed/foam/test/good/000_depth.npy,data/processed/foam/test/good/000_mask.npy,data/raw/foam/test/good/gt/000.png,159.0,778.0,163.0,736.0,240,16.99591064453125,outputs/metrics/classical_heatmaps/test/foam/good/0_heatmap.npy,fig/04_classical/test_heatmaps/foam/good/0_heatmap.png,0,240,0.0067033427767455,outputs/metrics/autoencoder_heatmaps/test/foam/good/0_heatmap.npy,fig/05_autoencoder/test_heatmaps/foam/good/0_heatmap.png,0,0,
foam,test,good,0,639,1,data/processed/foam/test/good/001_depth.npy,data/processed/foam/test/good/001_mask.npy,data/raw/foam/test/good/gt/001.png,171.0,774.0,140.0,717.0,240,6.738291263580322,outputs/metrics/classical_heatmaps/test/foam/good/1_heatmap.npy,,0,240,0.0088561112061142,outputs/metrics/autoencoder_heatmaps/test/foam/good/1_heatmap.npy,,0,0,
foam,test,good,0,640,2,data/processed/foam/test/good/002_depth.npy,data/processed/foam/test/good/002_mask.npy,data/raw/foam/test/good/gt/002.png,171.0,761.0,151.0,730.0,240,10.417308807373049,outputs/metrics/classical_heatmaps/test/foam/good/2_heatmap.npy,,0,240,0.00896558444947,outputs/metrics/autoencoder_heatmaps/test/foam/good/2_heatmap.npy,,0,0,
foam,test,good,0,641,3,data/processed/foam/test/good/003_depth.npy,data/processed/foam/test/good/003_mask.npy,data/raw/foam/test/good/gt/003.png,163.0,760.0,112.0,739.0,240,23.019060134887695,outputs/metrics/classical_heatmaps/test/foam/good/3_heatmap.npy,,0,240,0.0059920959174633,outputs/metrics/autoencoder_heatmaps/test/foam/good/3_heatmap.npy,,0,0,
foam,test,good,0,642,4,data/processed/foam/test/good/004_depth.npy,data/processed/foam/test/good/004_mask.npy,data/raw/foam/test/good/gt/004.png,163.0,755.0,132.0,728.0,240,19.923105239868164,outputs/metrics/classical_heatmaps/test/foam/good/4_heatmap.npy,,0,240,0.0063621965236961,outputs/metrics/autoencoder_heatmaps/test/foam/good/4_heatmap.npy,,0,0,
foam,test,good,0,643,5,data/processed/foam/test/good/005_depth.npy,data/processed/foam/test/good/005_mask.npy,data/raw/foam/test/good/gt/005.png,174.0,784.0,140.0,735.0,240,19.85243797302246,outputs/metrics/classical_heatmaps/test/foam/good/5_heatmap.npy,,0,240,0.0078692901879549,outputs/metrics/autoencoder_heatmaps/test/foam/good/5_heatmap.npy,,0,0,
foam,test,good,0,644,6,data/processed/foam/test/good/006_depth.npy,data/processed/foam/test/good/006_mask.npy,data/raw/foam/test/good/gt/006.png,182.0,786.0,157.0,747.0,240,-2.864940404891968,outputs/metrics/classical_heatmaps/test/foam/good/6_heatmap.npy,,0,240,0.0078219063580036,outputs/metrics/autoencoder_heatmaps/test/foam/good/6_heatmap.npy,,0,0,
foam,test,good,0,645,7,data/processed/foam/test/good/007_depth.npy,data/processed/foam/test/good/007_mask.npy,data/raw/foam/test/good/gt/007.png,180.0,777.0,163.0,744.0,239,-3.124877691268921,outputs/metrics/classical_heatmaps/test/foam/good/7_heatmap.npy,,0,239,0.0076678618788719,outputs/metrics/autoencoder_heatmaps/test/foam/good/7_heatmap.npy,,0,0,
foam,test,good,0,646,8,data/processed/foam/test/good/008_depth.npy,data/processed/foam/test/good/008_mask.npy,data/raw/foam/test/good/gt/008.png,171.0,785.0,165.0,725.0,240,3.250778913497925,outputs/metrics/classical_heatmaps/test/foam/good/8_heatmap.npy,,0,240,0.0060114753432571,outputs/metrics/autoencoder_heatmaps/test/foam/good/8_heatmap.npy,,0,0,
foam,test,good,0,647,9,data/processed/foam/test/good/009_depth.npy,data/processed/foam/test/good/009_mask.npy,data/raw/foam/test/good/gt/009.png,172.0,750.0,177.0,737.0,240,17.74726104736328,outputs/metrics/classical_heatmaps/test/foam/good/9_heatmap.npy,,0,240,0.0071091186255216,outputs/metrics/autoencoder_heatmaps/test/foam/good/9_heatmap.npy,,0,0,
foam,test,good,0,648,10,data/processed/foam/test/good/010_depth.npy,data/processed/foam/test/good/010_mask.npy,data/raw/foam/test/good/gt/010.png,174.0,768.0,140.0,755.0,239,7.226160049438477,outputs/metrics/classical_heatmaps/test/foam/good/10_heatmap.npy,,0,239,0.0113295242190361,outputs/metrics/autoencoder_heatmaps/test/foam/good/10_heatmap.npy,,0,0,
foam,test,good,0,649,11,data/processed/foam/test/good/011_depth.npy,data/processed/foam/test/good/011_mask.npy,data/raw/foam/test/good/gt/011.png,171.0,762.0,151.0,755.0,240,2.410496950149536,outputs/metrics/classical_heatmaps/test/foam/good/11_heatmap.npy,,0,240,0.0098301200196146,outputs/metrics/autoencoder_heatmaps/test/foam/good/11_heatmap.npy,,0,0,
foam,test,good,0,650,12,data/processed/foam/test/good/012_depth.npy,data/processed/foam/test/good/012_mask.npy,data/raw/foam/test/good/gt/012.png,173.0,759.0,146.0,726.0,240,-0.70223468542099,outputs/metrics/classical_heatmaps/test/foam/good/12_heatmap.npy,,0,240,0.006609670817852,outputs/metrics/autoencoder_heatmaps/test/foam/good/12_heatmap.npy,,0,0,
foam,test,good,0,651,13,data/processed/foam/test/good/013_depth.npy,data/processed/foam/test/good/013_mask.npy,data/raw/foam/test/good/gt/013.png,184.0,755.0,103.0,726.0,240,-1.349056363105774,outputs/metrics/classical_heatmaps/test/foam/good/13_heatmap.npy,,0,240,0.0076630823314189,outputs/metrics/autoencoder_heatmaps/test/foam/good/13_heatmap.npy,,0,0,
foam,test,good,0,652,14,data/processed/foam/test/good/014_depth.npy,data/processed/foam/test/good/014_mask.npy,data/raw/foam/test/good/gt/014.png,166.0,771.0,110.0,745.0,240,4.117259502410889,outputs/metrics/classical_heatmaps/test/foam/good/14_heatmap.npy,,0,240,0.0075337849557399,outputs/metrics/autoencoder_heatmaps/test/foam/good/14_heatmap.npy,,0,0,
foam,test,good,0,653,15,data/processed/foam/test/good/015_depth.npy,data/processed/foam/test/good/015_mask.npy,data/raw/foam/test/good/gt/015.png,170.0,772.0,105.0,751.0,240,4.948516368865967,outputs/metrics/classical_heatmaps/test/foam/good/15_heatmap.npy,,0,240,0.0053058969788253,outputs/metrics/autoencoder_heatmaps/test/foam/good/15_heatmap.npy,,0,0,
foam,test,good,0,654,16,data/processed/foam/test/good/016_depth.npy,data/processed/foam/test/good/016_mask.npy,data/raw/foam/test/good/gt/016.png,183.0,770.0,131.0,740.0,240,6.404018402099609,outputs/metrics/classical_heatmaps/test/foam/good/16_heatmap.npy,,0,240,0.0059081059880554,outputs/metrics/autoencoder_heatmaps/test/foam/good/16_heatmap.npy,,0,0,
foam,test,good,0,655,17,data/processed/foam/test/good/017_depth.npy,data/processed/foam/test/good/017_mask.npy,data/raw/foam/test/good/gt/017.png,174.0,785.0,154.0,709.0,240,0.9915909171104432,outputs/metrics/classical_heatmaps/test/foam/good/17_heatmap.npy,,0,240,0.0062572075985372,outputs/metrics/autoencoder_heatmaps/test/foam/good/17_heatmap.npy,,0,0,
foam,test,good,0,656,18,data/processed/foam/test/good/018_depth.npy,data/processed/foam/test/good/018_mask.npy,data/raw/foam/test/good/gt/018.png,176.0,789.0,161.0,730.0,240,-3.4545395374298096,outputs/metrics/classical_heatmaps/test/foam/good/18_heatmap.npy,,0,240,0.0057836584746837,outputs/metrics/autoencoder_heatmaps/test/foam/good/18_heatmap.npy,,0,0,fig/06_results/foam/good/18_comparison.png
foam,test,good,0,657,19,data/processed/foam/test/good/019_depth.npy,data/processed/foam/test/good/019_mask.npy,data/raw/foam/test/good/gt/019.png,175.0,793.0,163.0,735.0,240,2.3413405418395996,outputs/metrics/classical_heatmaps/test/foam/good/19_heatmap.npy,,0,240,0.0152562437579035,outputs/metrics/autoencoder_heatmaps/test/foam/good/19_heatmap.npy,,0,0,
foam,test,color,1,658,0,data/processed/foam/test/color/000_depth.npy,data/processed/foam/test/color/000_mask.npy,data/raw/foam/test/color/gt/000.png,178.0,771.0,156.0,773.0,240,-1.1731255054473877,outputs/metrics/classical_heatmaps/test/foam/color/0_heatmap.npy,fig/04_classical/test_heatmaps/foam/color/0_heatmap.png,2147,240,0.0086430851370096,outputs/metrics/autoencoder_heatmaps/test/foam/color/0_heatmap.npy,fig/05_autoencoder/test_heatmaps/foam/color/0_heatmap.png,2147,2147,
foam,test,color,1,659,1,data/processed/foam/test/color/001_depth.npy,data/processed/foam/test/color/001_mask.npy,data/raw/foam/test/color/gt/001.png,177.0,752.0,145.0,759.0,238,9.004789352416992,outputs/metrics/classical_heatmaps/test/foam/color/1_heatmap.npy,fig/04_classical/test_heatmaps/foam/color/1_heatmap.png,193,238,0.0094312140718102,outputs/metrics/autoencoder_heatmaps/test/foam/color/1_heatmap.npy,fig/05_autoencoder/test_heatmaps/foam/color/1_heatmap.png,193,193,
foam,test,color,1,660,2,data/processed/foam/test/color/002_depth.npy,data/processed/foam/test/color/002_mask.npy,data/raw/foam/test/color/gt/002.png,167.0,761.0,149.0,757.0,240,2.233961820602417,outputs/metrics/classical_heatmaps/test/foam/color/2_heatmap.npy,fig/04_classical/test_heatmaps/foam/color/2_heatmap.png,475,240,0.0077782049775123,outputs/metrics/autoencoder_heatmaps/test/foam/color/2_heatmap.npy,fig/05_autoencoder/test_heatmaps/foam/color/2_heatmap.png,475,475,
foam,test,color,1,661,3,data/processed/foam/test/color/003_depth.npy,data/processed/foam/test/color/003_mask.npy,data/raw/foam/test/color/gt/003.png,168.0,726.0,135.0,742.0,240,16.426591873168945,outputs/metrics/classical_heatmaps/test/foam/color/3_heatmap.npy,,186,240,0.0067385393194854,outputs/metrics/autoencoder_heatmaps/test/foam/color/3_heatmap.npy,,186,186,
foam,test,color,1,662,4,data/processed/foam/test/color/004_depth.npy,data/processed/foam/test/color/004_mask.npy,data/raw/foam/test/color/gt/004.png,162.0,772.0,143.0,722.0,240,7.9240875244140625,outputs/metrics/classical_heatmaps/test/foam/color/4_heatmap.npy,,137,240,0.0057285432703793,outputs/metrics/autoencoder_heatmaps/test/foam/color/4_heatmap.npy,,137,137,
foam,test,color,1,663,5,data/processed/foam/test/color/005_depth.npy,data/processed/foam/test/color/005_mask.npy,data/raw/foam/test/color/gt/005.png,175.0,749.0,130.0,752.0,239,15.92948055267334,outputs/metrics/classical_heatmaps/test/foam/color/5_heatmap.npy,,255,239,0.0095225619152188,outputs/metrics/autoencoder_heatmaps/test/foam/color/5_heatmap.npy,,255,255,
foam,test,color,1,664,6,data/processed/foam/test/color/006_depth.npy,data/processed/foam/test/color/006_mask.npy,data/raw/foam/test/color/gt/006.png,144.0,752.0,168.0,734.0,240,-5.649209976196289,outputs/metrics/classical_heatmaps/test/foam/color/6_heatmap.npy,,151,240,0.0055130156688392,outputs/metrics/autoencoder_heatmaps/test/foam/color/6_heatmap.npy,,151,151,fig/06_results/foam/color/6_comparison.png
foam,test,color,1,665,7,data/processed/foam/test/color/007_depth.npy,data/processed/foam/test/color/007_mask.npy,data/raw/foam/test/color/gt/007.png,139.0,772.0,149.0,731.0,240,-1.275114893913269,outputs/metrics/classical_heatmaps/test/foam/color/7_heatmap.npy,,492,240,0.0070752440951764,outputs/metrics/autoencoder_heatmaps/test/foam/color/7_heatmap.npy,,492,492,
foam,test,color,1,666,8,data/processed/foam/test/color/008_depth.npy,data/processed/foam/test/color/008_mask.npy,data/raw/foam/test/color/gt/008.png,165.0,762.0,143.0,731.0,240,2.9759767055511475,outputs/metrics/classical_heatmaps/test/foam/color/8_heatmap.npy,,266,240,0.0087944362312555,outputs/metrics/autoencoder_heatmaps/test/foam/color/8_heatmap.npy,,266,266,
foam,test,color,1,667,9,data/processed/foam/test/color/009_depth.npy,data/processed/foam/test/color/009_mask.npy,data/raw/foam/test/color/gt/009.png,176.0,766.0,128.0,747.0,240,19.02313804626465,outputs/metrics/classical_heatmaps/test/foam/color/9_heatmap.npy,,519,240,0.0073316632770001,outputs/metrics/autoencoder_heatmaps/test/foam/color/9_heatmap.npy,,519,519,
foam,test,color,1,668,10,data/processed/foam/test/color/010_depth.npy,data/processed/foam/test/color/010_mask.npy,data/raw/foam/test/color/gt/010.png,181.0,775.0,150.0,718.0,240,0.1758188754320144,outputs/metrics/classical_heatmaps/test/foam/color/10_heatmap.npy,,287,240,0.0072179227136075,outputs/metrics/autoencoder_heatmaps/test/foam/color/10_heatmap.npy,,287,287,
foam,test,color,1,669,11,data/processed/foam/test/color/011_depth.npy,data/processed/foam/test/color/011_mask.npy,data/raw/foam/test/color/gt/011.png,179.0,793.0,148.0,730.0,240,10.007954597473145,outputs/metrics/classical_heatmaps/test/foam/color/11_heatmap.npy,,105,240,0.0074828094802796,outputs/metrics/autoencoder_heatmaps/test/foam/color/11_heatmap.npy,,105,105,
foam,test,color,1,670,12,data/processed/foam/test/color/012_depth.npy,data/processed/foam/test/color/012_mask.npy,data/raw/foam/test/color/gt/012.png,178.0,748.0,130.0,743.0,238,20.782724380493164,outputs/metrics/classical_heatmaps/test/foam/color/12_heatmap.npy,,165,238,0.01055025216192,outputs/metrics/autoencoder_heatmaps/test/foam/color/12_heatmap.npy,,165,165,
foam,test,color,1,671,13,data/processed/foam/test/color/013_depth.npy,data/processed/foam/test/color/013_mask.npy,data/raw/foam/test/color/gt/013.png,162.0,758.0,154.0,749.0,223,-1.0051730871200562,outputs/metrics/classical_heatmaps/test/foam/color/13_heatmap.npy,,240,223,0.0112111968919634,outputs/metrics/autoencoder_heatmaps/test/foam/color/13_heatmap.npy,,240,240,
foam,test,color,1,672,14,data/processed/foam/test/color/014_depth.npy,data/processed/foam/test/color/014_mask.npy,data/raw/foam/test/color/gt/014.png,191.0,763.0,153.0,766.0,240,5.388248443603516,outputs/metrics/classical_heatmaps/test/foam/color/14_heatmap.npy,,596,240,0.0075695198029279,outputs/metrics/autoencoder_heatmaps/test/foam/color/14_heatmap.npy,,596,596,
foam,test,color,1,673,15,data/processed/foam/test/color/015_depth.npy,data/processed/foam/test/color/015_mask.npy,data/raw/foam/test/color/gt/015.png,173.0,749.0,143.0,744.0,240,24.38072967529297,outputs/metrics/classical_heatmaps/test/foam/color/15_heatmap.npy,,222,240,0.0073722642846405,outputs/metrics/autoencoder_heatmaps/test/foam/color/15_heatmap.npy,,222,222,
foam,test,color,1,674,16,data/processed/foam/test/color/016_depth.npy,data/processed/foam/test/color/016_mask.npy,data/raw/foam/test/color/gt/016.png,160.0,766.0,148.0,729.0,240,-7.791164875030518,outputs/metrics/classical_heatmaps/test/foam/color/16_heatmap.npy,,538,240,0.0078411847352981,outputs/metrics/autoencoder_heatmaps/test/foam/color/16_heatmap.npy,,538,538,
foam,test,color,1,675,17,data/processed/foam/test/color/017_depth.npy,data/processed/foam/test/color/017_mask.npy,data/raw/foam/test/color/gt/017.png,172.0,752.0,135.0,772.0,240,1.7802610397338867,outputs/metrics/classical_heatmaps/test/foam/color/17_heatmap.npy,,376,240,0.0062050484120845,outputs/metrics/autoencoder_heatmaps/test/foam/color/17_heatmap.npy,,376,376,
foam,test,color,1,676,18,data/processed/foam/test/color/018_depth.npy,data/processed/foam/test/color/018_mask.npy,data/raw/foam/test/color/gt/018.png,157.0,760.0,148.0,728.0,240,-2.28948712348938,outputs/metrics/classical_heatmaps/test/foam/color/18_heatmap.npy,,457,240,0.0072241812013089,outputs/metrics/autoencoder_heatmaps/test/foam/color/18_heatmap.npy,,457,457,
foam,test,color,1,677,19,data/processed/foam/test/color/019_depth.npy,data/processed/foam/test/color/019_mask.npy,data/raw/foam/test/color/gt/019.png,174.0,736.0,137.0,748.0,240,-0.263500452041626,outputs/metrics/classical_heatmaps/test/foam/color/19_heatmap.npy,,505,240,0.0087653575465083,outputs/metrics/autoencoder_heatmaps/test/foam/color/19_heatmap.npy,,505,505,
foam,test,combined,1,678,0,data/processed/foam/test/combined/000_depth.npy,data/processed/foam/test/combined/000_mask.npy,data/raw/foam/test/combined/gt/000.png,164.0,721.0,134.0,765.0,239,0.167149543762207,outputs/metrics/classical_heatmaps/test/foam/combined/0_heatmap.npy,,383,239,0.0100700771436095,outputs/metrics/autoencoder_heatmaps/test/foam/combined/0_heatmap.npy,,383,383,
foam,test,combined,1,679,1,data/processed/foam/test/combined/001_depth.npy,data/processed/foam/test/combined/001_mask.npy,data/raw/foam/test/combined/gt/001.png,173.0,773.0,173.0,743.0,239,-2.7575323581695557,outputs/metrics/classical_heatmaps/test/foam/combined/1_heatmap.npy,,665,239,0.0067178006283938,outputs/metrics/autoencoder_heatmaps/test/foam/combined/1_heatmap.npy,,665,665,
foam,test,combined,1,680,2,data/processed/foam/test/combined/002_depth.npy,data/processed/foam/test/combined/002_mask.npy,data/raw/foam/test/combined/gt/002.png,175.0,779.0,142.0,721.0,240,7.7512593269348145,outputs/metrics/classical_heatmaps/test/foam/combined/2_heatmap.npy,,484,240,0.0073819109238684,outputs/metrics/autoencoder_heatmaps/test/foam/combined/2_heatmap.npy,,484,484,
foam,test,combined,1,681,3,data/processed/foam/test/combined/003_depth.npy,data/processed/foam/test/combined/003_mask.npy,data/raw/foam/test/combined/gt/003.png,159.0,786.0,155.0,730.0,240,-2.299452543258667,outputs/metrics/classical_heatmaps/test/foam/combined/3_heatmap.npy,,938,240,0.0089186457917094,outputs/metrics/autoencoder_heatmaps/test/foam/combined/3_heatmap.npy,,938,938,
foam,test,combined,1,682,4,data/processed/foam/test/combined/004_depth.npy,data/processed/foam/test/combined/004_mask.npy,data/raw/foam/test/combined/gt/004.png,159.0,773.0,160.0,727.0,239,2.3187808990478516,outputs/metrics/classical_heatmaps/test/foam/combined/4_heatmap.npy,,526,239,0.0091813066974282,outputs/metrics/autoencoder_heatmaps/test/foam/combined/4_heatmap.npy,,526,526,
foam,test,combined,1,683,5,data/processed/foam/test/combined/005_depth.npy,data/processed/foam/test/combined/005_mask.npy,data/raw/foam/test/combined/gt/005.png,183.0,769.0,147.0,757.0,240,-3.5012645721435547,outputs/metrics/classical_heatmaps/test/foam/combined/5_heatmap.npy,,182,240,0.0062136813066899,outputs/metrics/autoencoder_heatmaps/test/foam/combined/5_heatmap.npy,,182,182,fig/06_results/foam/combined/5_comparison.png
foam,test,combined,1,684,6,data/processed/foam/test/combined/006_depth.npy,data/processed/foam/test/combined/006_mask.npy,data/raw/foam/test/combined/gt/006.png,149.0,780.0,148.0,722.0,240,-0.6256284713745117,outputs/metrics/classical_heatmaps/test/foam/combined/6_heatmap.npy,,495,240,0.0056208334863185,outputs/metrics/autoencoder_heatmaps/test/foam/combined/6_heatmap.npy,,495,495,
foam,test,combined,1,685,7,data/processed/foam/test/combined/007_depth.npy,data/processed/foam/test/combined/007_mask.npy,data/raw/foam/test/combined/gt/007.png,176.0,793.0,135.0,732.0,240,-3.690982580184937,outputs/metrics/classical_heatmaps/test/foam/combined/7_heatmap.npy,,716,240,0.006410947535187,outputs/metrics/autoencoder_heatmaps/test/foam/combined/7_heatmap.npy,,716,716,
foam,test,combined,1,686,8,data/processed/foam/test/combined/008_depth.npy,data/processed/foam/test/combined/008_mask.npy,data/raw/foam/test/combined/gt/008.png,181.0,763.0,133.0,760.0,240,-0.6917586326599121,outputs/metrics/classical_heatmaps/test/foam/combined/8_heatmap.npy,,545,240,0.0106770889833569,outputs/metrics/autoencoder_heatmaps/test/foam/combined/8_heatmap.npy,,545,545,
foam,test,combined,1,687,9,data/processed/foam/test/combined/009_depth.npy,data/processed/foam/test/combined/009_mask.npy,data/raw/foam/test/combined/gt/009.png,163.0,763.0,167.0,743.0,240,-0.9000146389007568,outputs/metrics/classical_heatmaps/test/foam/combined/9_heatmap.npy,,439,240,0.0064566303044557,outputs/metrics/autoencoder_heatmaps/test/foam/combined/9_heatmap.npy,,439,439,
foam,test,combined,1,688,10,data/processed/foam/test/combined/010_depth.npy,data/processed/foam/test/combined/010_mask.npy,data/raw/foam/test/combined/gt/010.png,176.0,761.0,126.0,737.0,240,2.3614501953125,outputs/metrics/classical_heatmaps/test/foam/combined/10_heatmap.npy,,334,240,0.0067230444401502,outputs/metrics/autoencoder_heatmaps/test/foam/combined/10_heatmap.npy,,334,334,
foam,test,combined,1,689,11,data/processed/foam/test/combined/011_depth.npy,data/processed/foam/test/combined/011_mask.npy,data/raw/foam/test/combined/gt/011.png,183.0,766.0,139.0,759.0,240,2.103416681289673,outputs/metrics/classical_heatmaps/test/foam/combined/11_heatmap.npy,,633,240,0.0095252795144915,outputs/metrics/autoencoder_heatmaps/test/foam/combined/11_heatmap.npy,,633,633,
foam,test,combined,1,690,12,data/processed/foam/test/combined/012_depth.npy,data/processed/foam/test/combined/012_mask.npy,data/raw/foam/test/combined/gt/012.png,182.0,744.0,131.0,754.0,240,17.592199325561523,outputs/metrics/classical_heatmaps/test/foam/combined/12_heatmap.npy,,661,240,0.0072576277889311,outputs/metrics/autoencoder_heatmaps/test/foam/combined/12_heatmap.npy,,661,661,
foam,test,combined,1,691,13,data/processed/foam/test/combined/013_depth.npy,data/processed/foam/test/combined/013_mask.npy,data/raw/foam/test/combined/gt/013.png,170.0,779.0,155.0,735.0,240,6.216660022735596,outputs/metrics/classical_heatmaps/test/foam/combined/13_heatmap.npy,,1057,240,0.0102839414030313,outputs/metrics/autoencoder_heatmaps/test/foam/combined/13_heatmap.npy,,1057,1057,
foam,test,combined,1,692,14,data/processed/foam/test/combined/014_depth.npy,data/processed/foam/test/combined/014_mask.npy,data/raw/foam/test/combined/gt/014.png,155.0,783.0,156.0,751.0,238,-4.232453346252441,outputs/metrics/classical_heatmaps/test/foam/combined/14_heatmap.npy,,549,238,0.0106605133041739,outputs/metrics/autoencoder_heatmaps/test/foam/combined/14_heatmap.npy,,549,549,
foam,test,combined,1,693,15,data/processed/foam/test/combined/015_depth.npy,data/processed/foam/test/combined/015_mask.npy,data/raw/foam/test/combined/gt/015.png,175.0,751.0,129.0,755.0,240,0.6746514439582825,outputs/metrics/classical_heatmaps/test/foam/combined/15_heatmap.npy,,662,240,0.0079989144578576,outputs/metrics/autoencoder_heatmaps/test/foam/combined/15_heatmap.npy,,662,662,
foam,test,combined,1,694,16,data/processed/foam/test/combined/016_depth.npy,data/processed/foam/test/combined/016_mask.npy,data/raw/foam/test/combined/gt/016.png,173.0,749.0,135.0,747.0,240,16.909154891967773,outputs/metrics/classical_heatmaps/test/foam/combined/16_heatmap.npy,,619,240,0.0067004817537963,outputs/metrics/autoencoder_heatmaps/test/foam/combined/16_heatmap.npy,,619,619,
foam,test,combined,1,695,17,data/processed/foam/test/combined/017_depth.npy,data/processed/foam/test/combined/017_mask.npy,data/raw/foam/test/combined/gt/017.png,170.0,769.0,160.0,740.0,240,6.145666599273682,outputs/metrics/classical_heatmaps/test/foam/combined/17_heatmap.npy,,702,240,0.0088384905830025,outputs/metrics/autoencoder_heatmaps/test/foam/combined/17_heatmap.npy,,702,702,
foam,test,combined,1,696,18,data/processed/foam/test/combined/018_depth.npy,data/processed/foam/test/combined/018_mask.npy,data/raw/foam/test/combined/gt/018.png,176.0,739.0,137.0,759.0,240,-2.4177935123443604,outputs/metrics/classical_heatmaps/test/foam/combined/18_heatmap.npy,,503,240,0.0087603339925408,outputs/metrics/autoencoder_heatmaps/test/foam/combined/18_heatmap.npy,,503,503,
foam,test,combined,1,697,19,data/processed/foam/test/combined/019_depth.npy,data/processed/foam/test/combined/019_mask.npy,data/raw/foam/test/combined/gt/019.png,157.0,774.0,159.0,736.0,240,-4.300769805908203,outputs/metrics/classical_heatmaps/test/foam/combined/19_heatmap.npy,,485,240,0.0065324413590133,outputs/metrics/autoencoder_heatmaps/test/foam/combined/19_heatmap.npy,,485,485,fig/06_results/foam/combined/19_comparison.png
foam,test,contamination,1,698,0,data/processed/foam/test/contamination/000_depth.npy,data/processed/foam/test/contamination/000_mask.npy,data/raw/foam/test/contamination/gt/000.png,177.0,780.0,144.0,739.0,240,7.828738689422607,outputs/metrics/classical_heatmaps/test/foam/contamination/0_heatmap.npy,,258,240,0.0066747833043336,outputs/metrics/autoencoder_heatmaps/test/foam/contamination/0_heatmap.npy,,258,258,
foam,test,contamination,1,699,1,data/processed/foam/test/contamination/001_depth.npy,data/processed/foam/test/contamination/001_mask.npy,data/raw/foam/test/contamination/gt/001.png,178.0,755.0,155.0,749.0,240,0.4313611090183258,outputs/metrics/classical_heatmaps/test/foam/contamination/1_heatmap.npy,,330,240,0.006324095185846,outputs/metrics/autoencoder_heatmaps/test/foam/contamination/1_heatmap.npy,,330,330,
foam,test,contamination,1,700,2,data/processed/foam/test/contamination/002_depth.npy,data/processed/foam/test/contamination/002_mask.npy,data/raw/foam/test/contamination/gt/002.png,152.0,783.0,160.0,741.0,240,12.369036674499512,outputs/metrics/classical_heatmaps/test/foam/contamination/2_heatmap.npy,,149,240,0.0066607766784727,outputs/metrics/autoencoder_heatmaps/test/foam/contamination/2_heatmap.npy,,149,149,
foam,test,contamination,1,701,3,data/processed/foam/test/contamination/003_depth.npy,data/processed/foam/test/contamination/003_mask.npy,data/raw/foam/test/contamination/gt/003.png,151.0,742.0,121.0,739.0,240,1.6930795907974243,outputs/metrics/classical_heatmaps/test/foam/contamination/3_heatmap.npy,,385,240,0.0059852227568626,outputs/metrics/autoencoder_heatmaps/test/foam/contamination/3_heatmap.npy,,385,385,
foam,test,contamination,1,702,4,data/processed/foam/test/contamination/004_depth.npy,data/processed/foam/test/contamination/004_mask.npy,data/raw/foam/test/contamination/gt/004.png,165.0,768.0,125.0,742.0,240,1.2830990552902222,outputs/metrics/classical_heatmaps/test/foam/contamination/4_heatmap.npy,,198,240,0.0074140820652246,outputs/metrics/autoencoder_heatmaps/test/foam/contamination/4_heatmap.npy,,198,198,
foam,test,contamination,1,703,5,data/processed/foam/test/contamination/005_depth.npy,data/processed/foam/test/contamination/005_mask.npy,data/raw/foam/test/contamination/gt/005.png,168.0,769.0,153.0,731.0,239,6.212392807006836,outputs/metrics/classical_heatmaps/test/foam/contamination/5_heatmap.npy,,658,239,0.00698002288118,outputs/metrics/autoencoder_heatmaps/test/foam/contamination/5_heatmap.npy,,658,658,
foam,test,contamination,1,704,6,data/processed/foam/test/contamination/006_depth.npy,data/processed/foam/test/contamination/006_mask.npy,data/raw/foam/test/contamination/gt/006.png,166.0,780.0,117.0,712.0,240,0.3170419037342071,outputs/metrics/classical_heatmaps/test/foam/contamination/6_heatmap.npy,,391,240,0.0077652242034673,outputs/metrics/autoencoder_heatmaps/test/foam/contamination/6_heatmap.npy,,391,391,
foam,test,contamination,1,705,7,data/processed/foam/test/contamination/007_depth.npy,data/processed/foam/test/contamination/007_mask.npy,data/raw/foam/test/contamination/gt/007.png,179.0,728.0,140.0,748.0,240,18.526100158691406,outputs/metrics/classical_heatmaps/test/foam/contamination/7_heatmap.npy,,69,240,0.0070433053188025,outputs/metrics/autoencoder_heatmaps/test/foam/contamination/7_heatmap.npy,,69,69,
foam,test,contamination,1,706,8,data/processed/foam/test/contamination/008_depth.npy,data/processed/foam/test/contamination/008_mask.npy,data/raw/foam/test/contamination/gt/008.png,148.0,739.0,156.0,735.0,240,9.28365707397461,outputs/metrics/classical_heatmaps/test/foam/contamination/8_heatmap.npy,,167,240,0.0080440575256943,outputs/metrics/autoencoder_heatmaps/test/foam/contamination/8_heatmap.npy,,167,167,
foam,test,contamination,1,707,9,data/processed/foam/test/contamination/009_depth.npy,data/processed/foam/test/contamination/009_mask.npy,data/raw/foam/test/contamination/gt/009.png,180.0,764.0,134.0,751.0,240,5.841014385223389,outputs/metrics/classical_heatmaps/test/foam/contamination/9_heatmap.npy,,245,240,0.008084924891591,outputs/metrics/autoencoder_heatmaps/test/foam/contamination/9_heatmap.npy,,245,245,
foam,test,contamination,1,708,10,data/processed/foam/test/contamination/010_depth.npy,data/processed/foam/test/contamination/010_mask.npy,data/raw/foam/test/contamination/gt/010.png,178.0,766.0,137.0,755.0,240,3.1170780658721924,outputs/metrics/classical_heatmaps/test/foam/contamination/10_heatmap.npy,,379,240,0.008456670679152,outputs/metrics/autoencoder_heatmaps/test/foam/contamination/10_heatmap.npy,,379,379,
foam,test,contamination,1,709,11,data/processed/foam/test/contamination/011_depth.npy,data/processed/foam/test/contamination/011_mask.npy,data/raw/foam/test/contamination/gt/011.png,175.0,772.0,165.0,733.0,240,3.512643814086914,outputs/metrics/classical_heatmaps/test/foam/contamination/11_heatmap.npy,,100,240,0.0092184748500585,outputs/metrics/autoencoder_heatmaps/test/foam/contamination/11_heatmap.npy,,100,100,
foam,test,contamination,1,710,12,data/processed/foam/test/contamination/012_depth.npy,data/processed/foam/test/contamination/012_mask.npy,data/raw/foam/test/contamination/gt/012.png,167.0,742.0,127.0,741.0,239,22.56186866760254,outputs/metrics/classical_heatmaps/test/foam/contamination/12_heatmap.npy,,282,239,0.0096243256703019,outputs/metrics/autoencoder_heatmaps/test/foam/contamination/12_heatmap.npy,,282,282,
foam,test,contamination,1,711,13,data/processed/foam/test/contamination/013_depth.npy,data/processed/foam/test/contamination/013_mask.npy,data/raw/foam/test/contamination/gt/013.png,159.0,776.0,152.0,731.0,240,2.0886175632476807,outputs/metrics/classical_heatmaps/test/foam/contamination/13_heatmap.npy,,125,240,0.0063178571872413,outputs/metrics/autoencoder_heatmaps/test/foam/contamination/13_heatmap.npy,,125,125,
foam,test,contamination,1,712,14,data/processed/foam/test/contamination/014_depth.npy,data/processed/foam/test/contamination/014_mask.npy,data/raw/foam/test/contamination/gt/014.png,178.0,739.0,137.0,756.0,240,-1.5949172973632812,outputs/metrics/classical_heatmaps/test/foam/contamination/14_heatmap.npy,,217,240,0.0078545724973082,outputs/metrics/autoencoder_heatmaps/test/foam/contamination/14_heatmap.npy,,217,217,
foam,test,contamination,1,713,15,data/processed/foam/test/contamination/015_depth.npy,data/processed/foam/test/contamination/015_mask.npy,data/raw/foam/test/contamination/gt/015.png,169.0,755.0,145.0,723.0,240,5.137917995452881,outputs/metrics/classical_heatmaps/test/foam/contamination/15_heatmap.npy,,367,240,0.0076390597969293,outputs/metrics/autoencoder_heatmaps/test/foam/contamination/15_heatmap.npy,,367,367,
foam,test,contamination,1,714,16,data/processed/foam/test/contamination/016_depth.npy,data/processed/foam/test/contamination/016_mask.npy,data/raw/foam/test/contamination/gt/016.png,151.0,765.0,155.0,732.0,240,5.254775524139404,outputs/metrics/classical_heatmaps/test/foam/contamination/16_heatmap.npy,,237,240,0.007674382533878,outputs/metrics/autoencoder_heatmaps/test/foam/contamination/16_heatmap.npy,,237,237,
foam,test,contamination,1,715,17,data/processed/foam/test/contamination/017_depth.npy,data/processed/foam/test/contamination/017_mask.npy,data/raw/foam/test/contamination/gt/017.png,169.0,772.0,129.0,737.0,240,11.484599113464355,outputs/metrics/classical_heatmaps/test/foam/contamination/17_heatmap.npy,,142,240,0.0070435325615108,outputs/metrics/autoencoder_heatmaps/test/foam/contamination/17_heatmap.npy,,142,142,
foam,test,contamination,1,716,18,data/processed/foam/test/contamination/018_depth.npy,data/processed/foam/test/contamination/018_mask.npy,data/raw/foam/test/contamination/gt/018.png,172.0,761.0,144.0,759.0,240,1.6572871208190918,outputs/metrics/classical_heatmaps/test/foam/contamination/18_heatmap.npy,,103,240,0.0060686883516609,outputs/metrics/autoencoder_heatmaps/test/foam/contamination/18_heatmap.npy,,103,103,
foam,test,contamination,1,717,19,data/processed/foam/test/contamination/019_depth.npy,data/processed/foam/test/contamination/019_mask.npy,data/raw/foam/test/contamination/gt/019.png,161.0,774.0,148.0,735.0,240,-0.2752362191677093,outputs/metrics/classical_heatmaps/test/foam/contamination/19_heatmap.npy,,249,240,0.0090454025194048,outputs/metrics/autoencoder_heatmaps/test/foam/contamination/19_heatmap.npy,,249,249,
foam,test,cut,1,718,0,data/processed/foam/test/cut/000_depth.npy,data/processed/foam/test/cut/000_mask.npy,data/raw/foam/test/cut/gt/000.png,198.0,763.0,130.0,749.0,240,2.10648512840271,outputs/metrics/classical_heatmaps/test/foam/cut/0_heatmap.npy,,505,240,0.0066963750869035,outputs/metrics/autoencoder_heatmaps/test/foam/cut/0_heatmap.npy,,505,505,
foam,test,cut,1,719,1,data/processed/foam/test/cut/001_depth.npy,data/processed/foam/test/cut/001_mask.npy,data/raw/foam/test/cut/gt/001.png,177.0,756.0,126.0,746.0,240,28.307710647583008,outputs/metrics/classical_heatmaps/test/foam/cut/1_heatmap.npy,,261,240,0.0081170750781893,outputs/metrics/autoencoder_heatmaps/test/foam/cut/1_heatmap.npy,,261,261,
foam,test,cut,1,720,2,data/processed/foam/test/cut/002_depth.npy,data/processed/foam/test/cut/002_mask.npy,data/raw/foam/test/cut/gt/002.png,176.0,743.0,152.0,774.0,239,-4.286666393280029,outputs/metrics/classical_heatmaps/test/foam/cut/2_heatmap.npy,,743,239,0.0101593574509024,outputs/metrics/autoencoder_heatmaps/test/foam/cut/2_heatmap.npy,,743,743,
foam,test,cut,1,721,3,data/processed/foam/test/cut/003_depth.npy,data/processed/foam/test/cut/003_mask.npy,data/raw/foam/test/cut/gt/003.png,149.0,740.0,154.0,740.0,240,48.98392868041992,outputs/metrics/classical_heatmaps/test/foam/cut/3_heatmap.npy,,244,240,0.009637732990086,outputs/metrics/autoencoder_heatmaps/test/foam/cut/3_heatmap.npy,,244,244,
foam,test,cut,1,722,4,data/processed/foam/test/cut/004_depth.npy,data/processed/foam/test/cut/004_mask.npy,data/raw/foam/test/cut/gt/004.png,175.0,782.0,152.0,753.0,240,3.3431856632232666,outputs/metrics/classical_heatmaps/test/foam/cut/4_heatmap.npy,,408,240,0.0125449299812316,outputs/metrics/autoencoder_heatmaps/test/foam/cut/4_heatmap.npy,,408,408,
foam,test,cut,1,723,5,data/processed/foam/test/cut/005_depth.npy,data/processed/foam/test/cut/005_mask.npy,data/raw/foam/test/cut/gt/005.png,162.0,730.0,133.0,738.0,240,8.127942085266113,outputs/metrics/classical_heatmaps/test/foam/cut/5_heatmap.npy,,282,240,0.0077305161394178,outputs/metrics/autoencoder_heatmaps/test/foam/cut/5_heatmap.npy,,282,282,
foam,test,cut,1,724,6,data/processed/foam/test/cut/006_depth.npy,data/processed/foam/test/cut/006_mask.npy,data/raw/foam/test/cut/gt/006.png,171.0,775.0,157.0,763.0,225,-8.865554809570312,outputs/metrics/classical_heatmaps/test/foam/cut/6_heatmap.npy,,245,225,0.0070664230734109,outputs/metrics/autoencoder_heatmaps/test/foam/cut/6_heatmap.npy,,245,245,
foam,test,cut,1,725,7,data/processed/foam/test/cut/007_depth.npy,data/processed/foam/test/cut/007_mask.npy,data/raw/foam/test/cut/gt/007.png,159.0,741.0,147.0,744.0,240,2.904836416244507,outputs/metrics/classical_heatmaps/test/foam/cut/7_heatmap.npy,,371,240,0.0080233737826347,outputs/metrics/autoencoder_heatmaps/test/foam/cut/7_heatmap.npy,,371,371,
foam,test,cut,1,726,8,data/processed/foam/test/cut/008_depth.npy,data/processed/foam/test/cut/008_mask.npy,data/raw/foam/test/cut/gt/008.png,177.0,783.0,140.0,757.0,240,17.568248748779297,outputs/metrics/classical_heatmaps/test/foam/cut/8_heatmap.npy,,465,240,0.008525219745934,outputs/metrics/autoencoder_heatmaps/test/foam/cut/8_heatmap.npy,,465,465,
foam,test,cut,1,727,9,data/processed/foam/test/cut/009_depth.npy,data/processed/foam/test/cut/009_mask.npy,data/raw/foam/test/cut/gt/009.png,189.0,725.0,150.0,769.0,236,0.629149854183197,outputs/metrics/classical_heatmaps/test/foam/cut/9_heatmap.npy,,262,236,0.010789749212563,outputs/metrics/autoencoder_heatmaps/test/foam/cut/9_heatmap.npy,,262,262,
foam,test,cut,1,728,10,data/processed/foam/test/cut/010_depth.npy,data/processed/foam/test/cut/010_mask.npy,data/raw/foam/test/cut/gt/010.png,189.0,775.0,138.0,742.0,240,-0.956954061985016,outputs/metrics/classical_heatmaps/test/foam/cut/10_heatmap.npy,,278,240,0.008202969096601,outputs/metrics/autoencoder_heatmaps/test/foam/cut/10_heatmap.npy,,278,278,
foam,test,cut,1,729,11,data/processed/foam/test/cut/011_depth.npy,data/processed/foam/test/cut/011_mask.npy,data/raw/foam/test/cut/gt/011.png,167.0,754.0,163.0,733.0,240,19.444181442260746,outputs/metrics/classical_heatmaps/test/foam/cut/11_heatmap.npy,,265,240,0.0075860074721276,outputs/metrics/autoencoder_heatmaps/test/foam/cut/11_heatmap.npy,,265,265,
foam,test,cut,1,730,12,data/processed/foam/test/cut/012_depth.npy,data/processed/foam/test/cut/012_mask.npy,data/raw/foam/test/cut/gt/012.png,182.0,779.0,131.0,745.0,240,0.3772996664047241,outputs/metrics/classical_heatmaps/test/foam/cut/12_heatmap.npy,,325,240,0.0068385731428861,outputs/metrics/autoencoder_heatmaps/test/foam/cut/12_heatmap.npy,,325,325,
foam,test,cut,1,731,13,data/processed/foam/test/cut/013_depth.npy,data/processed/foam/test/cut/013_mask.npy,data/raw/foam/test/cut/gt/013.png,182.0,765.0,137.0,743.0,240,4.7980756759643555,outputs/metrics/classical_heatmaps/test/foam/cut/13_heatmap.npy,,598,240,0.008407431654632,outputs/metrics/autoencoder_heatmaps/test/foam/cut/13_heatmap.npy,,598,598,
foam,test,cut,1,732,14,data/processed/foam/test/cut/014_depth.npy,data/processed/foam/test/cut/014_mask.npy,data/raw/foam/test/cut/gt/014.png,169.0,761.0,154.0,745.0,225,9.569173812866213,outputs/metrics/classical_heatmaps/test/foam/cut/14_heatmap.npy,,304,225,0.0081990389153361,outputs/metrics/autoencoder_heatmaps/test/foam/cut/14_heatmap.npy,,304,304,
foam,test,cut,1,733,15,data/processed/foam/test/cut/015_depth.npy,data/processed/foam/test/cut/015_mask.npy,data/raw/foam/test/cut/gt/015.png,170.0,776.0,141.0,758.0,240,4.628611087799072,outputs/metrics/classical_heatmaps/test/foam/cut/15_heatmap.npy,,457,240,0.0058962646871805,outputs/metrics/autoencoder_heatmaps/test/foam/cut/15_heatmap.npy,,457,457,
foam,test,cut,1,734,16,data/processed/foam/test/cut/016_depth.npy,data/processed/foam/test/cut/016_mask.npy,data/raw/foam/test/cut/gt/016.png,183.0,780.0,123.0,750.0,240,4.786424160003662,outputs/metrics/classical_heatmaps/test/foam/cut/16_heatmap.npy,,152,240,0.0068173296749591,outputs/metrics/autoencoder_heatmaps/test/foam/cut/16_heatmap.npy,,152,152,
foam,test,cut,1,735,17,data/processed/foam/test/cut/017_depth.npy,data/processed/foam/test/cut/017_mask.npy,data/raw/foam/test/cut/gt/017.png,191.0,763.0,132.0,747.0,240,14.623944282531738,outputs/metrics/classical_heatmaps/test/foam/cut/17_heatmap.npy,,175,240,0.0092782508581876,outputs/metrics/autoencoder_heatmaps/test/foam/cut/17_heatmap.npy,,175,175,
foam,test,cut,1,736,18,data/processed/foam/test/cut/018_depth.npy,data/processed/foam/test/cut/018_mask.npy,data/raw/foam/test/cut/gt/018.png,165.0,763.0,135.0,735.0,225,6.970625400543213,outputs/metrics/classical_heatmaps/test/foam/cut/18_heatmap.npy,,231,225,0.0068515799939632,outputs/metrics/autoencoder_heatmaps/test/foam/cut/18_heatmap.npy,,231,231,
foam,test,cut,1,737,19,data/processed/foam/test/cut/019_depth.npy,data/processed/foam/test/cut/019_mask.npy,data/raw/foam/test/cut/gt/019.png,166.0,765.0,149.0,729.0,240,-7.258476734161377,outputs/metrics/classical_heatmaps/test/foam/cut/19_heatmap.npy,,244,240,0.0080697732046246,outputs/metrics/autoencoder_heatmaps/test/foam/cut/19_heatmap.npy,,244,244,
peach,test,good,0,738,0,data/processed/peach/test/good/000_depth.npy,data/processed/peach/test/good/000_mask.npy,data/raw/peach/test/good/gt/000.png,141.0,472.0,129.0,494.0,215,-1.0879956483840942,outputs/metrics/classical_heatmaps/test/peach/good/0_heatmap.npy,fig/04_classical/test_heatmaps/peach/good/0_heatmap.png,0,215,0.0125571181997656,outputs/metrics/autoencoder_heatmaps/test/peach/good/0_heatmap.npy,fig/05_autoencoder/test_heatmaps/peach/good/0_heatmap.png,0,0,
peach,test,good,0,739,1,data/processed/peach/test/good/001_depth.npy,data/processed/peach/test/good/001_mask.npy,data/raw/peach/test/good/gt/001.png,114.0,461.0,120.0,505.0,217,-1.9083583354949951,outputs/metrics/classical_heatmaps/test/peach/good/1_heatmap.npy,,0,217,0.0083788242191076,outputs/metrics/autoencoder_heatmaps/test/peach/good/1_heatmap.npy,,0,0,
peach,test,good,0,740,2,data/processed/peach/test/good/002_depth.npy,data/processed/peach/test/good/002_mask.npy,data/raw/peach/test/good/gt/002.png,138.0,459.0,141.0,478.0,208,-6.488914966583252,outputs/metrics/classical_heatmaps/test/peach/good/2_heatmap.npy,,0,208,0.0120057696476578,outputs/metrics/autoencoder_heatmaps/test/peach/good/2_heatmap.npy,,0,0,
peach,test,good,0,741,3,data/processed/peach/test/good/003_depth.npy,data/processed/peach/test/good/003_mask.npy,data/raw/peach/test/good/gt/003.png,141.0,448.0,141.0,476.0,216,-2.8478662967681885,outputs/metrics/classical_heatmaps/test/peach/good/3_heatmap.npy,,0,216,0.0111101502552628,outputs/metrics/autoencoder_heatmaps/test/peach/good/3_heatmap.npy,,0,0,
peach,test,good,0,742,4,data/processed/peach/test/good/004_depth.npy,data/processed/peach/test/good/004_mask.npy,data/raw/peach/test/good/gt/004.png,129.0,460.0,137.0,494.0,219,-3.100083112716675,outputs/metrics/classical_heatmaps/test/peach/good/4_heatmap.npy,,0,219,0.0072251707315444,outputs/metrics/autoencoder_heatmaps/test/peach/good/4_heatmap.npy,,0,0,
peach,test,good,0,743,5,data/processed/peach/test/good/005_depth.npy,data/processed/peach/test/good/005_mask.npy,data/raw/peach/test/good/gt/005.png,127.0,438.0,152.0,471.0,210,21.31380844116211,outputs/metrics/classical_heatmaps/test/peach/good/5_heatmap.npy,,0,210,0.0180939342826604,outputs/metrics/autoencoder_heatmaps/test/peach/good/5_heatmap.npy,,0,0,
peach,test,good,0,744,6,data/processed/peach/test/good/006_depth.npy,data/processed/peach/test/good/006_mask.npy,data/raw/peach/test/good/gt/006.png,128.0,457.0,111.0,458.0,210,-2.6792232990264893,outputs/metrics/classical_heatmaps/test/peach/good/6_heatmap.npy,,0,210,0.0097163831815123,outputs/metrics/autoencoder_heatmaps/test/peach/good/6_heatmap.npy,,0,0,
peach,test,good,0,745,7,data/processed/peach/test/good/007_depth.npy,data/processed/peach/test/good/007_mask.npy,data/raw/peach/test/good/gt/007.png,124.0,467.0,140.0,479.0,217,-4.668288707733154,outputs/metrics/classical_heatmaps/test/peach/good/7_heatmap.npy,,0,217,0.008866642601788,outputs/metrics/autoencoder_heatmaps/test/peach/good/7_heatmap.npy,,0,0,
peach,test,good,0,746,8,data/processed/peach/test/good/008_depth.npy,data/processed/peach/test/good/008_mask.npy,data/raw/peach/test/good/gt/008.png,133.0,453.0,143.0,471.0,214,-3.928441047668457,outputs/metrics/classical_heatmaps/test/peach/good/8_heatmap.npy,,0,214,0.0069937598891556,outputs/metrics/autoencoder_heatmaps/test/peach/good/8_heatmap.npy,,0,0,
peach,test,good,0,747,9,data/processed/peach/test/good/009_depth.npy,data/processed/peach/test/good/009_mask.npy,data/raw/peach/test/good/gt/009.png,130.0,471.0,126.0,484.0,219,-4.841131210327148,outputs/metrics/classical_heatmaps/test/peach/good/9_heatmap.npy,,0,219,0.007388113066554,outputs/metrics/autoencoder_heatmaps/test/peach/good/9_heatmap.npy,,0,0,fig/06_results/peach/good/9_comparison.png
peach,test,good,0,748,10,data/processed/peach/test/good/010_depth.npy,data/processed/peach/test/good/010_mask.npy,data/raw/peach/test/good/gt/010.png,115.0,455.0,128.0,461.0,211,-1.539419174194336,outputs/metrics/classical_heatmaps/test/peach/good/10_heatmap.npy,,0,211,0.0139701971784234,outputs/metrics/autoencoder_heatmaps/test/peach/good/10_heatmap.npy,,0,0,
peach,test,good,0,749,11,data/processed/peach/test/good/011_depth.npy,data/processed/peach/test/good/011_mask.npy,data/raw/peach/test/good/gt/011.png,141.0,473.0,139.0,475.0,207,-1.0577927827835083,outputs/metrics/classical_heatmaps/test/peach/good/11_heatmap.npy,,0,207,0.007656505331397,outputs/metrics/autoencoder_heatmaps/test/peach/good/11_heatmap.npy,,0,0,
peach,test,good,0,750,12,data/processed/peach/test/good/012_depth.npy,data/processed/peach/test/good/012_mask.npy,data/raw/peach/test/good/gt/012.png,155.0,471.0,125.0,459.0,208,-4.384986400604248,outputs/metrics/classical_heatmaps/test/peach/good/12_heatmap.npy,,0,208,0.008212904445827,outputs/metrics/autoencoder_heatmaps/test/peach/good/12_heatmap.npy,,0,0,
peach,test,good,0,751,13,data/processed/peach/test/good/013_depth.npy,data/processed/peach/test/good/013_mask.npy,data/raw/peach/test/good/gt/013.png,104.0,461.0,97.0,476.0,214,-0.3229528367519378,outputs/metrics/classical_heatmaps/test/peach/good/13_heatmap.npy,,0,214,0.0100293979048728,outputs/metrics/autoencoder_heatmaps/test/peach/good/13_heatmap.npy,,0,0,
peach,test,good,0,752,14,data/processed/peach/test/good/014_depth.npy,data/processed/peach/test/good/014_mask.npy,data/raw/peach/test/good/gt/014.png,137.0,482.0,119.0,536.0,206,0.6900295615196228,outputs/metrics/classical_heatmaps/test/peach/good/14_heatmap.npy,,0,206,0.0107891270890831,outputs/metrics/autoencoder_heatmaps/test/peach/good/14_heatmap.npy,,0,0,
peach,test,good,0,753,15,data/processed/peach/test/good/015_depth.npy,data/processed/peach/test/good/015_mask.npy,data/raw/peach/test/good/gt/015.png,142.0,447.0,138.0,530.0,202,0.0406011193990707,outputs/metrics/classical_heatmaps/test/peach/good/15_heatmap.npy,,0,202,0.0200862810015678,outputs/metrics/autoencoder_heatmaps/test/peach/good/15_heatmap.npy,,0,0,
peach,test,good,0,754,16,data/processed/peach/test/good/016_depth.npy,data/processed/peach/test/good/016_mask.npy,data/raw/peach/test/good/gt/016.png,138.0,476.0,122.0,502.0,211,22.555757522583008,outputs/metrics/classical_heatmaps/test/peach/good/16_heatmap.npy,,0,211,0.013374033384025,outputs/metrics/autoencoder_heatmaps/test/peach/good/16_heatmap.npy,,0,0,
peach,test,good,0,755,17,data/processed/peach/test/good/017_depth.npy,data/processed/peach/test/good/017_mask.npy,data/raw/peach/test/good/gt/017.png,125.0,497.0,108.0,478.0,210,-2.9480316638946533,outputs/metrics/classical_heatmaps/test/peach/good/17_heatmap.npy,,0,210,0.0099253756925463,outputs/metrics/autoencoder_heatmaps/test/peach/good/17_heatmap.npy,,0,0,
peach,test,good,0,756,18,data/processed/peach/test/good/018_depth.npy,data/processed/peach/test/good/018_mask.npy,data/raw/peach/test/good/gt/018.png,99.0,477.0,96.0,470.0,213,-0.8163030743598938,outputs/metrics/classical_heatmaps/test/peach/good/18_heatmap.npy,,0,213,0.0111741637811064,outputs/metrics/autoencoder_heatmaps/test/peach/good/18_heatmap.npy,,0,0,
peach,test,good,0,757,19,data/processed/peach/test/good/019_depth.npy,data/processed/peach/test/good/019_mask.npy,data/raw/peach/test/good/gt/019.png,114.0,474.0,111.0,475.0,211,-2.857618808746338,outputs/metrics/classical_heatmaps/test/peach/good/19_heatmap.npy,,0,211,0.0129620367661118,outputs/metrics/autoencoder_heatmaps/test/peach/good/19_heatmap.npy,,0,0,
peach,test,good,0,758,20,data/processed/peach/test/good/020_depth.npy,data/processed/peach/test/good/020_mask.npy,data/raw/peach/test/good/gt/020.png,155.0,506.0,101.0,486.0,202,-0.1212529242038726,outputs/metrics/classical_heatmaps/test/peach/good/20_heatmap.npy,,0,202,0.0103392610326409,outputs/metrics/autoencoder_heatmaps/test/peach/good/20_heatmap.npy,,0,0,
peach,test,good,0,759,21,data/processed/peach/test/good/021_depth.npy,data/processed/peach/test/good/021_mask.npy,data/raw/peach/test/good/gt/021.png,143.0,474.0,128.0,494.0,207,22.25010681152344,outputs/metrics/classical_heatmaps/test/peach/good/21_heatmap.npy,,0,207,0.0169593822211027,outputs/metrics/autoencoder_heatmaps/test/peach/good/21_heatmap.npy,,0,0,
peach,test,good,0,760,22,data/processed/peach/test/good/022_depth.npy,data/processed/peach/test/good/022_mask.npy,data/raw/peach/test/good/gt/022.png,109.0,477.0,117.0,484.0,199,3.205944538116455,outputs/metrics/classical_heatmaps/test/peach/good/22_heatmap.npy,,0,199,0.0162856262177228,outputs/metrics/autoencoder_heatmaps/test/peach/good/22_heatmap.npy,,0,0,
peach,test,good,0,761,23,data/processed/peach/test/good/023_depth.npy,data/processed/peach/test/good/023_mask.npy,data/raw/peach/test/good/gt/023.png,113.0,476.0,106.0,498.0,217,-1.3560274839401243,outputs/metrics/classical_heatmaps/test/peach/good/23_heatmap.npy,,0,217,0.0162340532988309,outputs/metrics/autoencoder_heatmaps/test/peach/good/23_heatmap.npy,,0,0,
peach,test,good,0,762,24,data/processed/peach/test/good/024_depth.npy,data/processed/peach/test/good/024_mask.npy,data/raw/peach/test/good/gt/024.png,91.0,443.0,114.0,596.0,184,34.8524284362793,outputs/metrics/classical_heatmaps/test/peach/good/24_heatmap.npy,,0,184,0.0125490929931402,outputs/metrics/autoencoder_heatmaps/test/peach/good/24_heatmap.npy,,0,0,
peach,test,good,0,763,25,data/processed/peach/test/good/025_depth.npy,data/processed/peach/test/good/025_mask.npy,data/raw/peach/test/good/gt/025.png,115.0,467.0,117.0,584.0,187,125.36882019042967,outputs/metrics/classical_heatmaps/test/peach/good/25_heatmap.npy,,0,187,0.0143749397248029,outputs/metrics/autoencoder_heatmaps/test/peach/good/25_heatmap.npy,,0,0,
peach,test,combined,1,764,0,data/processed/peach/test/combined/000_depth.npy,data/processed/peach/test/combined/000_mask.npy,data/raw/peach/test/combined/gt/000.png,120.0,456.0,153.0,476.0,215,-3.790220022201538,outputs/metrics/classical_heatmaps/test/peach/combined/0_heatmap.npy,fig/04_classical/test_heatmaps/peach/combined/0_heatmap.png,1379,215,0.0077108577825129,outputs/metrics/autoencoder_heatmaps/test/peach/combined/0_heatmap.npy,fig/05_autoencoder/test_heatmaps/peach/combined/0_heatmap.png,1379,1379,fig/06_results/peach/combined/0_comparison.png
peach,test,combined,1,765,1,data/processed/peach/test/combined/001_depth.npy,data/processed/peach/test/combined/001_mask.npy,data/raw/peach/test/combined/gt/001.png,104.0,458.0,123.0,476.0,197,-4.075253963470459,outputs/metrics/classical_heatmaps/test/peach/combined/1_heatmap.npy,fig/04_classical/test_heatmaps/peach/combined/1_heatmap.png,1136,197,0.0108759235590696,outputs/metrics/autoencoder_heatmaps/test/peach/combined/1_heatmap.npy,fig/05_autoencoder/test_heatmaps/peach/combined/1_heatmap.png,1136,1136,
peach,test,combined,1,766,2,data/processed/peach/test/combined/002_depth.npy,data/processed/peach/test/combined/002_mask.npy,data/raw/peach/test/combined/gt/002.png,126.0,452.0,131.0,534.0,200,11.4478759765625,outputs/metrics/classical_heatmaps/test/peach/combined/2_heatmap.npy,fig/04_classical/test_heatmaps/peach/combined/2_heatmap.png,845,200,0.0263704545795917,outputs/metrics/autoencoder_heatmaps/test/peach/combined/2_heatmap.npy,fig/05_autoencoder/test_heatmaps/peach/combined/2_heatmap.png,845,845,
peach,test,combined,1,767,3,data/processed/peach/test/combined/003_depth.npy,data/processed/peach/test/combined/003_mask.npy,data/raw/peach/test/combined/gt/003.png,130.0,446.0,146.0,449.0,216,-4.637720108032227,outputs/metrics/classical_heatmaps/test/peach/combined/3_heatmap.npy,,1295,216,0.0085626598447561,outputs/metrics/autoencoder_heatmaps/test/peach/combined/3_heatmap.npy,,1295,1295,
peach,test,combined,1,768,4,data/processed/peach/test/combined/004_depth.npy,data/processed/peach/test/combined/004_mask.npy,data/raw/peach/test/combined/gt/004.png,144.0,464.0,119.0,462.0,214,-1.5554698705673218,outputs/metrics/classical_heatmaps/test/peach/combined/4_heatmap.npy,,1493,214,0.0079487795010209,outputs/metrics/autoencoder_heatmaps/test/peach/combined/4_heatmap.npy,,1493,1493,
peach,test,combined,1,769,5,data/processed/peach/test/combined/005_depth.npy,data/processed/peach/test/combined/005_mask.npy,data/raw/peach/test/combined/gt/005.png,94.0,454.0,113.0,528.0,201,6.454718112945557,outputs/metrics/classical_heatmaps/test/peach/combined/5_heatmap.npy,,1009,201,0.0115542272105813,outputs/metrics/autoencoder_heatmaps/test/peach/combined/5_heatmap.npy,,1009,1009,
peach,test,combined,1,770,6,data/processed/peach/test/combined/006_depth.npy,data/processed/peach/test/combined/006_mask.npy,data/raw/peach/test/combined/gt/006.png,124.0,486.0,115.0,544.0,216,40.04317092895508,outputs/metrics/classical_heatmaps/test/peach/combined/6_heatmap.npy,,1469,216,0.0097966231405735,outputs/metrics/autoencoder_heatmaps/test/peach/combined/6_heatmap.npy,,1469,1469,
peach,test,combined,1,771,7,data/processed/peach/test/combined/007_depth.npy,data/processed/peach/test/combined/007_mask.npy,data/raw/peach/test/combined/gt/007.png,130.0,530.0,102.0,541.0,200,27.40023422241211,outputs/metrics/classical_heatmaps/test/peach/combined/7_heatmap.npy,,838,200,0.01008967962116,outputs/metrics/autoencoder_heatmaps/test/peach/combined/7_heatmap.npy,,838,838,
peach,test,combined,1,772,8,data/processed/peach/test/combined/008_depth.npy,data/processed/peach/test/combined/008_mask.npy,data/raw/peach/test/combined/gt/008.png,109.0,546.0,128.0,547.0,210,61.20805740356445,outputs/metrics/classical_heatmaps/test/peach/combined/8_heatmap.npy,,1108,210,0.0110972300171852,outputs/metrics/autoencoder_heatmaps/test/peach/combined/8_heatmap.npy,,1108,1108,
peach,test,combined,1,773,9,data/processed/peach/test/combined/009_depth.npy,data/processed/peach/test/combined/009_mask.npy,data/raw/peach/test/combined/gt/009.png,119.0,555.0,135.0,550.0,212,17.213045120239258,outputs/metrics/classical_heatmaps/test/peach/combined/9_heatmap.npy,,825,212,0.0167863685637712,outputs/metrics/autoencoder_heatmaps/test/peach/combined/9_heatmap.npy,,825,825,
peach,test,combined,1,774,10,data/processed/peach/test/combined/010_depth.npy,data/processed/peach/test/combined/010_mask.npy,data/raw/peach/test/combined/gt/010.png,137.0,497.0,126.0,544.0,220,40.91243362426758,outputs/metrics/classical_heatmaps/test/peach/combined/10_heatmap.npy,,660,220,0.0143047533929348,outputs/metrics/autoencoder_heatmaps/test/peach/combined/10_heatmap.npy,,660,660,
peach,test,combined,1,775,11,data/processed/peach/test/combined/011_depth.npy,data/processed/peach/test/combined/011_mask.npy,data/raw/peach/test/combined/gt/011.png,130.0,486.0,134.0,539.0,208,22.25257682800293,outputs/metrics/classical_heatmaps/test/peach/combined/11_heatmap.npy,,501,208,0.0151515509933233,outputs/metrics/autoencoder_heatmaps/test/peach/combined/11_heatmap.npy,,501,501,
peach,test,combined,1,776,12,data/processed/peach/test/combined/012_depth.npy,data/processed/peach/test/combined/012_mask.npy,data/raw/peach/test/combined/gt/012.png,140.0,508.0,126.0,570.0,203,63.5720100402832,outputs/metrics/classical_heatmaps/test/peach/combined/12_heatmap.npy,,809,203,0.0126496916636824,outputs/metrics/autoencoder_heatmaps/test/peach/combined/12_heatmap.npy,,809,809,
peach,test,combined,1,777,13,data/processed/peach/test/combined/013_depth.npy,data/processed/peach/test/combined/013_mask.npy,data/raw/peach/test/combined/gt/013.png,123.0,498.0,124.0,573.0,207,33.91453170776367,outputs/metrics/classical_heatmaps/test/peach/combined/13_heatmap.npy,,603,207,0.0146463951095938,outputs/metrics/autoencoder_heatmaps/test/peach/combined/13_heatmap.npy,,603,603,
peach,test,combined,1,778,14,data/processed/peach/test/combined/014_depth.npy,data/processed/peach/test/combined/014_mask.npy,data/raw/peach/test/combined/gt/014.png,127.0,479.0,132.0,572.0,209,42.91524887084961,outputs/metrics/classical_heatmaps/test/peach/combined/14_heatmap.npy,,1120,209,0.0128240594640374,outputs/metrics/autoencoder_heatmaps/test/peach/combined/14_heatmap.npy,,1120,1120,
peach,test,combined,1,779,15,data/processed/peach/test/combined/015_depth.npy,data/processed/peach/test/combined/015_mask.npy,data/raw/peach/test/combined/gt/015.png,169.0,474.0,136.0,470.0,215,28.75811767578125,outputs/metrics/classical_heatmaps/test/peach/combined/15_heatmap.npy,,948,215,0.014540147036314,outputs/metrics/autoencoder_heatmaps/test/peach/combined/15_heatmap.npy,,948,948,
peach,test,combined,1,780,16,data/processed/peach/test/combined/016_depth.npy,data/processed/peach/test/combined/016_mask.npy,data/raw/peach/test/combined/gt/016.png,136.0,507.0,114.0,572.0,207,96.81975555419922,outputs/metrics/classical_heatmaps/test/peach/combined/16_heatmap.npy,,1007,207,0.0168266724795103,outputs/metrics/autoencoder_heatmaps/test/peach/combined/16_heatmap.npy,,1007,1007,
peach,test,combined,1,781,17,data/processed/peach/test/combined/017_depth.npy,data/processed/peach/test/combined/017_mask.npy,data/raw/peach/test/combined/gt/017.png,100.0,522.0,112.0,569.0,207,74.80012512207031,outputs/metrics/classical_heatmaps/test/peach/combined/17_heatmap.npy,,984,207,0.012340584769845,outputs/metrics/autoencoder_heatmaps/test/peach/combined/17_heatmap.npy,,984,984,
peach,test,combined,1,782,18,data/processed/peach/test/combined/018_depth.npy,data/processed/peach/test/combined/018_mask.npy,data/raw/peach/test/combined/gt/018.png,146.0,524.0,130.0,560.0,213,55.05234146118164,outputs/metrics/classical_heatmaps/test/peach/combined/18_heatmap.npy,,887,213,0.0103932358324527,outputs/metrics/autoencoder_heatmaps/test/peach/combined/18_heatmap.npy,,887,887,
peach,test,combined,1,783,19,data/processed/peach/test/combined/019_depth.npy,data/processed/peach/test/combined/019_mask.npy,data/raw/peach/test/combined/gt/019.png,95.0,532.0,114.0,564.0,204,81.74169158935547,outputs/metrics/classical_heatmaps/test/peach/combined/19_heatmap.npy,,618,204,0.012926748022437,outputs/metrics/autoencoder_heatmaps/test/peach/combined/19_heatmap.npy,,618,618,
peach,test,combined,1,784,20,data/processed/peach/test/combined/020_depth.npy,data/processed/peach/test/combined/020_mask.npy,data/raw/peach/test/combined/gt/020.png,133.0,514.0,124.0,562.0,198,35.3546257019043,outputs/metrics/classical_heatmaps/test/peach/combined/20_heatmap.npy,,864,198,0.0136428624391555,outputs/metrics/autoencoder_heatmaps/test/peach/combined/20_heatmap.npy,,864,864,
peach,test,combined,1,785,21,data/processed/peach/test/combined/021_depth.npy,data/processed/peach/test/combined/021_mask.npy,data/raw/peach/test/combined/gt/021.png,116.0,542.0,134.0,578.0,200,36.412357330322266,outputs/metrics/classical_heatmaps/test/peach/combined/21_heatmap.npy,,856,200,0.0113973598927259,outputs/metrics/autoencoder_heatmaps/test/peach/combined/21_heatmap.npy,,856,856,
peach,test,combined,1,786,22,data/processed/peach/test/combined/022_depth.npy,data/processed/peach/test/combined/022_mask.npy,data/raw/peach/test/combined/gt/022.png,145.0,471.0,130.0,588.0,205,63.73245620727539,outputs/metrics/classical_heatmaps/test/peach/combined/22_heatmap.npy,,935,205,0.012735228985548,outputs/metrics/autoencoder_heatmaps/test/peach/combined/22_heatmap.npy,,935,935,
peach,test,combined,1,787,23,data/processed/peach/test/combined/023_depth.npy,data/processed/peach/test/combined/023_mask.npy,data/raw/peach/test/combined/gt/023.png,145.0,471.0,148.0,565.0,196,11.937332153320312,outputs/metrics/classical_heatmaps/test/peach/combined/23_heatmap.npy,,942,196,0.0135937826707959,outputs/metrics/autoencoder_heatmaps/test/peach/combined/23_heatmap.npy,,942,942,
peach,test,combined,1,788,24,data/processed/peach/test/combined/024_depth.npy,data/processed/peach/test/combined/024_mask.npy,data/raw/peach/test/combined/gt/024.png,145.0,514.0,135.0,539.0,197,44.94351959228515,outputs/metrics/classical_heatmaps/test/peach/combined/24_heatmap.npy,,1699,197,0.0122724818065762,outputs/metrics/autoencoder_heatmaps/test/peach/combined/24_heatmap.npy,,1699,1699,
peach,test,contamination,1,789,0,data/processed/peach/test/contamination/000_depth.npy,data/processed/peach/test/contamination/000_mask.npy,data/raw/peach/test/contamination/gt/000.png,115.0,494.0,115.0,477.0,216,-1.112644910812378,outputs/metrics/classical_heatmaps/test/peach/contamination/0_heatmap.npy,,245,216,0.0090399645268917,outputs/metrics/autoencoder_heatmaps/test/peach/contamination/0_heatmap.npy,,245,245,
peach,test,contamination,1,790,1,data/processed/peach/test/contamination/001_depth.npy,data/processed/peach/test/contamination/001_mask.npy,data/raw/peach/test/contamination/gt/001.png,166.0,477.0,158.0,467.0,207,-3.005983829498291,outputs/metrics/classical_heatmaps/test/peach/contamination/1_heatmap.npy,,528,207,0.0080422786995768,outputs/metrics/autoencoder_heatmaps/test/peach/contamination/1_heatmap.npy,,528,528,
peach,test,contamination,1,791,2,data/processed/peach/test/contamination/002_depth.npy,data/processed/peach/test/contamination/002_mask.npy,data/raw/peach/test/contamination/gt/002.png,134.0,505.0,138.0,489.0,205,0.472815066576004,outputs/metrics/classical_heatmaps/test/peach/contamination/2_heatmap.npy,,421,205,0.011105447076261,outputs/metrics/autoencoder_heatmaps/test/peach/contamination/2_heatmap.npy,,421,421,
peach,test,contamination,1,792,3,data/processed/peach/test/contamination/003_depth.npy,data/processed/peach/test/contamination/003_mask.npy,data/raw/peach/test/contamination/gt/003.png,140.0,490.0,136.0,496.0,215,-8.219878196716309,outputs/metrics/classical_heatmaps/test/peach/contamination/3_heatmap.npy,,1027,215,0.008872783742845,outputs/metrics/autoencoder_heatmaps/test/peach/contamination/3_heatmap.npy,,1027,1027,
peach,test,contamination,1,793,4,data/processed/peach/test/contamination/004_depth.npy,data/processed/peach/test/contamination/004_mask.npy,data/raw/peach/test/contamination/gt/004.png,109.0,463.0,106.0,472.0,214,-1.5465668439865112,outputs/metrics/classical_heatmaps/test/peach/contamination/4_heatmap.npy,,621,214,0.014778995886445,outputs/metrics/autoencoder_heatmaps/test/peach/contamination/4_heatmap.npy,,621,621,
peach,test,contamination,1,794,5,data/processed/peach/test/contamination/005_depth.npy,data/processed/peach/test/contamination/005_mask.npy,data/raw/peach/test/contamination/gt/005.png,153.0,481.0,130.0,464.0,210,-4.531553745269775,outputs/metrics/classical_heatmaps/test/peach/contamination/5_heatmap.npy,,691,210,0.0088719353079795,outputs/metrics/autoencoder_heatmaps/test/peach/contamination/5_heatmap.npy,,691,691,
peach,test,contamination,1,795,6,data/processed/peach/test/contamination/006_depth.npy,data/processed/peach/test/contamination/006_mask.npy,data/raw/peach/test/contamination/gt/006.png,107.0,481.0,125.0,481.0,213,-9.959362983703612,outputs/metrics/classical_heatmaps/test/peach/contamination/6_heatmap.npy,,383,213,0.0091770039871335,outputs/metrics/autoencoder_heatmaps/test/peach/contamination/6_heatmap.npy,,383,383,
peach,test,contamination,1,796,7,data/processed/peach/test/contamination/007_depth.npy,data/processed/peach/test/contamination/007_mask.npy,data/raw/peach/test/contamination/gt/007.png,118.0,488.0,146.0,495.0,213,-2.9203500747680664,outputs/metrics/classical_heatmaps/test/peach/contamination/7_heatmap.npy,,322,213,0.0076577053405344,outputs/metrics/autoencoder_heatmaps/test/peach/contamination/7_heatmap.npy,,322,322,
peach,test,contamination,1,797,8,data/processed/peach/test/contamination/008_depth.npy,data/processed/peach/test/contamination/008_mask.npy,data/raw/peach/test/contamination/gt/008.png,109.0,494.0,127.0,518.0,208,-21.72539520263672,outputs/metrics/classical_heatmaps/test/peach/contamination/8_heatmap.npy,,814,208,0.0207458063960075,outputs/metrics/autoencoder_heatmaps/test/peach/contamination/8_heatmap.npy,,814,814,
peach,test,contamination,1,798,9,data/processed/peach/test/contamination/009_depth.npy,data/processed/peach/test/contamination/009_mask.npy,data/raw/peach/test/contamination/gt/009.png,116.0,478.0,156.0,498.0,218,-2.128472328186035,outputs/metrics/classical_heatmaps/test/peach/contamination/9_heatmap.npy,,462,218,0.0095732770860195,outputs/metrics/autoencoder_heatmaps/test/peach/contamination/9_heatmap.npy,,462,462,
peach,test,contamination,1,799,10,data/processed/peach/test/contamination/010_depth.npy,data/processed/peach/test/contamination/010_mask.npy,data/raw/peach/test/contamination/gt/010.png,130.0,495.0,104.0,471.0,210,-0.0127017386257648,outputs/metrics/classical_heatmaps/test/peach/contamination/10_heatmap.npy,,195,210,0.0140168378129601,outputs/metrics/autoencoder_heatmaps/test/peach/contamination/10_heatmap.npy,,195,195,
peach,test,contamination,1,800,11,data/processed/peach/test/contamination/011_depth.npy,data/processed/peach/test/contamination/011_mask.npy,data/raw/peach/test/contamination/gt/011.png,99.0,456.0,133.0,484.0,213,-1.6630078554153442,outputs/metrics/classical_heatmaps/test/peach/contamination/11_heatmap.npy,,572,213,0.0107675371691584,outputs/metrics/autoencoder_heatmaps/test/peach/contamination/11_heatmap.npy,,572,572,
peach,test,contamination,1,801,12,data/processed/peach/test/contamination/012_depth.npy,data/processed/peach/test/contamination/012_mask.npy,data/raw/peach/test/contamination/gt/012.png,103.0,473.0,139.0,506.0,213,-1.351995587348938,outputs/metrics/classical_heatmaps/test/peach/contamination/12_heatmap.npy,,180,213,0.0119637409225106,outputs/metrics/autoencoder_heatmaps/test/peach/contamination/12_heatmap.npy,,180,180,
peach,test,contamination,1,802,13,data/processed/peach/test/contamination/013_depth.npy,data/processed/peach/test/contamination/013_mask.npy,data/raw/peach/test/contamination/gt/013.png,121.0,482.0,116.0,470.0,214,-5.459956645965576,outputs/metrics/classical_heatmaps/test/peach/contamination/13_heatmap.npy,,438,214,0.0078357998281717,outputs/metrics/autoencoder_heatmaps/test/peach/contamination/13_heatmap.npy,,438,438,fig/06_results/peach/contamination/13_comparison.png
peach,test,contamination,1,803,14,data/processed/peach/test/contamination/014_depth.npy,data/processed/peach/test/contamination/014_mask.npy,data/raw/peach/test/contamination/gt/014.png,149.0,496.0,123.0,551.0,212,39.440731048583984,outputs/metrics/classical_heatmaps/test/peach/contamination/14_heatmap.npy,,365,212,0.0160943698137998,outputs/metrics/autoencoder_heatmaps/test/peach/contamination/14_heatmap.npy,,365,365,
peach,test,contamination,1,804,15,data/processed/peach/test/contamination/015_depth.npy,data/processed/peach/test/contamination/015_mask.npy,data/raw/peach/test/contamination/gt/015.png,153.0,492.0,90.0,546.0,209,53.375465393066406,outputs/metrics/classical_heatmaps/test/peach/contamination/15_heatmap.npy,,415,209,0.0133192921057343,outputs/metrics/autoencoder_heatmaps/test/peach/contamination/15_heatmap.npy,,415,415,
peach,test,contamination,1,805,16,data/processed/peach/test/contamination/016_depth.npy,data/processed/peach/test/contamination/016_mask.npy,data/raw/peach/test/contamination/gt/016.png,138.0,496.0,138.0,540.0,191,10.01858901977539,outputs/metrics/classical_heatmaps/test/peach/contamination/16_heatmap.npy,,262,191,0.0171971544623374,outputs/metrics/autoencoder_heatmaps/test/peach/contamination/16_heatmap.npy,,262,262,
peach,test,contamination,1,806,17,data/processed/peach/test/contamination/017_depth.npy,data/processed/peach/test/contamination/017_mask.npy,data/raw/peach/test/contamination/gt/017.png,136.0,478.0,139.0,544.0,190,6.25286865234375,outputs/metrics/classical_heatmaps/test/peach/contamination/17_heatmap.npy,,355,190,0.0110554285347461,outputs/metrics/autoencoder_heatmaps/test/peach/contamination/17_heatmap.npy,,355,355,
peach,test,contamination,1,807,18,data/processed/peach/test/contamination/018_depth.npy,data/processed/peach/test/contamination/018_mask.npy,data/raw/peach/test/contamination/gt/018.png,131.0,509.0,112.0,550.0,201,61.79579162597656,outputs/metrics/classical_heatmaps/test/peach/contamination/18_heatmap.npy,,155,201,0.0115221384912729,outputs/metrics/autoencoder_heatmaps/test/peach/contamination/18_heatmap.npy,,155,155,
peach,test,contamination,1,808,19,data/processed/peach/test/contamination/019_depth.npy,data/processed/peach/test/contamination/019_mask.npy,data/raw/peach/test/contamination/gt/019.png,133.0,503.0,120.0,537.0,197,36.33624267578125,outputs/metrics/classical_heatmaps/test/peach/contamination/19_heatmap.npy,,267,197,0.0147212296724319,outputs/metrics/autoencoder_heatmaps/test/peach/contamination/19_heatmap.npy,,267,267,
peach,test,contamination,1,809,20,data/processed/peach/test/contamination/020_depth.npy,data/processed/peach/test/contamination/020_mask.npy,data/raw/peach/test/contamination/gt/020.png,136.0,490.0,128.0,532.0,206,49.54231262207031,outputs/metrics/classical_heatmaps/test/peach/contamination/20_heatmap.npy,,248,206,0.0147394379600882,outputs/metrics/autoencoder_heatmaps/test/peach/contamination/20_heatmap.npy,,248,248,
peach,test,contamination,1,810,21,data/processed/peach/test/contamination/021_depth.npy,data/processed/peach/test/contamination/021_mask.npy,data/raw/peach/test/contamination/gt/021.png,143.0,516.0,109.0,548.0,213,72.56671905517578,outputs/metrics/classical_heatmaps/test/peach/contamination/21_heatmap.npy,,799,213,0.0102321160957217,outputs/metrics/autoencoder_heatmaps/test/peach/contamination/21_heatmap.npy,,799,799,
peach,test,contamination,1,811,22,data/processed/peach/test/contamination/022_depth.npy,data/processed/peach/test/contamination/022_mask.npy,data/raw/peach/test/contamination/gt/022.png,133.0,487.0,144.0,544.0,209,94.9254913330078,outputs/metrics/classical_heatmaps/test/peach/contamination/22_heatmap.npy,,447,209,0.01286815200001,outputs/metrics/autoencoder_heatmaps/test/peach/contamination/22_heatmap.npy,,447,447,
peach,test,contamination,1,812,23,data/processed/peach/test/contamination/023_depth.npy,data/processed/peach/test/contamination/023_mask.npy,data/raw/peach/test/contamination/gt/023.png,137.0,508.0,128.0,550.0,211,65.59701538085938,outputs/metrics/classical_heatmaps/test/peach/contamination/23_heatmap.npy,,440,211,0.0132377091795206,outputs/metrics/autoencoder_heatmaps/test/peach/contamination/23_heatmap.npy,,440,440,
peach,test,contamination,1,813,24,data/processed/peach/test/contamination/024_depth.npy,data/processed/peach/test/contamination/024_mask.npy,data/raw/peach/test/contamination/gt/024.png,133.0,496.0,133.0,555.0,216,67.85425567626953,outputs/metrics/classical_heatmaps/test/peach/contamination/24_heatmap.npy,,220,216,0.0172236561775207,outputs/metrics/autoencoder_heatmaps/test/peach/contamination/24_heatmap.npy,,220,220,
peach,test,contamination,1,814,25,data/processed/peach/test/contamination/025_depth.npy,data/processed/peach/test/contamination/025_mask.npy,data/raw/peach/test/contamination/gt/025.png,113.0,508.0,94.0,558.0,220,66.14037322998047,outputs/metrics/classical_heatmaps/test/peach/contamination/25_heatmap.npy,,781,220,0.012980168685317,outputs/metrics/autoencoder_heatmaps/test/peach/contamination/25_heatmap.npy,,781,781,
peach,test,contamination,1,815,26,data/processed/peach/test/contamination/026_depth.npy,data/processed/peach/test/contamination/026_mask.npy,data/raw/peach/test/contamination/gt/026.png,154.0,498.0,102.0,544.0,203,59.25089263916016,outputs/metrics/classical_heatmaps/test/peach/contamination/26_heatmap.npy,,330,203,0.0173278655856847,outputs/metrics/autoencoder_heatmaps/test/peach/contamination/26_heatmap.npy,,330,330,
peach,test,cut,1,816,0,data/processed/peach/test/cut/000_depth.npy,data/processed/peach/test/cut/000_mask.npy,data/raw/peach/test/cut/gt/000.png,133.0,479.0,102.0,465.0,214,-1.6400229930877686,outputs/metrics/classical_heatmaps/test/peach/cut/0_heatmap.npy,,1703,214,0.0086962720379233,outputs/metrics/autoencoder_heatmaps/test/peach/cut/0_heatmap.npy,,1703,1703,
peach,test,cut,1,817,1,data/processed/peach/test/cut/001_depth.npy,data/processed/peach/test/cut/001_mask.npy,data/raw/peach/test/cut/gt/001.png,137.0,473.0,119.0,467.0,215,-2.6695737838745117,outputs/metrics/classical_heatmaps/test/peach/cut/1_heatmap.npy,,1446,215,0.0090065011754632,outputs/metrics/autoencoder_heatmaps/test/peach/cut/1_heatmap.npy,,1446,1446,
peach,test,cut,1,818,2,data/processed/peach/test/cut/002_depth.npy,data/processed/peach/test/cut/002_mask.npy,data/raw/peach/test/cut/gt/002.png,104.0,551.0,150.0,508.0,196,15.27662467956543,outputs/metrics/classical_heatmaps/test/peach/cut/2_heatmap.npy,,929,196,0.0088926944881677,outputs/metrics/autoencoder_heatmaps/test/peach/cut/2_heatmap.npy,,929,929,
peach,test,cut,1,819,3,data/processed/peach/test/cut/003_depth.npy,data/processed/peach/test/cut/003_mask.npy,data/raw/peach/test/cut/gt/003.png,139.0,462.0,142.0,477.0,212,-3.393310308456421,outputs/metrics/classical_heatmaps/test/peach/cut/3_heatmap.npy,,421,212,0.0109770419076085,outputs/metrics/autoencoder_heatmaps/test/peach/cut/3_heatmap.npy,,421,421,
peach,test,cut,1,820,4,data/processed/peach/test/cut/004_depth.npy,data/processed/peach/test/cut/004_mask.npy,data/raw/peach/test/cut/gt/004.png,120.0,443.0,112.0,463.0,213,-0.9048299789428712,outputs/metrics/classical_heatmaps/test/peach/cut/4_heatmap.npy,,567,213,0.0076151932589709,outputs/metrics/autoencoder_heatmaps/test/peach/cut/4_heatmap.npy,,567,567,
peach,test,cut,1,821,5,data/processed/peach/test/cut/005_depth.npy,data/processed/peach/test/cut/005_mask.npy,data/raw/peach/test/cut/gt/005.png,148.0,460.0,144.0,475.0,215,-3.5763604640960693,outputs/metrics/classical_heatmaps/test/peach/cut/5_heatmap.npy,,588,215,0.009654339402914,outputs/metrics/autoencoder_heatmaps/test/peach/cut/5_heatmap.npy,,588,588,
peach,test,cut,1,822,6,data/processed/peach/test/cut/006_depth.npy,data/processed/peach/test/cut/006_mask.npy,data/raw/peach/test/cut/gt/006.png,135.0,446.0,146.0,480.0,214,-2.643413543701172,outputs/metrics/classical_heatmaps/test/peach/cut/6_heatmap.npy,,693,214,0.0081221396103501,outputs/metrics/autoencoder_heatmaps/test/peach/cut/6_heatmap.npy,,693,693,
peach,test,cut,1,823,7,data/processed/peach/test/cut/007_depth.npy,data/processed/peach/test/cut/007_mask.npy,data/raw/peach/test/cut/gt/007.png,139.0,512.0,99.0,461.0,204,25.671710968017575,outputs/metrics/classical_heatmaps/test/peach/cut/7_heatmap.npy,,615,204,0.0095992907881736,outputs/metrics/autoencoder_heatmaps/test/peach/cut/7_heatmap.npy,,615,615,
peach,test,cut,1,824,8,data/processed/peach/test/cut/008_depth.npy,data/processed/peach/test/cut/008_mask.npy,data/raw/peach/test/cut/gt/008.png,113.0,493.0,125.0,481.0,210,-2.988077402114868,outputs/metrics/classical_heatmaps/test/peach/cut/8_heatmap.npy,,1081,210,0.0106882555410265,outputs/metrics/autoencoder_heatmaps/test/peach/cut/8_heatmap.npy,,1081,1081,
peach,test,cut,1,825,9,data/processed/peach/test/cut/009_depth.npy,data/processed/peach/test/cut/009_mask.npy,data/raw/peach/test/cut/gt/009.png,131.0,474.0,122.0,478.0,209,-1.5103180408477783,outputs/metrics/classical_heatmaps/test/peach/cut/9_heatmap.npy,,1260,209,0.0100384540855884,outputs/metrics/autoencoder_heatmaps/test/peach/cut/9_heatmap.npy,,1260,1260,
peach,test,cut,1,826,10,data/processed/peach/test/cut/010_depth.npy,data/processed/peach/test/cut/010_mask.npy,data/raw/peach/test/cut/gt/010.png,148.0,492.0,140.0,493.0,212,-3.483522653579712,outputs/metrics/classical_heatmaps/test/peach/cut/10_heatmap.npy,,1941,212,0.0087718954309821,outputs/metrics/autoencoder_heatmaps/test/peach/cut/10_heatmap.npy,,1941,1941,
peach,test,cut,1,827,11,data/processed/peach/test/cut/011_depth.npy,data/processed/peach/test/cut/011_mask.npy,data/raw/peach/test/cut/gt/011.png,131.0,458.0,143.0,464.0,215,-1.9128525257110596,outputs/metrics/classical_heatmaps/test/peach/cut/11_heatmap.npy,,629,215,0.0099879680201411,outputs/metrics/autoencoder_heatmaps/test/peach/cut/11_heatmap.npy,,629,629,
peach,test,cut,1,828,12,data/processed/peach/test/cut/012_depth.npy,data/processed/peach/test/cut/012_mask.npy,data/raw/peach/test/cut/gt/012.png,67.0,457.0,132.0,448.0,200,79.26936340332031,outputs/metrics/classical_heatmaps/test/peach/cut/12_heatmap.npy,,723,200,0.0157759804278612,outputs/metrics/autoencoder_heatmaps/test/peach/cut/12_heatmap.npy,,723,723,
peach,test,cut,1,829,13,data/processed/peach/test/cut/013_depth.npy,data/processed/peach/test/cut/013_mask.npy,data/raw/peach/test/cut/gt/013.png,115.0,479.0,146.0,512.0,205,12.238883018493652,outputs/metrics/classical_heatmaps/test/peach/cut/13_heatmap.npy,,340,205,0.0142976082861423,outputs/metrics/autoencoder_heatmaps/test/peach/cut/13_heatmap.npy,,340,340,
peach,test,cut,1,830,14,data/processed/peach/test/cut/014_depth.npy,data/processed/peach/test/cut/014_mask.npy,data/raw/peach/test/cut/gt/014.png,156.0,491.0,128.0,558.0,219,77.24752044677734,outputs/metrics/classical_heatmaps/test/peach/cut/14_heatmap.npy,,595,219,0.0157778728753328,outputs/metrics/autoencoder_heatmaps/test/peach/cut/14_heatmap.npy,,595,595,
peach,test,cut,1,831,15,data/processed/peach/test/cut/015_depth.npy,data/processed/peach/test/cut/015_mask.npy,data/raw/peach/test/cut/gt/015.png,110.0,449.0,158.0,468.0,205,-1.5922995805740356,outputs/metrics/classical_heatmaps/test/peach/cut/15_heatmap.npy,,682,205,0.0149055691435933,outputs/metrics/autoencoder_heatmaps/test/peach/cut/15_heatmap.npy,,682,682,
peach,test,cut,1,832,16,data/processed/peach/test/cut/016_depth.npy,data/processed/peach/test/cut/016_mask.npy,data/raw/peach/test/cut/gt/016.png,105.0,456.0,115.0,552.0,194,70.04136657714844,outputs/metrics/classical_heatmaps/test/peach/cut/16_heatmap.npy,,419,194,0.017235942184925,outputs/metrics/autoencoder_heatmaps/test/peach/cut/16_heatmap.npy,,419,419,
peach,test,cut,1,833,17,data/processed/peach/test/cut/017_depth.npy,data/processed/peach/test/cut/017_mask.npy,data/raw/peach/test/cut/gt/017.png,135.0,476.0,124.0,556.0,203,31.807432174682617,outputs/metrics/classical_heatmaps/test/peach/cut/17_heatmap.npy,,647,203,0.0154084535315632,outputs/metrics/autoencoder_heatmaps/test/peach/cut/17_heatmap.npy,,647,647,
peach,test,cut,1,834,18,data/processed/peach/test/cut/018_depth.npy,data/processed/peach/test/cut/018_mask.npy,data/raw/peach/test/cut/gt/018.png,149.0,473.0,134.0,537.0,194,50.29271697998047,outputs/metrics/classical_heatmaps/test/peach/cut/18_heatmap.npy,,558,194,0.0192352142184972,outputs/metrics/autoencoder_heatmaps/test/peach/cut/18_heatmap.npy,,558,558,
peach,test,cut,1,835,19,data/processed/peach/test/cut/019_depth.npy,data/processed/peach/test/cut/019_mask.npy,data/raw/peach/test/cut/gt/019.png,140.0,487.0,154.0,542.0,213,35.31829833984375,outputs/metrics/classical_heatmaps/test/peach/cut/19_heatmap.npy,,1881,213,0.0186983682215213,outputs/metrics/autoencoder_heatmaps/test/peach/cut/19_heatmap.npy,,1881,1881,
peach,test,cut,1,836,20,data/processed/peach/test/cut/020_depth.npy,data/processed/peach/test/cut/020_mask.npy,data/raw/peach/test/cut/gt/020.png,132.0,545.0,116.0,544.0,203,66.30687713623047,outputs/metrics/classical_heatmaps/test/peach/cut/20_heatmap.npy,,1177,203,0.0133050344884395,outputs/metrics/autoencoder_heatmaps/test/peach/cut/20_heatmap.npy,,1177,1177,
peach,test,cut,1,837,21,data/processed/peach/test/cut/021_depth.npy,data/processed/peach/test/cut/021_mask.npy,data/raw/peach/test/cut/gt/021.png,117.0,498.0,126.0,549.0,192,62.09856033325195,outputs/metrics/classical_heatmaps/test/peach/cut/21_heatmap.npy,,486,192,0.0127714769914746,outputs/metrics/autoencoder_heatmaps/test/peach/cut/21_heatmap.npy,,486,486,
peach,test,cut,1,838,22,data/processed/peach/test/cut/022_depth.npy,data/processed/peach/test/cut/022_mask.npy,data/raw/peach/test/cut/gt/022.png,136.0,527.0,136.0,600.0,193,22.36178970336914,outputs/metrics/classical_heatmaps/test/peach/cut/22_heatmap.npy,,488,193,0.0159975308924913,outputs/metrics/autoencoder_heatmaps/test/peach/cut/22_heatmap.npy,,488,488,
peach,test,cut,1,839,23,data/processed/peach/test/cut/023_depth.npy,data/processed/peach/test/cut/023_mask.npy,data/raw/peach/test/cut/gt/023.png,142.0,528.0,96.0,580.0,195,56.02161407470703,outputs/metrics/classical_heatmaps/test/peach/cut/23_heatmap.npy,,628,195,0.0159306637942791,outputs/metrics/autoencoder_heatmaps/test/peach/cut/23_heatmap.npy,,628,628,
peach,test,cut,1,840,24,data/processed/peach/test/cut/024_depth.npy,data/processed/peach/test/cut/024_mask.npy,data/raw/peach/test/cut/gt/024.png,108.0,500.0,122.0,567.0,204,46.13896942138672,outputs/metrics/classical_heatmaps/test/peach/cut/24_heatmap.npy,,701,204,0.0152098471298813,outputs/metrics/autoencoder_heatmaps/test/peach/cut/24_heatmap.npy,,701,701,
peach,test,hole,1,841,0,data/processed/peach/test/hole/000_depth.npy,data/processed/peach/test/hole/000_mask.npy,data/raw/peach/test/hole/gt/000.png,128.0,474.0,127.0,472.0,198,-1.36662495136261,outputs/metrics/classical_heatmaps/test/peach/hole/0_heatmap.npy,,320,198,0.009660649113357,outputs/metrics/autoencoder_heatmaps/test/peach/hole/0_heatmap.npy,,320,320,
peach,test,hole,1,842,1,data/processed/peach/test/hole/001_depth.npy,data/processed/peach/test/hole/001_mask.npy,data/raw/peach/test/hole/gt/001.png,124.0,469.0,123.0,475.0,218,-1.9915359020233152,outputs/metrics/classical_heatmaps/test/peach/hole/1_heatmap.npy,,337,218,0.0097194472327828,outputs/metrics/autoencoder_heatmaps/test/peach/hole/1_heatmap.npy,,337,337,
peach,test,hole,1,843,2,data/processed/peach/test/hole/002_depth.npy,data/processed/peach/test/hole/002_mask.npy,data/raw/peach/test/hole/gt/002.png,121.0,448.0,150.0,477.0,204,-5.212500095367432,outputs/metrics/classical_heatmaps/test/peach/hole/2_heatmap.npy,,415,204,0.0104011837393045,outputs/metrics/autoencoder_heatmaps/test/peach/hole/2_heatmap.npy,,415,415,
peach,test,hole,1,844,3,data/processed/peach/test/hole/003_depth.npy,data/processed/peach/test/hole/003_mask.npy,data/raw/peach/test/hole/gt/003.png,120.0,458.0,146.0,476.0,214,0.8782325983047485,outputs/metrics/classical_heatmaps/test/peach/hole/3_heatmap.npy,,345,214,0.0077777104452252,outputs/metrics/autoencoder_heatmaps/test/peach/hole/3_heatmap.npy,,345,345,
peach,test,hole,1,845,4,data/processed/peach/test/hole/004_depth.npy,data/processed/peach/test/hole/004_mask.npy,data/raw/peach/test/hole/gt/004.png,136.0,483.0,130.0,489.0,217,-2.1472911834716797,outputs/metrics/classical_heatmaps/test/peach/hole/4_heatmap.npy,,376,217,0.0087536443024873,outputs/metrics/autoencoder_heatmaps/test/peach/hole/4_heatmap.npy,,376,376,
peach,test,hole,1,846,5,data/processed/peach/test/hole/005_depth.npy,data/processed/peach/test/hole/005_mask.npy,data/raw/peach/test/hole/gt/005.png,137.0,477.0,135.0,471.0,215,-0.9483713507652284,outputs/metrics/classical_heatmaps/test/peach/hole/5_heatmap.npy,,269,215,0.00699342507869,outputs/metrics/autoencoder_heatmaps/test/peach/hole/5_heatmap.npy,,269,269,
peach,test,hole,1,847,6,data/processed/peach/test/hole/006_depth.npy,data/processed/peach/test/hole/006_mask.npy,data/raw/peach/test/hole/gt/006.png,139.0,479.0,127.0,450.0,215,-7.359068393707275,outputs/metrics/classical_heatmaps/test/peach/hole/6_heatmap.npy,,400,215,0.0067072915844619,outputs/metrics/autoencoder_heatmaps/test/peach/hole/6_heatmap.npy,,400,400,fig/06_results/peach/hole/6_comparison.png
peach,test,hole,1,848,7,data/processed/peach/test/hole/007_depth.npy,data/processed/peach/test/hole/007_mask.npy,data/raw/peach/test/hole/gt/007.png,100.0,489.0,115.0,487.0,218,-1.7490485906600952,outputs/metrics/classical_heatmaps/test/peach/hole/7_heatmap.npy,,383,218,0.0082309879362583,outputs/metrics/autoencoder_heatmaps/test/peach/hole/7_heatmap.npy,,383,383,
peach,test,hole,1,849,8,data/processed/peach/test/hole/008_depth.npy,data/processed/peach/test/hole/008_mask.npy,data/raw/peach/test/hole/gt/008.png,156.0,487.0,146.0,465.0,208,-3.8972597122192383,outputs/metrics/classical_heatmaps/test/peach/hole/8_heatmap.npy,,415,208,0.0121165635064244,outputs/metrics/autoencoder_heatmaps/test/peach/hole/8_heatmap.npy,,415,415,
peach,test,hole,1,850,9,data/processed/peach/test/hole/009_depth.npy,data/processed/peach/test/hole/009_mask.npy,data/raw/peach/test/hole/gt/009.png,105.0,480.0,126.0,473.0,213,-2.592719793319702,outputs/metrics/classical_heatmaps/test/peach/hole/9_heatmap.npy,,293,213,0.0081460941582918,outputs/metrics/autoencoder_heatmaps/test/peach/hole/9_heatmap.npy,,293,293,
peach,test,hole,1,851,10,data/processed/peach/test/hole/010_depth.npy,data/processed/peach/test/hole/010_mask.npy,data/raw/peach/test/hole/gt/010.png,135.0,463.0,147.0,461.0,213,-4.0290608406066895,outputs/metrics/classical_heatmaps/test/peach/hole/10_heatmap.npy,,291,213,0.0101828388869762,outputs/metrics/autoencoder_heatmaps/test/peach/hole/10_heatmap.npy,,291,291,
peach,test,hole,1,852,11,data/processed/peach/test/hole/011_depth.npy,data/processed/peach/test/hole/011_mask.npy,data/raw/peach/test/hole/gt/011.png,154.0,484.0,147.0,479.0,211,9.573195457458496,outputs/metrics/classical_heatmaps/test/peach/hole/11_heatmap.npy,,236,211,0.0128633379936218,outputs/metrics/autoencoder_heatmaps/test/peach/hole/11_heatmap.npy,,236,236,
peach,test,hole,1,853,12,data/processed/peach/test/hole/012_depth.npy,data/processed/peach/test/hole/012_mask.npy,data/raw/peach/test/hole/gt/012.png,121.0,461.0,136.0,473.0,217,-2.026399850845337,outputs/metrics/classical_heatmaps/test/peach/hole/12_heatmap.npy,,273,217,0.0085854213684797,outputs/metrics/autoencoder_heatmaps/test/peach/hole/12_heatmap.npy,,273,273,
peach,test,hole,1,854,13,data/processed/peach/test/hole/013_depth.npy,data/processed/peach/test/hole/013_mask.npy,data/raw/peach/test/hole/gt/013.png,147.0,491.0,139.0,490.0,211,-2.8695335388183594,outputs/metrics/classical_heatmaps/test/peach/hole/13_heatmap.npy,,257,211,0.0101370923221111,outputs/metrics/autoencoder_heatmaps/test/peach/hole/13_heatmap.npy,,257,257,
peach,test,hole,1,855,14,data/processed/peach/test/hole/014_depth.npy,data/processed/peach/test/hole/014_mask.npy,data/raw/peach/test/hole/gt/014.png,106.0,453.0,129.0,582.0,197,43.98427200317383,outputs/metrics/classical_heatmaps/test/peach/hole/14_heatmap.npy,,490,197,0.0130301686003804,outputs/metrics/autoencoder_heatmaps/test/peach/hole/14_heatmap.npy,,490,490,
peach,test,hole,1,856,15,data/processed/peach/test/hole/015_depth.npy,data/processed/peach/test/hole/015_mask.npy,data/raw/peach/test/hole/gt/015.png,111.0,514.0,149.0,566.0,197,40.337135314941406,outputs/metrics/classical_heatmaps/test/peach/hole/15_heatmap.npy,,404,197,0.0119697730988264,outputs/metrics/autoencoder_heatmaps/test/peach/hole/15_heatmap.npy,,404,404,
peach,test,hole,1,857,16,data/processed/peach/test/hole/016_depth.npy,data/processed/peach/test/hole/016_mask.npy,data/raw/peach/test/hole/gt/016.png,114.0,456.0,136.0,594.0,193,37.27230072021485,outputs/metrics/classical_heatmaps/test/peach/hole/16_heatmap.npy,,584,193,0.0145680531859397,outputs/metrics/autoencoder_heatmaps/test/peach/hole/16_heatmap.npy,,584,584,
peach,test,hole,1,858,17,data/processed/peach/test/hole/017_depth.npy,data/processed/peach/test/hole/017_mask.npy,data/raw/peach/test/hole/gt/017.png,126.0,463.0,130.0,598.0,182,34.13211441040039,outputs/metrics/classical_heatmaps/test/peach/hole/17_heatmap.npy,,282,182,0.0140885133296251,outputs/metrics/autoencoder_heatmaps/test/peach/hole/17_heatmap.npy,,282,282,
peach,test,hole,1,859,18,data/processed/peach/test/hole/018_depth.npy,data/processed/peach/test/hole/018_mask.npy,data/raw/peach/test/hole/gt/018.png,112.0,451.0,130.0,600.0,185,18.47495460510254,outputs/metrics/classical_heatmaps/test/peach/hole/18_heatmap.npy,,282,185,0.0123816486448049,outputs/metrics/autoencoder_heatmaps/test/peach/hole/18_heatmap.npy,,282,282,
peach,test,hole,1,860,19,data/processed/peach/test/hole/019_depth.npy,data/processed/peach/test/hole/019_mask.npy,data/raw/peach/test/hole/gt/019.png,116.0,481.0,124.0,478.0,215,-1.5573893785476685,outputs/metrics/classical_heatmaps/test/peach/hole/19_heatmap.npy,,334,215,0.007676784414798,outputs/metrics/autoencoder_heatmaps/test/peach/hole/19_heatmap.npy,,334,334,
peach,test,hole,1,861,20,data/processed/peach/test/hole/020_depth.npy,data/processed/peach/test/hole/020_mask.npy,data/raw/peach/test/hole/gt/020.png,95.0,481.0,118.0,600.0,182,34.00974655151367,outputs/metrics/classical_heatmaps/test/peach/hole/20_heatmap.npy,,794,182,0.0160663276910781,outputs/metrics/autoencoder_heatmaps/test/peach/hole/20_heatmap.npy,,794,794,
peach,test,hole,1,862,21,data/processed/peach/test/hole/021_depth.npy,data/processed/peach/test/hole/021_mask.npy,data/raw/peach/test/hole/gt/021.png,97.0,447.0,125.0,456.0,206,-0.8726947903633118,outputs/metrics/classical_heatmaps/test/peach/hole/21_heatmap.npy,,738,206,0.0167941506952047,outputs/metrics/autoencoder_heatmaps/test/peach/hole/21_heatmap.npy,,738,738,
peach,test,hole,1,863,22,data/processed/peach/test/hole/022_depth.npy,data/processed/peach/test/hole/022_mask.npy,data/raw/peach/test/hole/gt/022.png,143.0,484.0,132.0,528.0,194,44.1160774230957,outputs/metrics/classical_heatmaps/test/peach/hole/22_heatmap.npy,,488,194,0.0146022262051701,outputs/metrics/autoencoder_heatmaps/test/peach/hole/22_heatmap.npy,,488,488,
peach,test,hole,1,864,23,data/processed/peach/test/hole/023_depth.npy,data/processed/peach/test/hole/023_mask.npy,data/raw/peach/test/hole/gt/023.png,121.0,462.0,121.0,566.0,193,75.48248291015625,outputs/metrics/classical_heatmaps/test/peach/hole/23_heatmap.npy,,330,193,0.0225760992616415,outputs/metrics/autoencoder_heatmaps/test/peach/hole/23_heatmap.npy,,330,330,
peach,test,hole,1,865,24,data/processed/peach/test/hole/024_depth.npy,data/processed/peach/test/hole/024_mask.npy,data/raw/peach/test/hole/gt/024.png,141.0,500.0,125.0,509.0,198,25.894641876220703,outputs/metrics/classical_heatmaps/test/peach/hole/24_heatmap.npy,,507,198,0.0347496345639228,outputs/metrics/autoencoder_heatmaps/test/peach/hole/24_heatmap.npy,,507,507,
peach,test,hole,1,866,25,data/processed/peach/test/hole/025_depth.npy,data/processed/peach/test/hole/025_mask.npy,data/raw/peach/test/hole/gt/025.png,127.0,499.0,138.0,558.0,217,56.66292953491211,outputs/metrics/classical_heatmaps/test/peach/hole/25_heatmap.npy,,401,217,0.0155718112364411,outputs/metrics/autoencoder_heatmaps/test/peach/hole/25_heatmap.npy,,401,401,
peach,test,hole,1,867,26,data/processed/peach/test/hole/026_depth.npy,data/processed/peach/test/hole/026_mask.npy,data/raw/peach/test/hole/gt/026.png,140.0,500.0,124.0,563.0,212,69.86013793945312,outputs/metrics/classical_heatmaps/test/peach/hole/26_heatmap.npy,,285,212,0.0195711720734834,outputs/metrics/autoencoder_heatmaps/test/peach/hole/26_heatmap.npy,,285,285,
peach,test,hole,1,868,27,data/processed/peach/test/hole/027_depth.npy,data/processed/peach/test/hole/027_mask.npy,data/raw/peach/test/hole/gt/027.png,133.0,508.0,101.0,546.0,189,33.781959533691406,outputs/metrics/classical_heatmaps/test/peach/hole/27_heatmap.npy,,430,189,0.0133055802434682,outputs/metrics/autoencoder_heatmaps/test/peach/hole/27_heatmap.npy,,430,430,
peach,test,hole,1,869,28,data/processed/peach/test/hole/028_depth.npy,data/processed/peach/test/hole/028_mask.npy,data/raw/peach/test/hole/gt/028.png,107.0,434.0,133.0,446.0,213,-9.47817325592041,outputs/metrics/classical_heatmaps/test/peach/hole/28_heatmap.npy,,639,213,0.0094887902960181,outputs/metrics/autoencoder_heatmaps/test/peach/hole/28_heatmap.npy,,639,639,
potato,test,good,0,870,0,data/processed/potato/test/good/000_depth.npy,data/processed/potato/test/good/000_mask.npy,data/raw/potato/test/good/gt/000.png,235.0,572.0,98.0,727.0,209,10.35349178314209,outputs/metrics/classical_heatmaps/test/potato/good/0_heatmap.npy,fig/04_classical/test_heatmaps/potato/good/0_heatmap.png,0,209,0.3387613296508789,outputs/metrics/autoencoder_heatmaps/test/potato/good/0_heatmap.npy,fig/05_autoencoder/test_heatmaps/potato/good/0_heatmap.png,0,0,
potato,test,good,0,871,1,data/processed/potato/test/good/001_depth.npy,data/processed/potato/test/good/001_mask.npy,data/raw/potato/test/good/gt/001.png,248.0,569.0,109.0,674.0,203,42.087039947509766,outputs/metrics/classical_heatmaps/test/potato/good/1_heatmap.npy,,0,203,0.4999464154243469,outputs/metrics/autoencoder_heatmaps/test/potato/good/1_heatmap.npy,,0,0,
potato,test,good,0,872,2,data/processed/potato/test/good/002_depth.npy,data/processed/potato/test/good/002_mask.npy,data/raw/potato/test/good/gt/002.png,253.0,495.0,173.0,619.0,204,-1.103935956954956,outputs/metrics/classical_heatmaps/test/potato/good/2_heatmap.npy,,0,204,0.2953721880912781,outputs/metrics/autoencoder_heatmaps/test/potato/good/2_heatmap.npy,,0,0,
potato,test,good,0,873,3,data/processed/potato/test/good/003_depth.npy,data/processed/potato/test/good/003_mask.npy,data/raw/potato/test/good/gt/003.png,284.0,578.0,178.0,650.0,200,109.35514068603516,outputs/metrics/classical_heatmaps/test/potato/good/3_heatmap.npy,,0,200,0.7488623261451721,outputs/metrics/autoencoder_heatmaps/test/potato/good/3_heatmap.npy,,0,0,
potato,test,good,0,874,4,data/processed/potato/test/good/004_depth.npy,data/processed/potato/test/good/004_mask.npy,data/raw/potato/test/good/gt/004.png,276.0,569.0,221.0,637.0,187,102.32371520996094,outputs/metrics/classical_heatmaps/test/potato/good/4_heatmap.npy,,0,187,0.7320486903190613,outputs/metrics/autoencoder_heatmaps/test/potato/good/4_heatmap.npy,,0,0,
potato,test,good,0,875,5,data/processed/potato/test/good/005_depth.npy,data/processed/potato/test/good/005_mask.npy,data/raw/potato/test/good/gt/005.png,286.0,522.0,252.0,556.0,206,8.682822227478027,outputs/metrics/classical_heatmaps/test/potato/good/5_heatmap.npy,,0,206,0.2273934483528137,outputs/metrics/autoencoder_heatmaps/test/potato/good/5_heatmap.npy,,0,0,
potato,test,good,0,876,6,data/processed/potato/test/good/006_depth.npy,data/processed/potato/test/good/006_mask.npy,data/raw/potato/test/good/gt/006.png,274.0,548.0,175.0,634.0,213,-1.6404166221618652,outputs/metrics/classical_heatmaps/test/potato/good/6_heatmap.npy,,0,213,0.4306045770645141,outputs/metrics/autoencoder_heatmaps/test/potato/good/6_heatmap.npy,,0,0,
potato,test,good,0,877,7,data/processed/potato/test/good/007_depth.npy,data/processed/potato/test/good/007_mask.npy,data/raw/potato/test/good/gt/007.png,241.0,542.0,153.0,653.0,206,10.972977638244627,outputs/metrics/classical_heatmaps/test/potato/good/7_heatmap.npy,,0,206,0.5660982728004456,outputs/metrics/autoencoder_heatmaps/test/potato/good/7_heatmap.npy,,0,0,
potato,test,good,0,878,8,data/processed/potato/test/good/008_depth.npy,data/processed/potato/test/good/008_mask.npy,data/raw/potato/test/good/gt/008.png,269.0,589.0,144.0,702.0,228,68.5223159790039,outputs/metrics/classical_heatmaps/test/potato/good/8_heatmap.npy,,0,228,0.7005372047424316,outputs/metrics/autoencoder_heatmaps/test/potato/good/8_heatmap.npy,,0,0,
potato,test,good,0,879,9,data/processed/potato/test/good/009_depth.npy,data/processed/potato/test/good/009_mask.npy,data/raw/potato/test/good/gt/009.png,259.0,538.0,195.0,618.0,201,-4.726365566253662,outputs/metrics/classical_heatmaps/test/potato/good/9_heatmap.npy,,0,201,0.2166104763746261,outputs/metrics/autoencoder_heatmaps/test/potato/good/9_heatmap.npy,,0,0,fig/06_results/potato/good/9_comparison.png
potato,test,good,0,880,10,data/processed/potato/test/good/010_depth.npy,data/processed/potato/test/good/010_mask.npy,data/raw/potato/test/good/gt/010.png,295.0,564.0,225.0,651.0,195,54.690711975097656,outputs/metrics/classical_heatmaps/test/potato/good/10_heatmap.npy,,0,195,0.5542196035385132,outputs/metrics/autoencoder_heatmaps/test/potato/good/10_heatmap.npy,,0,0,
potato,test,good,0,881,11,data/processed/potato/test/good/011_depth.npy,data/processed/potato/test/good/011_mask.npy,data/raw/potato/test/good/gt/011.png,248.0,495.0,233.0,565.0,192,-0.9571470022201538,outputs/metrics/classical_heatmaps/test/potato/good/11_heatmap.npy,,0,192,0.1669133901596069,outputs/metrics/autoencoder_heatmaps/test/potato/good/11_heatmap.npy,,0,0,
potato,test,good,0,882,12,data/processed/potato/test/good/012_depth.npy,data/processed/potato/test/good/012_mask.npy,data/raw/potato/test/good/gt/012.png,310.0,529.0,246.0,578.0,199,-6.651294708251953,outputs/metrics/classical_heatmaps/test/potato/good/12_heatmap.npy,,0,199,0.394017219543457,outputs/metrics/autoencoder_heatmaps/test/potato/good/12_heatmap.npy,,0,0,
potato,test,good,0,883,13,data/processed/potato/test/good/013_depth.npy,data/processed/potato/test/good/013_mask.npy,data/raw/potato/test/good/gt/013.png,274.0,508.0,226.0,592.0,201,-1.3993470668792725,outputs/metrics/classical_heatmaps/test/potato/good/13_heatmap.npy,,0,201,0.1788107901811599,outputs/metrics/autoencoder_heatmaps/test/potato/good/13_heatmap.npy,,0,0,
potato,test,good,0,884,14,data/processed/potato/test/good/014_depth.npy,data/processed/potato/test/good/014_mask.npy,data/raw/potato/test/good/gt/014.png,276.0,548.0,199.0,634.0,210,0.0953727662563324,outputs/metrics/classical_heatmaps/test/potato/good/14_heatmap.npy,,0,210,0.1872352212667465,outputs/metrics/autoencoder_heatmaps/test/potato/good/14_heatmap.npy,,0,0,
potato,test,good,0,885,15,data/processed/potato/test/good/015_depth.npy,data/processed/potato/test/good/015_mask.npy,data/raw/potato/test/good/gt/015.png,279.0,525.0,233.0,591.0,212,-0.7128298878669739,outputs/metrics/classical_heatmaps/test/potato/good/15_heatmap.npy,,0,212,0.4030645489692688,outputs/metrics/autoencoder_heatmaps/test/potato/good/15_heatmap.npy,,0,0,
potato,test,good,0,886,16,data/processed/potato/test/good/016_depth.npy,data/processed/potato/test/good/016_mask.npy,data/raw/potato/test/good/gt/016.png,286.0,506.0,183.0,588.0,207,2.8789045810699463,outputs/metrics/classical_heatmaps/test/potato/good/16_heatmap.npy,,0,207,0.1940297037363052,outputs/metrics/autoencoder_heatmaps/test/potato/good/16_heatmap.npy,,0,0,
potato,test,good,0,887,17,data/processed/potato/test/good/017_depth.npy,data/processed/potato/test/good/017_mask.npy,data/raw/potato/test/good/gt/017.png,215.0,535.0,196.0,639.0,215,54.520870208740234,outputs/metrics/classical_heatmaps/test/potato/good/17_heatmap.npy,,0,215,0.5267828106880188,outputs/metrics/autoencoder_heatmaps/test/potato/good/17_heatmap.npy,,0,0,
potato,test,good,0,888,18,data/processed/potato/test/good/018_depth.npy,data/processed/potato/test/good/018_mask.npy,data/raw/potato/test/good/gt/018.png,246.0,507.0,215.0,582.0,206,29.832599639892575,outputs/metrics/classical_heatmaps/test/potato/good/18_heatmap.npy,,0,206,0.4600003957748413,outputs/metrics/autoencoder_heatmaps/test/potato/good/18_heatmap.npy,,0,0,
potato,test,good,0,889,19,data/processed/potato/test/good/019_depth.npy,data/processed/potato/test/good/019_mask.npy,data/raw/potato/test/good/gt/019.png,281.0,532.0,213.0,623.0,212,-0.7590811252593994,outputs/metrics/classical_heatmaps/test/potato/good/19_heatmap.npy,,0,212,0.2839642465114593,outputs/metrics/autoencoder_heatmaps/test/potato/good/19_heatmap.npy,,0,0,
potato,test,good,0,890,20,data/processed/potato/test/good/020_depth.npy,data/processed/potato/test/good/020_mask.npy,data/raw/potato/test/good/gt/020.png,266.0,531.0,204.0,624.0,212,48.662296295166016,outputs/metrics/classical_heatmaps/test/potato/good/20_heatmap.npy,,0,212,0.4499634504318237,outputs/metrics/autoencoder_heatmaps/test/potato/good/20_heatmap.npy,,0,0,
potato,test,good,0,891,21,data/processed/potato/test/good/021_depth.npy,data/processed/potato/test/good/021_mask.npy,data/raw/potato/test/good/gt/021.png,280.0,491.0,240.0,551.0,211,-2.2961058616638184,outputs/metrics/classical_heatmaps/test/potato/good/21_heatmap.npy,,0,211,0.2900057733058929,outputs/metrics/autoencoder_heatmaps/test/potato/good/21_heatmap.npy,,0,0,
potato,test,combined,1,892,0,data/processed/potato/test/combined/000_depth.npy,data/processed/potato/test/combined/000_mask.npy,data/raw/potato/test/combined/gt/000.png,275.0,580.0,217.0,653.0,189,135.69793701171875,outputs/metrics/classical_heatmaps/test/potato/combined/0_heatmap.npy,fig/04_classical/test_heatmaps/potato/combined/0_heatmap.png,820,189,0.7779885530471802,outputs/metrics/autoencoder_heatmaps/test/potato/combined/0_heatmap.npy,fig/05_autoencoder/test_heatmaps/potato/combined/0_heatmap.png,820,820,
potato,test,combined,1,893,1,data/processed/potato/test/combined/001_depth.npy,data/processed/potato/test/combined/001_mask.npy,data/raw/potato/test/combined/gt/001.png,276.0,557.0,249.0,644.0,185,112.09022521972656,outputs/metrics/classical_heatmaps/test/potato/combined/1_heatmap.npy,fig/04_classical/test_heatmaps/potato/combined/1_heatmap.png,1892,185,0.7284348011016846,outputs/metrics/autoencoder_heatmaps/test/potato/combined/1_heatmap.npy,fig/05_autoencoder/test_heatmaps/potato/combined/1_heatmap.png,1892,1892,
potato,test,combined,1,894,2,data/processed/potato/test/combined/002_depth.npy,data/processed/potato/test/combined/002_mask.npy,data/raw/potato/test/combined/gt/002.png,266.0,572.0,191.0,651.0,201,114.0960693359375,outputs/metrics/classical_heatmaps/test/potato/combined/2_heatmap.npy,fig/04_classical/test_heatmaps/potato/combined/2_heatmap.png,656,201,0.6816487908363342,outputs/metrics/autoencoder_heatmaps/test/potato/combined/2_heatmap.npy,fig/05_autoencoder/test_heatmaps/potato/combined/2_heatmap.png,656,656,
potato,test,combined,1,895,3,data/processed/potato/test/combined/003_depth.npy,data/processed/potato/test/combined/003_mask.npy,data/raw/potato/test/combined/gt/003.png,278.0,552.0,228.0,650.0,191,118.70130920410156,outputs/metrics/classical_heatmaps/test/potato/combined/3_heatmap.npy,,699,191,0.7646926641464233,outputs/metrics/autoencoder_heatmaps/test/potato/combined/3_heatmap.npy,,699,699,
potato,test,combined,1,896,4,data/processed/potato/test/combined/004_depth.npy,data/processed/potato/test/combined/004_mask.npy,data/raw/potato/test/combined/gt/004.png,225.0,588.0,116.0,655.0,208,27.15508270263672,outputs/metrics/classical_heatmaps/test/potato/combined/4_heatmap.npy,,781,208,0.5397841930389404,outputs/metrics/autoencoder_heatmaps/test/potato/combined/4_heatmap.npy,,781,781,
potato,test,combined,1,897,5,data/processed/potato/test/combined/005_depth.npy,data/processed/potato/test/combined/005_mask.npy,data/raw/potato/test/combined/gt/005.png,284.0,652.0,202.0,642.0,163,5.81106424331665,outputs/metrics/classical_heatmaps/test/potato/combined/5_heatmap.npy,,511,163,0.421623021364212,outputs/metrics/autoencoder_heatmaps/test/potato/combined/5_heatmap.npy,,511,511,
potato,test,combined,1,898,6,data/processed/potato/test/combined/006_depth.npy,data/processed/potato/test/combined/006_mask.npy,data/raw/potato/test/combined/gt/006.png,267.0,646.0,190.0,644.0,165,24.619396209716797,outputs/metrics/classical_heatmaps/test/potato/combined/6_heatmap.npy,,750,165,0.4896590411663055,outputs/metrics/autoencoder_heatmaps/test/potato/combined/6_heatmap.npy,,750,750,
potato,test,combined,1,899,7,data/processed/potato/test/combined/007_depth.npy,data/processed/potato/test/combined/007_mask.npy,data/raw/potato/test/combined/gt/007.png,272.0,665.0,187.0,659.0,161,121.37093353271484,outputs/metrics/classical_heatmaps/test/potato/combined/7_heatmap.npy,,684,161,0.7198916077613831,outputs/metrics/autoencoder_heatmaps/test/potato/combined/7_heatmap.npy,,684,684,
potato,test,combined,1,900,8,data/processed/potato/test/combined/008_depth.npy,data/processed/potato/test/combined/008_mask.npy,data/raw/potato/test/combined/gt/008.png,226.0,636.0,131.0,681.0,183,27.1597843170166,outputs/metrics/classical_heatmaps/test/potato/combined/8_heatmap.npy,,352,183,0.4346957206726074,outputs/metrics/autoencoder_heatmaps/test/potato/combined/8_heatmap.npy,,352,352,
potato,test,combined,1,901,9,data/processed/potato/test/combined/009_depth.npy,data/processed/potato/test/combined/009_mask.npy,data/raw/potato/test/combined/gt/009.png,244.0,584.0,186.0,636.0,203,69.30224609375,outputs/metrics/classical_heatmaps/test/potato/combined/9_heatmap.npy,,514,203,0.5500013828277588,outputs/metrics/autoencoder_heatmaps/test/potato/combined/9_heatmap.npy,,514,514,
potato,test,combined,1,902,10,data/processed/potato/test/combined/010_depth.npy,data/processed/potato/test/combined/010_mask.npy,data/raw/potato/test/combined/gt/010.png,264.0,592.0,220.0,650.0,181,120.52467346191406,outputs/metrics/classical_heatmaps/test/potato/combined/10_heatmap.npy,,1844,181,0.7055177688598633,outputs/metrics/autoencoder_heatmaps/test/potato/combined/10_heatmap.npy,,1844,1844,
potato,test,combined,1,903,11,data/processed/potato/test/combined/011_depth.npy,data/processed/potato/test/combined/011_mask.npy,data/raw/potato/test/combined/gt/011.png,256.0,520.0,229.0,551.0,206,26.9718074798584,outputs/metrics/classical_heatmaps/test/potato/combined/11_heatmap.npy,,905,206,0.4878660440444946,outputs/metrics/autoencoder_heatmaps/test/potato/combined/11_heatmap.npy,,905,905,
potato,test,combined,1,904,12,data/processed/potato/test/combined/012_depth.npy,data/processed/potato/test/combined/012_mask.npy,data/raw/potato/test/combined/gt/012.png,272.0,492.0,221.0,551.0,207,-5.128844738006592,outputs/metrics/classical_heatmaps/test/potato/combined/12_heatmap.npy,,1744,207,0.3024920523166656,outputs/metrics/autoencoder_heatmaps/test/potato/combined/12_heatmap.npy,,1744,1744,
potato,test,combined,1,905,13,data/processed/potato/test/combined/013_depth.npy,data/processed/potato/test/combined/013_mask.npy,data/raw/potato/test/combined/gt/013.png,278.0,567.0,245.0,592.0,191,14.816319465637209,outputs/metrics/classical_heatmaps/test/potato/combined/13_heatmap.npy,,1194,191,0.4310809075832367,outputs/metrics/autoencoder_heatmaps/test/potato/combined/13_heatmap.npy,,1194,1194,
potato,test,combined,1,906,14,data/processed/potato/test/combined/014_depth.npy,data/processed/potato/test/combined/014_mask.npy,data/raw/potato/test/combined/gt/014.png,298.0,549.0,240.0,602.0,215,-1.0565719604492188,outputs/metrics/classical_heatmaps/test/potato/combined/14_heatmap.npy,,2371,215,0.2600932419300079,outputs/metrics/autoencoder_heatmaps/test/potato/combined/14_heatmap.npy,,2371,2371,
potato,test,combined,1,907,15,data/processed/potato/test/combined/015_depth.npy,data/processed/potato/test/combined/015_mask.npy,data/raw/potato/test/combined/gt/015.png,263.0,532.0,148.0,650.0,206,-0.9120380878448486,outputs/metrics/classical_heatmaps/test/potato/combined/15_heatmap.npy,,1844,206,0.1896054595708847,outputs/metrics/autoencoder_heatmaps/test/potato/combined/15_heatmap.npy,,1844,1844,
potato,test,combined,1,908,16,data/processed/potato/test/combined/016_depth.npy,data/processed/potato/test/combined/016_mask.npy,data/raw/potato/test/combined/gt/016.png,280.0,510.0,238.0,568.0,213,-10.512877464294434,outputs/metrics/classical_heatmaps/test/potato/combined/16_heatmap.npy,,1219,213,0.1631251275539398,outputs/metrics/autoencoder_heatmaps/test/potato/combined/16_heatmap.npy,,1219,1219,fig/06_results/potato/combined/16_comparison.png
potato,test,combined,1,909,17,data/processed/potato/test/combined/017_depth.npy,data/processed/potato/test/combined/017_mask.npy,data/raw/potato/test/combined/gt/017.png,278.0,518.0,208.0,622.0,218,2.3679442405700684,outputs/metrics/classical_heatmaps/test/potato/combined/17_heatmap.npy,,1091,218,0.1733331084251403,outputs/metrics/autoencoder_heatmaps/test/potato/combined/17_heatmap.npy,,1091,1091,
potato,test,combined,1,910,18,data/processed/potato/test/combined/018_depth.npy,data/processed/potato/test/combined/018_mask.npy,data/raw/potato/test/combined/gt/018.png,273.0,497.0,207.0,565.0,215,-6.460209369659424,outputs/metrics/classical_heatmaps/test/potato/combined/18_heatmap.npy,,1023,215,0.2757106721401214,outputs/metrics/autoencoder_heatmaps/test/potato/combined/18_heatmap.npy,,1023,1023,
potato,test,combined,1,911,19,data/processed/potato/test/combined/019_depth.npy,data/processed/potato/test/combined/019_mask.npy,data/raw/potato/test/combined/gt/019.png,289.0,523.0,210.0,615.0,230,-6.056009292602539,outputs/metrics/classical_heatmaps/test/potato/combined/19_heatmap.npy,,2016,230,0.1643064022064209,outputs/metrics/autoencoder_heatmaps/test/potato/combined/19_heatmap.npy,,2016,2016,fig/06_results/potato/combined/19_comparison.png
potato,test,combined,1,912,20,data/processed/potato/test/combined/020_depth.npy,data/processed/potato/test/combined/020_mask.npy,data/raw/potato/test/combined/gt/020.png,254.0,539.0,188.0,635.0,215,104.1353759765625,outputs/metrics/classical_heatmaps/test/potato/combined/20_heatmap.npy,,2096,215,0.6291465163230896,outputs/metrics/autoencoder_heatmaps/test/potato/combined/20_heatmap.npy,,2096,2096,
potato,test,combined,1,913,21,data/processed/potato/test/combined/021_depth.npy,data/processed/potato/test/combined/021_mask.npy,data/raw/potato/test/combined/gt/021.png,277.0,497.0,266.0,629.0,204,130.07351684570312,outputs/metrics/classical_heatmaps/test/potato/combined/21_heatmap.npy,,2783,204,0.7315902709960938,outputs/metrics/autoencoder_heatmaps/test/potato/combined/21_heatmap.npy,,2783,2783,
potato,test,combined,1,914,22,data/processed/potato/test/combined/022_depth.npy,data/processed/potato/test/combined/022_mask.npy,data/raw/potato/test/combined/gt/022.png,260.0,492.0,196.0,618.0,200,104.16890716552734,outputs/metrics/classical_heatmaps/test/potato/combined/22_heatmap.npy,,790,200,0.6887667179107666,outputs/metrics/autoencoder_heatmaps/test/potato/combined/22_heatmap.npy,,790,790,
potato,test,contamination,1,915,0,data/processed/potato/test/contamination/000_depth.npy,data/processed/potato/test/contamination/000_mask.npy,data/raw/potato/test/contamination/gt/000.png,298.0,509.0,263.0,576.0,215,-0.5941178798675537,outputs/metrics/classical_heatmaps/test/potato/contamination/0_heatmap.npy,,978,215,0.2665636837482452,outputs/metrics/autoencoder_heatmaps/test/potato/contamination/0_heatmap.npy,,978,978,
potato,test,contamination,1,916,1,data/processed/potato/test/contamination/001_depth.npy,data/processed/potato/test/contamination/001_mask.npy,data/raw/potato/test/contamination/gt/001.png,271.0,553.0,259.0,636.0,193,133.4068603515625,outputs/metrics/classical_heatmaps/test/potato/contamination/1_heatmap.npy,,1036,193,0.7836967706680298,outputs/metrics/autoencoder_heatmaps/test/potato/contamination/1_heatmap.npy,,1036,1036,
potato,test,contamination,1,917,2,data/processed/potato/test/contamination/002_depth.npy,data/processed/potato/test/contamination/002_mask.npy,data/raw/potato/test/contamination/gt/002.png,287.0,521.0,267.0,550.0,212,-2.4067304134368896,outputs/metrics/classical_heatmaps/test/potato/contamination/2_heatmap.npy,,585,212,0.2879450619220733,outputs/metrics/autoencoder_heatmaps/test/potato/contamination/2_heatmap.npy,,585,585,
potato,test,contamination,1,918,3,data/processed/potato/test/contamination/003_depth.npy,data/processed/potato/test/contamination/003_mask.npy,data/raw/potato/test/contamination/gt/003.png,252.0,574.0,142.0,694.0,201,75.67425537109375,outputs/metrics/classical_heatmaps/test/potato/contamination/3_heatmap.npy,,166,201,0.4868147671222687,outputs/metrics/autoencoder_heatmaps/test/potato/contamination/3_heatmap.npy,,166,166,
potato,test,contamination,1,919,4,data/processed/potato/test/contamination/004_depth.npy,data/processed/potato/test/contamination/004_mask.npy,data/raw/potato/test/contamination/gt/004.png,254.0,576.0,101.0,729.0,212,78.49574279785156,outputs/metrics/classical_heatmaps/test/potato/contamination/4_heatmap.npy,,314,212,0.480806827545166,outputs/metrics/autoencoder_heatmaps/test/potato/contamination/4_heatmap.npy,,314,314,
potato,test,contamination,1,920,5,data/processed/potato/test/contamination/005_depth.npy,data/processed/potato/test/contamination/005_mask.npy,data/raw/potato/test/contamination/gt/005.png,285.0,603.0,165.0,689.0,198,121.1935806274414,outputs/metrics/classical_heatmaps/test/potato/contamination/5_heatmap.npy,,323,198,0.7290806174278259,outputs/metrics/autoencoder_heatmaps/test/potato/contamination/5_heatmap.npy,,323,323,
potato,test,contamination,1,921,6,data/processed/potato/test/contamination/006_depth.npy,data/processed/potato/test/contamination/006_mask.npy,data/raw/potato/test/contamination/gt/006.png,276.0,552.0,163.0,683.0,212,134.9487762451172,outputs/metrics/classical_heatmaps/test/potato/contamination/6_heatmap.npy,,561,212,0.7745392322540283,outputs/metrics/autoencoder_heatmaps/test/potato/contamination/6_heatmap.npy,,561,561,
potato,test,contamination,1,922,7,data/processed/potato/test/contamination/007_depth.npy,data/processed/potato/test/contamination/007_mask.npy,data/raw/potato/test/contamination/gt/007.png,285.0,521.0,239.0,627.0,220,2.432015180587769,outputs/metrics/classical_heatmaps/test/potato/contamination/7_heatmap.npy,,670,220,0.2776323556900024,outputs/metrics/autoencoder_heatmaps/test/potato/contamination/7_heatmap.npy,,670,670,
potato,test,contamination,1,923,8,data/processed/potato/test/contamination/008_depth.npy,data/processed/potato/test/contamination/008_mask.npy,data/raw/potato/test/contamination/gt/008.png,272.0,509.0,270.0,529.0,206,-4.985991954803467,outputs/metrics/classical_heatmaps/test/potato/contamination/8_heatmap.npy,,3164,206,0.2833176851272583,outputs/metrics/autoencoder_heatmaps/test/potato/contamination/8_heatmap.npy,,3164,3164,
potato,test,contamination,1,924,9,data/processed/potato/test/contamination/009_depth.npy,data/processed/potato/test/contamination/009_mask.npy,data/raw/potato/test/contamination/gt/009.png,275.0,609.0,163.0,677.0,191,115.4253387451172,outputs/metrics/classical_heatmaps/test/potato/contamination/9_heatmap.npy,,389,191,0.6700654029846191,outputs/metrics/autoencoder_heatmaps/test/potato/contamination/9_heatmap.npy,,389,389,
potato,test,contamination,1,925,10,data/processed/potato/test/contamination/010_depth.npy,data/processed/potato/test/contamination/010_mask.npy,data/raw/potato/test/contamination/gt/010.png,274.0,502.0,226.0,575.0,196,10.919814109802246,outputs/metrics/classical_heatmaps/test/potato/contamination/10_heatmap.npy,,1875,196,0.3406136631965637,outputs/metrics/autoencoder_heatmaps/test/potato/contamination/10_heatmap.npy,,1875,1875,
potato,test,contamination,1,926,11,data/processed/potato/test/contamination/011_depth.npy,data/processed/potato/test/contamination/011_mask.npy,data/raw/potato/test/contamination/gt/011.png,273.0,539.0,192.0,657.0,223,-5.304511070251465,outputs/metrics/classical_heatmaps/test/potato/contamination/11_heatmap.npy,,215,223,0.3826178312301636,outputs/metrics/autoencoder_heatmaps/test/potato/contamination/11_heatmap.npy,,215,215,
potato,test,contamination,1,927,12,data/processed/potato/test/contamination/012_depth.npy,data/processed/potato/test/contamination/012_mask.npy,data/raw/potato/test/contamination/gt/012.png,277.0,503.0,253.0,571.0,203,-2.929903268814087,outputs/metrics/classical_heatmaps/test/potato/contamination/12_heatmap.npy,,261,203,0.3047182559967041,outputs/metrics/autoencoder_heatmaps/test/potato/contamination/12_heatmap.npy,,261,261,
potato,test,contamination,1,928,13,data/processed/potato/test/contamination/013_depth.npy,data/processed/potato/test/contamination/013_mask.npy,data/raw/potato/test/contamination/gt/013.png,266.0,560.0,199.0,633.0,219,23.824077606201172,outputs/metrics/classical_heatmaps/test/potato/contamination/13_heatmap.npy,,141,219,0.4265220761299133,outputs/metrics/autoencoder_heatmaps/test/potato/contamination/13_heatmap.npy,,141,141,
potato,test,contamination,1,929,14,data/processed/potato/test/contamination/014_depth.npy,data/processed/potato/test/contamination/014_mask.npy,data/raw/potato/test/contamination/gt/014.png,249.0,526.0,202.0,603.0,214,-9.69736385345459,outputs/metrics/classical_heatmaps/test/potato/contamination/14_heatmap.npy,,679,214,0.2489553838968277,outputs/metrics/autoencoder_heatmaps/test/potato/contamination/14_heatmap.npy,,679,679,
potato,test,contamination,1,930,15,data/processed/potato/test/contamination/015_depth.npy,data/processed/potato/test/contamination/015_mask.npy,data/raw/potato/test/contamination/gt/015.png,270.0,551.0,163.0,643.0,209,-11.440433502197266,outputs/metrics/classical_heatmaps/test/potato/contamination/15_heatmap.npy,,228,209,0.1782350689172744,outputs/metrics/autoencoder_heatmaps/test/potato/contamination/15_heatmap.npy,,228,228,fig/06_results/potato/contamination/15_comparison.png
potato,test,contamination,1,931,16,data/processed/potato/test/contamination/016_depth.npy,data/processed/potato/test/contamination/016_mask.npy,data/raw/potato/test/contamination/gt/016.png,251.0,529.0,201.0,601.0,211,-10.342852592468262,outputs/metrics/classical_heatmaps/test/potato/contamination/16_heatmap.npy,,642,211,0.2504355609416961,outputs/metrics/autoencoder_heatmaps/test/potato/contamination/16_heatmap.npy,,642,642,
potato,test,contamination,1,932,17,data/processed/potato/test/contamination/017_depth.npy,data/processed/potato/test/contamination/017_mask.npy,data/raw/potato/test/contamination/gt/017.png,283.0,521.0,244.0,590.0,218,-11.11396312713623,outputs/metrics/classical_heatmaps/test/potato/contamination/17_heatmap.npy,,270,218,0.2615010440349579,outputs/metrics/autoencoder_heatmaps/test/potato/contamination/17_heatmap.npy,,270,270,
potato,test,contamination,1,933,18,data/processed/potato/test/contamination/018_depth.npy,data/processed/potato/test/contamination/018_mask.npy,data/raw/potato/test/contamination/gt/018.png,284.0,522.0,198.0,622.0,209,9.632667541503906,outputs/metrics/classical_heatmaps/test/potato/contamination/18_heatmap.npy,,490,209,0.344586431980133,outputs/metrics/autoencoder_heatmaps/test/potato/contamination/18_heatmap.npy,,490,490,
potato,test,contamination,1,934,19,data/processed/potato/test/contamination/019_depth.npy,data/processed/potato/test/contamination/019_mask.npy,data/raw/potato/test/contamination/gt/019.png,295.0,515.0,218.0,614.0,207,-10.755775451660156,outputs/metrics/classical_heatmaps/test/potato/contamination/19_heatmap.npy,,561,207,0.2167066931724548,outputs/metrics/autoencoder_heatmaps/test/potato/contamination/19_heatmap.npy,,561,561,
potato,test,contamination,1,935,20,data/processed/potato/test/contamination/020_depth.npy,data/processed/potato/test/contamination/020_mask.npy,data/raw/potato/test/contamination/gt/020.png,286.0,497.0,231.0,589.0,215,-4.291484355926514,outputs/metrics/classical_heatmaps/test/potato/contamination/20_heatmap.npy,,333,215,0.2673581540584564,outputs/metrics/autoencoder_heatmaps/test/potato/contamination/20_heatmap.npy,,333,333,
potato,test,contamination,1,936,21,data/processed/potato/test/contamination/021_depth.npy,data/processed/potato/test/contamination/021_mask.npy,data/raw/potato/test/contamination/gt/021.png,270.0,520.0,240.0,592.0,208,2.4078125953674316,outputs/metrics/classical_heatmaps/test/potato/contamination/21_heatmap.npy,,452,208,0.1752348989248275,outputs/metrics/autoencoder_heatmaps/test/potato/contamination/21_heatmap.npy,,452,452,
potato,test,contamination,1,937,22,data/processed/potato/test/contamination/022_depth.npy,data/processed/potato/test/contamination/022_mask.npy,data/raw/potato/test/contamination/gt/022.png,268.0,526.0,188.0,627.0,211,-1.2765008211135864,outputs/metrics/classical_heatmaps/test/potato/contamination/22_heatmap.npy,,203,211,0.2193244844675064,outputs/metrics/autoencoder_heatmaps/test/potato/contamination/22_heatmap.npy,,203,203,
potato,test,cut,1,938,0,data/processed/potato/test/cut/000_depth.npy,data/processed/potato/test/cut/000_mask.npy,data/raw/potato/test/cut/gt/000.png,263.0,592.0,163.0,643.0,203,40.78078842163086,outputs/metrics/classical_heatmaps/test/potato/cut/0_heatmap.npy,,1298,203,0.4615432918071747,outputs/metrics/autoencoder_heatmaps/test/potato/cut/0_heatmap.npy,,1298,1298,
potato,test,cut,1,939,1,data/processed/potato/test/cut/001_depth.npy,data/processed/potato/test/cut/001_mask.npy,data/raw/potato/test/cut/gt/001.png,273.0,527.0,201.0,621.0,204,-2.8108935356140137,outputs/metrics/classical_heatmaps/test/potato/cut/1_heatmap.npy,,807,204,0.2074584066867828,outputs/metrics/autoencoder_heatmaps/test/potato/cut/1_heatmap.npy,,807,807,
potato,test,cut,1,940,2,data/processed/potato/test/cut/002_depth.npy,data/processed/potato/test/cut/002_mask.npy,data/raw/potato/test/cut/gt/002.png,279.0,530.0,245.0,577.0,201,-1.1231719255447388,outputs/metrics/classical_heatmaps/test/potato/cut/2_heatmap.npy,,911,201,0.2884511947631836,outputs/metrics/autoencoder_heatmaps/test/potato/cut/2_heatmap.npy,,911,911,
potato,test,cut,1,941,3,data/processed/potato/test/cut/003_depth.npy,data/processed/potato/test/cut/003_mask.npy,data/raw/potato/test/cut/gt/003.png,256.0,532.0,203.0,567.0,200,0.7572957277297974,outputs/metrics/classical_heatmaps/test/potato/cut/3_heatmap.npy,,1111,200,0.2136620730161667,outputs/metrics/autoencoder_heatmaps/test/potato/cut/3_heatmap.npy,,1111,1111,
potato,test,cut,1,942,4,data/processed/potato/test/cut/004_depth.npy,data/processed/potato/test/cut/004_mask.npy,data/raw/potato/test/cut/gt/004.png,276.0,582.0,257.0,632.0,186,139.51011657714844,outputs/metrics/classical_heatmaps/test/potato/cut/4_heatmap.npy,,1067,186,0.7344781160354614,outputs/metrics/autoencoder_heatmaps/test/potato/cut/4_heatmap.npy,,1067,1067,
potato,test,cut,1,943,5,data/processed/potato/test/cut/005_depth.npy,data/processed/potato/test/cut/005_mask.npy,data/raw/potato/test/cut/gt/005.png,278.0,519.0,158.0,605.0,206,20.02938461303711,outputs/metrics/classical_heatmaps/test/potato/cut/5_heatmap.npy,,1280,206,0.4200279414653778,outputs/metrics/autoencoder_heatmaps/test/potato/cut/5_heatmap.npy,,1280,1280,
potato,test,cut,1,944,6,data/processed/potato/test/cut/006_depth.npy,data/processed/potato/test/cut/006_mask.npy,data/raw/potato/test/cut/gt/006.png,290.0,562.0,230.0,619.0,206,119.64849090576172,outputs/metrics/classical_heatmaps/test/potato/cut/6_heatmap.npy,,1144,206,0.7605229020118713,outputs/metrics/autoencoder_heatmaps/test/potato/cut/6_heatmap.npy,,1144,1144,
potato,test,cut,1,945,7,data/processed/potato/test/cut/007_depth.npy,data/processed/potato/test/cut/007_mask.npy,data/raw/potato/test/cut/gt/007.png,279.0,574.0,220.0,632.0,187,133.87875366210938,outputs/metrics/classical_heatmaps/test/potato/cut/7_heatmap.npy,,1730,187,0.7757013440132141,outputs/metrics/autoencoder_heatmaps/test/potato/cut/7_heatmap.npy,,1730,1730,
potato,test,cut,1,946,8,data/processed/potato/test/cut/008_depth.npy,data/processed/potato/test/cut/008_mask.npy,data/raw/potato/test/cut/gt/008.png,252.0,560.0,168.0,637.0,201,50.373531341552734,outputs/metrics/classical_heatmaps/test/potato/cut/8_heatmap.npy,,1141,201,0.4948841035366058,outputs/metrics/autoencoder_heatmaps/test/potato/cut/8_heatmap.npy,,1141,1141,
potato,test,cut,1,947,9,data/processed/potato/test/cut/009_depth.npy,data/processed/potato/test/cut/009_mask.npy,data/raw/potato/test/cut/gt/009.png,292.0,568.0,224.0,612.0,197,53.251220703125,outputs/metrics/classical_heatmaps/test/potato/cut/9_heatmap.npy,,1273,197,0.481968879699707,outputs/metrics/autoencoder_heatmaps/test/potato/cut/9_heatmap.npy,,1273,1273,
potato,test,cut,1,948,10,data/processed/potato/test/cut/010_depth.npy,data/processed/potato/test/cut/010_mask.npy,data/raw/potato/test/cut/gt/010.png,262.0,511.0,219.0,569.0,211,-1.807888150215149,outputs/metrics/classical_heatmaps/test/potato/cut/10_heatmap.npy,,962,211,0.2398023158311844,outputs/metrics/autoencoder_heatmaps/test/potato/cut/10_heatmap.npy,,962,962,
potato,test,cut,1,949,11,data/processed/potato/test/cut/011_depth.npy,data/processed/potato/test/cut/011_mask.npy,data/raw/potato/test/cut/gt/011.png,244.0,530.0,180.0,582.0,203,-0.8345217108726501,outputs/metrics/classical_heatmaps/test/potato/cut/11_heatmap.npy,,1856,203,0.2241237014532089,outputs/metrics/autoencoder_heatmaps/test/potato/cut/11_heatmap.npy,,1856,1856,
potato,test,cut,1,950,12,data/processed/potato/test/cut/012_depth.npy,data/processed/potato/test/cut/012_mask.npy,data/raw/potato/test/cut/gt/012.png,270.0,555.0,206.0,637.0,198,-1.3759676218032837,outputs/metrics/classical_heatmaps/test/potato/cut/12_heatmap.npy,,1109,198,0.1884472817182541,outputs/metrics/autoencoder_heatmaps/test/potato/cut/12_heatmap.npy,,1109,1109,
potato,test,cut,1,951,13,data/processed/potato/test/cut/013_depth.npy,data/processed/potato/test/cut/013_mask.npy,data/raw/potato/test/cut/gt/013.png,256.0,525.0,177.0,627.0,210,-0.5600054860115051,outputs/metrics/classical_heatmaps/test/potato/cut/13_heatmap.npy,,1205,210,0.221894159913063,outputs/metrics/autoencoder_heatmaps/test/potato/cut/13_heatmap.npy,,1205,1205,
potato,test,cut,1,952,14,data/processed/potato/test/cut/014_depth.npy,data/processed/potato/test/cut/014_mask.npy,data/raw/potato/test/cut/gt/014.png,255.0,512.0,191.0,636.0,215,-2.460751533508301,outputs/metrics/classical_heatmaps/test/potato/cut/14_heatmap.npy,,1548,215,0.365919679403305,outputs/metrics/autoencoder_heatmaps/test/potato/cut/14_heatmap.npy,,1548,1548,
potato,test,cut,1,953,15,data/processed/potato/test/cut/015_depth.npy,data/processed/potato/test/cut/015_mask.npy,data/raw/potato/test/cut/gt/015.png,297.0,538.0,222.0,610.0,213,-2.524512529373169,outputs/metrics/classical_heatmaps/test/potato/cut/15_heatmap.npy,,1530,213,0.3932624757289886,outputs/metrics/autoencoder_heatmaps/test/potato/cut/15_heatmap.npy,,1530,1530,
potato,test,cut,1,954,16,data/processed/potato/test/cut/016_depth.npy,data/processed/potato/test/cut/016_mask.npy,data/raw/potato/test/cut/gt/016.png,269.0,517.0,246.0,599.0,221,-9.818317413330078,outputs/metrics/classical_heatmaps/test/potato/cut/16_heatmap.npy,,1228,221,0.3049807250499725,outputs/metrics/autoencoder_heatmaps/test/potato/cut/16_heatmap.npy,,1228,1228,
potato,test,cut,1,955,17,data/processed/potato/test/cut/017_depth.npy,data/processed/potato/test/cut/017_mask.npy,data/raw/potato/test/cut/gt/017.png,282.0,508.0,217.0,595.0,210,-0.9127670526504515,outputs/metrics/classical_heatmaps/test/potato/cut/17_heatmap.npy,,1320,210,0.1846245378255844,outputs/metrics/autoencoder_heatmaps/test/potato/cut/17_heatmap.npy,,1320,1320,
potato,test,cut,1,956,18,data/processed/potato/test/cut/018_depth.npy,data/processed/potato/test/cut/018_mask.npy,data/raw/potato/test/cut/gt/018.png,261.0,514.0,210.0,619.0,218,-1.8090442419052124,outputs/metrics/classical_heatmaps/test/potato/cut/18_heatmap.npy,,1033,218,0.2345130890607834,outputs/metrics/autoencoder_heatmaps/test/potato/cut/18_heatmap.npy,,1033,1033,
potato,test,cut,1,957,19,data/processed/potato/test/cut/019_depth.npy,data/processed/potato/test/cut/019_mask.npy,data/raw/potato/test/cut/gt/019.png,271.0,503.0,196.0,600.0,223,-4.728087902069092,outputs/metrics/classical_heatmaps/test/potato/cut/19_heatmap.npy,,1195,223,0.3180024623870849,outputs/metrics/autoencoder_heatmaps/test/potato/cut/19_heatmap.npy,,1195,1195,
potato,test,cut,1,958,20,data/processed/potato/test/cut/020_depth.npy,data/processed/potato/test/cut/020_mask.npy,data/raw/potato/test/cut/gt/020.png,297.0,500.0,250.0,579.0,218,1.70728600025177,outputs/metrics/classical_heatmaps/test/potato/cut/20_heatmap.npy,,2161,218,0.2262371629476547,outputs/metrics/autoencoder_heatmaps/test/potato/cut/20_heatmap.npy,,2161,2161,
potato,test,cut,1,959,21,data/processed/potato/test/cut/021_depth.npy,data/processed/potato/test/cut/021_mask.npy,data/raw/potato/test/cut/gt/021.png,262.0,582.0,186.0,639.0,203,29.841459274291992,outputs/metrics/classical_heatmaps/test/potato/cut/21_heatmap.npy,,1037,203,0.3794169425964355,outputs/metrics/autoencoder_heatmaps/test/potato/cut/21_heatmap.npy,,1037,1037,
potato,test,cut,1,960,22,data/processed/potato/test/cut/022_depth.npy,data/processed/potato/test/cut/022_mask.npy,data/raw/potato/test/cut/gt/022.png,267.0,525.0,237.0,609.0,212,-3.517043113708496,outputs/metrics/classical_heatmaps/test/potato/cut/22_heatmap.npy,,1540,212,0.2967452704906463,outputs/metrics/autoencoder_heatmaps/test/potato/cut/22_heatmap.npy,,1540,1540,
potato,test,hole,1,961,0,data/processed/potato/test/hole/000_depth.npy,data/processed/potato/test/hole/000_mask.npy,data/raw/potato/test/hole/gt/000.png,289.0,557.0,183.0,610.0,217,89.04924774169922,outputs/metrics/classical_heatmaps/test/potato/hole/0_heatmap.npy,,478,217,0.4889893531799316,outputs/metrics/autoencoder_heatmaps/test/potato/hole/0_heatmap.npy,,478,478,
potato,test,hole,1,962,1,data/processed/potato/test/hole/001_depth.npy,data/processed/potato/test/hole/001_mask.npy,data/raw/potato/test/hole/gt/001.png,282.0,510.0,203.0,598.0,216,-0.8964073657989502,outputs/metrics/classical_heatmaps/test/potato/hole/1_heatmap.npy,,646,216,0.1849357038736343,outputs/metrics/autoencoder_heatmaps/test/potato/hole/1_heatmap.npy,,646,646,
potato,test,hole,1,963,2,data/processed/potato/test/hole/002_depth.npy,data/processed/potato/test/hole/002_mask.npy,data/raw/potato/test/hole/gt/002.png,282.0,539.0,256.0,556.0,195,31.284656524658203,outputs/metrics/classical_heatmaps/test/potato/hole/2_heatmap.npy,,476,195,0.387560099363327,outputs/metrics/autoencoder_heatmaps/test/potato/hole/2_heatmap.npy,,476,476,
potato,test,hole,1,964,3,data/processed/potato/test/hole/003_depth.npy,data/processed/potato/test/hole/003_mask.npy,data/raw/potato/test/hole/gt/003.png,302.0,539.0,235.0,568.0,202,-0.3661896884441376,outputs/metrics/classical_heatmaps/test/potato/hole/3_heatmap.npy,,803,202,0.1878768503665924,outputs/metrics/autoencoder_heatmaps/test/potato/hole/3_heatmap.npy,,803,803,
potato,test,hole,1,965,4,data/processed/potato/test/hole/004_depth.npy,data/processed/potato/test/hole/004_mask.npy,data/raw/potato/test/hole/gt/004.png,258.0,544.0,169.0,641.0,214,-6.1790571212768555,outputs/metrics/classical_heatmaps/test/potato/hole/4_heatmap.npy,,227,214,0.2331146746873855,outputs/metrics/autoencoder_heatmaps/test/potato/hole/4_heatmap.npy,,227,227,
potato,test,hole,1,966,5,data/processed/potato/test/hole/005_depth.npy,data/processed/potato/test/hole/005_mask.npy,data/raw/potato/test/hole/gt/005.png,269.0,545.0,163.0,651.0,229,1.844835877418518,outputs/metrics/classical_heatmaps/test/potato/hole/5_heatmap.npy,,622,229,0.1688442379236221,outputs/metrics/autoencoder_heatmaps/test/potato/hole/5_heatmap.npy,,622,622,
potato,test,hole,1,967,6,data/processed/potato/test/hole/006_depth.npy,data/processed/potato/test/hole/006_mask.npy,data/raw/potato/test/hole/gt/006.png,289.0,545.0,221.0,624.0,213,78.37234497070312,outputs/metrics/classical_heatmaps/test/potato/hole/6_heatmap.npy,,297,213,0.6274622678756714,outputs/metrics/autoencoder_heatmaps/test/potato/hole/6_heatmap.npy,,297,297,
potato,test,hole,1,968,7,data/processed/potato/test/hole/007_depth.npy,data/processed/potato/test/hole/007_mask.npy,data/raw/potato/test/hole/gt/007.png,290.0,524.0,143.0,603.0,216,33.804222106933594,outputs/metrics/classical_heatmaps/test/potato/hole/7_heatmap.npy,,427,216,0.5054187774658203,outputs/metrics/autoencoder_heatmaps/test/potato/hole/7_heatmap.npy,,427,427,
potato,test,hole,1,969,8,data/processed/potato/test/hole/008_depth.npy,data/processed/potato/test/hole/008_mask.npy,data/raw/potato/test/hole/gt/008.png,269.0,497.0,230.0,587.0,206,28.3237247467041,outputs/metrics/classical_heatmaps/test/potato/hole/8_heatmap.npy,,673,206,0.6405986547470093,outputs/metrics/autoencoder_heatmaps/test/potato/hole/8_heatmap.npy,,673,673,
potato,test,hole,1,970,9,data/processed/potato/test/hole/009_depth.npy,data/processed/potato/test/hole/009_mask.npy,data/raw/potato/test/hole/gt/009.png,250.0,542.0,178.0,632.0,200,49.182315826416016,outputs/metrics/classical_heatmaps/test/potato/hole/9_heatmap.npy,,276,200,0.5075942277908325,outputs/metrics/autoencoder_heatmaps/test/potato/hole/9_heatmap.npy,,276,276,
potato,test,hole,1,971,10,data/processed/potato/test/hole/010_depth.npy,data/processed/potato/test/hole/010_mask.npy,data/raw/potato/test/hole/gt/010.png,277.0,530.0,210.0,602.0,211,16.16053009033203,outputs/metrics/classical_heatmaps/test/potato/hole/10_heatmap.npy,,365,211,0.3103870153427124,outputs/metrics/autoencoder_heatmaps/test/potato/hole/10_heatmap.npy,,365,365,
potato,test,hole,1,972,11,data/processed/potato/test/hole/011_depth.npy,data/processed/potato/test/hole/011_mask.npy,data/raw/potato/test/hole/gt/011.png,246.0,499.0,230.0,624.0,202,66.54052734375,outputs/metrics/classical_heatmaps/test/potato/hole/11_heatmap.npy,,419,202,0.643991231918335,outputs/metrics/autoencoder_heatmaps/test/potato/hole/11_heatmap.npy,,419,419,
potato,test,hole,1,973,12,data/processed/potato/test/hole/012_depth.npy,data/processed/potato/test/hole/012_mask.npy,data/raw/potato/test/hole/gt/012.png,281.0,498.0,219.0,571.0,212,-4.235093116760254,outputs/metrics/classical_heatmaps/test/potato/hole/12_heatmap.npy,,413,212,0.1823709905147552,outputs/metrics/autoencoder_heatmaps/test/potato/hole/12_heatmap.npy,,413,413,
potato,test,hole,1,974,13,data/processed/potato/test/hole/013_depth.npy,data/processed/potato/test/hole/013_mask.npy,data/raw/potato/test/hole/gt/013.png,286.0,520.0,219.0,624.0,214,-0.240726426243782,outputs/metrics/classical_heatmaps/test/potato/hole/13_heatmap.npy,,793,214,0.1760908365249633,outputs/metrics/autoencoder_heatmaps/test/potato/hole/13_heatmap.npy,,793,793,
potato,test,hole,1,975,14,data/processed/potato/test/hole/014_depth.npy,data/processed/potato/test/hole/014_mask.npy,data/raw/potato/test/hole/gt/014.png,285.0,516.0,218.0,589.0,207,-2.121689796447754,outputs/metrics/classical_heatmaps/test/potato/hole/14_heatmap.npy,,1211,207,0.3512345552444458,outputs/metrics/autoencoder_heatmaps/test/potato/hole/14_heatmap.npy,,1211,1211,
potato,test,hole,1,976,15,data/processed/potato/test/hole/015_depth.npy,data/processed/potato/test/hole/015_mask.npy,data/raw/potato/test/hole/gt/015.png,276.0,553.0,218.0,601.0,202,0.1581304520368576,outputs/metrics/classical_heatmaps/test/potato/hole/15_heatmap.npy,,337,202,0.2606037855148315,outputs/metrics/autoencoder_heatmaps/test/potato/hole/15_heatmap.npy,,337,337,
potato,test,hole,1,977,16,data/processed/potato/test/hole/016_depth.npy,data/processed/potato/test/hole/016_mask.npy,data/raw/potato/test/hole/gt/016.png,266.0,517.0,203.0,624.0,207,1.9736236333847048,outputs/metrics/classical_heatmaps/test/potato/hole/16_heatmap.npy,,696,207,0.3653313815593719,outputs/metrics/autoencoder_heatmaps/test/potato/hole/16_heatmap.npy,,696,696,
potato,test,hole,1,978,17,data/processed/potato/test/hole/017_depth.npy,data/processed/potato/test/hole/017_mask.npy,data/raw/potato/test/hole/gt/017.png,316.0,529.0,239.0,556.0,218,-12.987386703491213,outputs/metrics/classical_heatmaps/test/potato/hole/17_heatmap.npy,,1052,218,0.3053474724292755,outputs/metrics/autoencoder_heatmaps/test/potato/hole/17_heatmap.npy,,1052,1052,
potato,test,hole,1,979,18,data/processed/potato/test/hole/018_depth.npy,data/processed/potato/test/hole/018_mask.npy,data/raw/potato/test/hole/gt/018.png,287.0,494.0,233.0,587.0,217,39.79623794555664,outputs/metrics/classical_heatmaps/test/potato/hole/18_heatmap.npy,,729,217,0.4296631515026092,outputs/metrics/autoencoder_heatmaps/test/potato/hole/18_heatmap.npy,,729,729,
potato,test,hole,1,980,19,data/processed/potato/test/hole/019_depth.npy,data/processed/potato/test/hole/019_mask.npy,data/raw/potato/test/hole/gt/019.png,288.0,522.0,222.0,619.0,214,-1.9690707921981812,outputs/metrics/classical_heatmaps/test/potato/hole/19_heatmap.npy,,629,214,0.271546721458435,outputs/metrics/autoencoder_heatmaps/test/potato/hole/19_heatmap.npy,,629,629,
potato,test,hole,1,981,20,data/processed/potato/test/hole/020_depth.npy,data/processed/potato/test/hole/020_mask.npy,data/raw/potato/test/hole/gt/020.png,280.0,518.0,208.0,594.0,212,-3.115559339523315,outputs/metrics/classical_heatmaps/test/potato/hole/20_heatmap.npy,,666,212,0.2384715974330902,outputs/metrics/autoencoder_heatmaps/test/potato/hole/20_heatmap.npy,,666,666,
potato,test,hole,1,982,21,data/processed/potato/test/hole/021_depth.npy,data/processed/potato/test/hole/021_mask.npy,data/raw/potato/test/hole/gt/021.png,258.0,545.0,192.0,670.0,212,-1.6218405961990356,outputs/metrics/classical_heatmaps/test/potato/hole/21_heatmap.npy,,1096,212,0.245249330997467,outputs/metrics/autoencoder_heatmaps/test/potato/hole/21_heatmap.npy,,1096,1096,
potato,test,hole,1,983,22,data/processed/potato/test/hole/022_depth.npy,data/processed/potato/test/hole/022_mask.npy,data/raw/potato/test/hole/gt/022.png,281.0,545.0,165.0,597.0,214,-2.1215078830718994,outputs/metrics/classical_heatmaps/test/potato/hole/22_heatmap.npy,,739,214,0.2628873586654663,outputs/metrics/autoencoder_heatmaps/test/potato/hole/22_heatmap.npy,,739,739,
rope,test,good,0,984,0,data/processed/rope/test/good/000_depth.npy,data/processed/rope/test/good/000_mask.npy,data/raw/rope/test/good/gt/000.png,143.0,236.0,0.0,900.0,245,0.9182729125022888,outputs/metrics/classical_heatmaps/test/rope/good/0_heatmap.npy,fig/04_classical/test_heatmaps/rope/good/0_heatmap.png,0,245,0.0050360565073788,outputs/metrics/autoencoder_heatmaps/test/rope/good/0_heatmap.npy,fig/05_autoencoder/test_heatmaps/rope/good/0_heatmap.png,0,0,fig/06_results/rope/good/0_comparison.png
rope,test,good,0,985,1,data/processed/rope/test/good/001_depth.npy,data/processed/rope/test/good/001_mask.npy,data/raw/rope/test/good/gt/001.png,149.0,238.0,0.0,900.0,250,3.779457092285156,outputs/metrics/classical_heatmaps/test/rope/good/1_heatmap.npy,,0,250,0.0053675496019423,outputs/metrics/autoencoder_heatmaps/test/rope/good/1_heatmap.npy,,0,0,
rope,test,good,0,986,2,data/processed/rope/test/good/002_depth.npy,data/processed/rope/test/good/002_mask.npy,data/raw/rope/test/good/gt/002.png,148.0,241.0,0.0,900.0,245,1.4891700744628906,outputs/metrics/classical_heatmaps/test/rope/good/2_heatmap.npy,,0,245,0.004799245391041,outputs/metrics/autoencoder_heatmaps/test/rope/good/2_heatmap.npy,,0,0,
rope,test,good,0,987,3,data/processed/rope/test/good/003_depth.npy,data/processed/rope/test/good/003_mask.npy,data/raw/rope/test/good/gt/003.png,157.0,251.0,0.0,900.0,245,3.6486291885375977,outputs/metrics/classical_heatmaps/test/rope/good/3_heatmap.npy,,0,245,0.0055964137427508,outputs/metrics/autoencoder_heatmaps/test/rope/good/3_heatmap.npy,,0,0,
rope,test,good,0,988,4,data/processed/rope/test/good/004_depth.npy,data/processed/rope/test/good/004_mask.npy,data/raw/rope/test/good/gt/004.png,146.0,245.0,0.0,900.0,234,0.3576264083385467,outputs/metrics/classical_heatmaps/test/rope/good/4_heatmap.npy,,0,234,0.0084472307935357,outputs/metrics/autoencoder_heatmaps/test/rope/good/4_heatmap.npy,,0,0,
rope,test,good,0,989,5,data/processed/rope/test/good/005_depth.npy,data/processed/rope/test/good/005_mask.npy,data/raw/rope/test/good/gt/005.png,149.0,241.0,0.0,900.0,250,5.92655086517334,outputs/metrics/classical_heatmaps/test/rope/good/5_heatmap.npy,,0,250,0.0051932884380221,outputs/metrics/autoencoder_heatmaps/test/rope/good/5_heatmap.npy,,0,0,
rope,test,good,0,990,6,data/processed/rope/test/good/006_depth.npy,data/processed/rope/test/good/006_mask.npy,data/raw/rope/test/good/gt/006.png,147.0,244.0,0.0,900.0,240,6.608188152313232,outputs/metrics/classical_heatmaps/test/rope/good/6_heatmap.npy,,0,240,0.0064466167241334,outputs/metrics/autoencoder_heatmaps/test/rope/good/6_heatmap.npy,,0,0,
rope,test,good,0,991,7,data/processed/rope/test/good/007_depth.npy,data/processed/rope/test/good/007_mask.npy,data/raw/rope/test/good/gt/007.png,148.0,241.0,0.0,900.0,245,2.061638116836548,outputs/metrics/classical_heatmaps/test/rope/good/7_heatmap.npy,,0,245,0.0045867417939007,outputs/metrics/autoencoder_heatmaps/test/rope/good/7_heatmap.npy,,0,0,
rope,test,good,0,992,8,data/processed/rope/test/good/008_depth.npy,data/processed/rope/test/good/008_mask.npy,data/raw/rope/test/good/gt/008.png,148.0,248.0,0.0,900.0,235,0.5474565625190735,outputs/metrics/classical_heatmaps/test/rope/good/8_heatmap.npy,,0,235,0.0089008994400501,outputs/metrics/autoencoder_heatmaps/test/rope/good/8_heatmap.npy,,0,0,
rope,test,good,0,993,9,data/processed/rope/test/good/009_depth.npy,data/processed/rope/test/good/009_mask.npy,data/raw/rope/test/good/gt/009.png,151.0,247.0,0.0,900.0,240,1.6561435461044312,outputs/metrics/classical_heatmaps/test/rope/good/9_heatmap.npy,,0,240,0.0062884581275284,outputs/metrics/autoencoder_heatmaps/test/rope/good/9_heatmap.npy,,0,0,
rope,test,good,0,994,10,data/processed/rope/test/good/010_depth.npy,data/processed/rope/test/good/010_mask.npy,data/raw/rope/test/good/gt/010.png,149.0,242.0,0.0,900.0,245,4.929927349090576,outputs/metrics/classical_heatmaps/test/rope/good/10_heatmap.npy,,0,245,0.005092576611787,outputs/metrics/autoencoder_heatmaps/test/rope/good/10_heatmap.npy,,0,0,
rope,test,good,0,995,11,data/processed/rope/test/good/011_depth.npy,data/processed/rope/test/good/011_mask.npy,data/raw/rope/test/good/gt/011.png,152.0,251.0,0.0,900.0,240,5.072728633880615,outputs/metrics/classical_heatmaps/test/rope/good/11_heatmap.npy,,0,240,0.0078386357054114,outputs/metrics/autoencoder_heatmaps/test/rope/good/11_heatmap.npy,,0,0,
rope,test,good,0,996,12,data/processed/rope/test/good/012_depth.npy,data/processed/rope/test/good/012_mask.npy,data/raw/rope/test/good/gt/012.png,153.0,249.0,0.0,900.0,240,1.1669429540634155,outputs/metrics/classical_heatmaps/test/rope/good/12_heatmap.npy,,0,240,0.0053664576262235,outputs/metrics/autoencoder_heatmaps/test/rope/good/12_heatmap.npy,,0,0,
rope,test,good,0,997,13,data/processed/rope/test/good/013_depth.npy,data/processed/rope/test/good/013_mask.npy,data/raw/rope/test/good/gt/013.png,144.0,243.0,0.0,900.0,240,3.6401374340057377,outputs/metrics/classical_heatmaps/test/rope/good/13_heatmap.npy,,0,240,0.0104203969240188,outputs/metrics/autoencoder_heatmaps/test/rope/good/13_heatmap.npy,,0,0,
rope,test,good,0,998,14,data/processed/rope/test/good/014_depth.npy,data/processed/rope/test/good/014_mask.npy,data/raw/rope/test/good/gt/014.png,141.0,233.0,0.0,900.0,250,2.183049201965332,outputs/metrics/classical_heatmaps/test/rope/good/14_heatmap.npy,,0,250,0.0050324564799666,outputs/metrics/autoencoder_heatmaps/test/rope/good/14_heatmap.npy,,0,0,
rope,test,good,0,999,15,data/processed/rope/test/good/015_depth.npy,data/processed/rope/test/good/015_mask.npy,data/raw/rope/test/good/gt/015.png,146.0,240.0,0.0,900.0,245,5.539523124694824,outputs/metrics/classical_heatmaps/test/rope/good/15_heatmap.npy,,0,245,0.0057040462270379,outputs/metrics/autoencoder_heatmaps/test/rope/good/15_heatmap.npy,,0,0,
rope,test,good,0,1000,16,data/processed/rope/test/good/016_depth.npy,data/processed/rope/test/good/016_mask.npy,data/raw/rope/test/good/gt/016.png,153.0,247.0,0.0,900.0,245,7.142188549041748,outputs/metrics/classical_heatmaps/test/rope/good/16_heatmap.npy,,0,245,0.0055261994712054,outputs/metrics/autoencoder_heatmaps/test/rope/good/16_heatmap.npy,,0,0,
rope,test,good,0,1001,17,data/processed/rope/test/good/017_depth.npy,data/processed/rope/test/good/017_mask.npy,data/raw/rope/test/good/gt/017.png,148.0,244.0,0.0,900.0,240,0.3327389657497406,outputs/metrics/classical_heatmaps/test/rope/good/17_heatmap.npy,,0,240,0.0061435531824827,outputs/metrics/autoencoder_heatmaps/test/rope/good/17_heatmap.npy,,0,0,
rope,test,good,0,1002,18,data/processed/rope/test/good/018_depth.npy,data/processed/rope/test/good/018_mask.npy,data/raw/rope/test/good/gt/018.png,142.0,242.0,0.0,900.0,233,3.342700242996216,outputs/metrics/classical_heatmaps/test/rope/good/18_heatmap.npy,,0,233,0.0096077611669898,outputs/metrics/autoencoder_heatmaps/test/rope/good/18_heatmap.npy,,0,0,
rope,test,good,0,1003,19,data/processed/rope/test/good/019_depth.npy,data/processed/rope/test/good/019_mask.npy,data/raw/rope/test/good/gt/019.png,148.0,241.0,0.0,900.0,245,3.875843048095703,outputs/metrics/classical_heatmaps/test/rope/good/19_heatmap.npy,,0,245,0.0051496103405952,outputs/metrics/autoencoder_heatmaps/test/rope/good/19_heatmap.npy,,0,0,
rope,test,good,0,1004,20,data/processed/rope/test/good/020_depth.npy,data/processed/rope/test/good/020_mask.npy,data/raw/rope/test/good/gt/020.png,148.0,246.0,0.0,900.0,240,1.193508505821228,outputs/metrics/classical_heatmaps/test/rope/good/20_heatmap.npy,,0,240,0.0053788758814334,outputs/metrics/autoencoder_heatmaps/test/rope/good/20_heatmap.npy,,0,0,
rope,test,good,0,1005,21,data/processed/rope/test/good/021_depth.npy,data/processed/rope/test/good/021_mask.npy,data/raw/rope/test/good/gt/021.png,142.0,243.0,0.0,900.0,234,6.9475321769714355,outputs/metrics/classical_heatmaps/test/rope/good/21_heatmap.npy,,0,234,0.0076297838240861,outputs/metrics/autoencoder_heatmaps/test/rope/good/21_heatmap.npy,,0,0,
rope,test,good,0,1006,22,data/processed/rope/test/good/022_depth.npy,data/processed/rope/test/good/022_mask.npy,data/raw/rope/test/good/gt/022.png,142.0,237.0,0.0,900.0,245,3.667630672454834,outputs/metrics/classical_heatmaps/test/rope/good/22_heatmap.npy,,0,245,0.0046426719054579,outputs/metrics/autoencoder_heatmaps/test/rope/good/22_heatmap.npy,,0,0,
rope,test,good,0,1007,23,data/processed/rope/test/good/023_depth.npy,data/processed/rope/test/good/023_mask.npy,data/raw/rope/test/good/gt/023.png,150.0,243.0,0.0,900.0,245,5.670872211456299,outputs/metrics/classical_heatmaps/test/rope/good/23_heatmap.npy,,0,245,0.0056463149376213,outputs/metrics/autoencoder_heatmaps/test/rope/good/23_heatmap.npy,,0,0,
rope,test,good,0,1008,24,data/processed/rope/test/good/024_depth.npy,data/processed/rope/test/good/024_mask.npy,data/raw/rope/test/good/gt/024.png,149.0,249.0,0.0,900.0,234,0.5098833441734314,outputs/metrics/classical_heatmaps/test/rope/good/24_heatmap.npy,,0,234,0.0075084441341459,outputs/metrics/autoencoder_heatmaps/test/rope/good/24_heatmap.npy,,0,0,
rope,test,good,0,1009,25,data/processed/rope/test/good/025_depth.npy,data/processed/rope/test/good/025_mask.npy,data/raw/rope/test/good/gt/025.png,142.0,244.0,0.0,900.0,234,2.3572921752929688,outputs/metrics/classical_heatmaps/test/rope/good/25_heatmap.npy,,0,234,0.0075891632586717,outputs/metrics/autoencoder_heatmaps/test/rope/good/25_heatmap.npy,,0,0,
rope,test,good,0,1010,26,data/processed/rope/test/good/026_depth.npy,data/processed/rope/test/good/026_mask.npy,data/raw/rope/test/good/gt/026.png,143.0,252.0,0.0,900.0,207,0.1021888554096221,outputs/metrics/classical_heatmaps/test/rope/good/26_heatmap.npy,,0,207,0.0085908835753798,outputs/metrics/autoencoder_heatmaps/test/rope/good/26_heatmap.npy,,0,0,
rope,test,good,0,1011,27,data/processed/rope/test/good/027_depth.npy,data/processed/rope/test/good/027_mask.npy,data/raw/rope/test/good/gt/027.png,144.0,242.0,0.0,900.0,240,5.733157634735107,outputs/metrics/classical_heatmaps/test/rope/good/27_heatmap.npy,,0,240,0.0072179548442363,outputs/metrics/autoencoder_heatmaps/test/rope/good/27_heatmap.npy,,0,0,
rope,test,good,0,1012,28,data/processed/rope/test/good/028_depth.npy,data/processed/rope/test/good/028_mask.npy,data/raw/rope/test/good/gt/028.png,153.0,249.0,0.0,900.0,240,7.115067005157471,outputs/metrics/classical_heatmaps/test/rope/good/28_heatmap.npy,,0,240,0.0049716881476342,outputs/metrics/autoencoder_heatmaps/test/rope/good/28_heatmap.npy,,0,0,
rope,test,good,0,1013,29,data/processed/rope/test/good/029_depth.npy,data/processed/rope/test/good/029_mask.npy,data/raw/rope/test/good/gt/029.png,143.0,238.0,0.0,900.0,245,5.938525676727295,outputs/metrics/classical_heatmaps/test/rope/good/29_heatmap.npy,,0,245,0.0047153276391327,outputs/metrics/autoencoder_heatmaps/test/rope/good/29_heatmap.npy,,0,0,
rope,test,good,0,1014,30,data/processed/rope/test/good/030_depth.npy,data/processed/rope/test/good/030_mask.npy,data/raw/rope/test/good/gt/030.png,138.0,241.0,0.0,900.0,226,6.8445916175842285,outputs/metrics/classical_heatmaps/test/rope/good/30_heatmap.npy,,0,226,0.0063537266105413,outputs/metrics/autoencoder_heatmaps/test/rope/good/30_heatmap.npy,,0,0,
rope,test,good,0,1015,31,data/processed/rope/test/good/031_depth.npy,data/processed/rope/test/good/031_mask.npy,data/raw/rope/test/good/gt/031.png,149.0,242.0,0.0,900.0,245,5.2375946044921875,outputs/metrics/classical_heatmaps/test/rope/good/31_heatmap.npy,,0,245,0.0047491588629782,outputs/metrics/autoencoder_heatmaps/test/rope/good/31_heatmap.npy,,0,0,
rope,test,contamination,1,1016,0,data/processed/rope/test/contamination/000_depth.npy,data/processed/rope/test/contamination/000_mask.npy,data/raw/rope/test/contamination/gt/000.png,153.0,250.0,0.0,900.0,239,3.33634090423584,outputs/metrics/classical_heatmaps/test/rope/contamination/0_heatmap.npy,fig/04_classical/test_heatmaps/rope/contamination/0_heatmap.png,125,239,0.0077426047064363,outputs/metrics/autoencoder_heatmaps/test/rope/contamination/0_heatmap.npy,fig/05_autoencoder/test_heatmaps/rope/contamination/0_heatmap.png,125,125,
rope,test,contamination,1,1017,1,data/processed/rope/test/contamination/001_depth.npy,data/processed/rope/test/contamination/001_mask.npy,data/raw/rope/test/contamination/gt/001.png,161.0,259.0,0.0,900.0,240,3.619127035140991,outputs/metrics/classical_heatmaps/test/rope/contamination/1_heatmap.npy,fig/04_classical/test_heatmaps/rope/contamination/1_heatmap.png,188,240,0.0094438381493091,outputs/metrics/autoencoder_heatmaps/test/rope/contamination/1_heatmap.npy,fig/05_autoencoder/test_heatmaps/rope/contamination/1_heatmap.png,188,188,
rope,test,contamination,1,1018,2,data/processed/rope/test/contamination/002_depth.npy,data/processed/rope/test/contamination/002_mask.npy,data/raw/rope/test/contamination/gt/002.png,148.0,241.0,0.0,900.0,245,3.020838737487793,outputs/metrics/classical_heatmaps/test/rope/contamination/2_heatmap.npy,fig/04_classical/test_heatmaps/rope/contamination/2_heatmap.png,929,245,0.0059302765876054,outputs/metrics/autoencoder_heatmaps/test/rope/contamination/2_heatmap.npy,fig/05_autoencoder/test_heatmaps/rope/contamination/2_heatmap.png,929,929,
rope,test,contamination,1,1019,3,data/processed/rope/test/contamination/003_depth.npy,data/processed/rope/test/contamination/003_mask.npy,data/raw/rope/test/contamination/gt/003.png,141.0,252.0,0.0,900.0,205,14.34548282623291,outputs/metrics/classical_heatmaps/test/rope/contamination/3_heatmap.npy,,1011,205,0.0308716185390949,outputs/metrics/autoencoder_heatmaps/test/rope/contamination/3_heatmap.npy,,1011,1011,
rope,test,contamination,1,1020,4,data/processed/rope/test/contamination/004_depth.npy,data/processed/rope/test/contamination/004_mask.npy,data/raw/rope/test/contamination/gt/004.png,151.0,248.0,0.0,900.0,240,2.3500092029571533,outputs/metrics/classical_heatmaps/test/rope/contamination/4_heatmap.npy,,149,240,0.0067012421786785,outputs/metrics/autoencoder_heatmaps/test/rope/contamination/4_heatmap.npy,,149,149,
rope,test,contamination,1,1021,5,data/processed/rope/test/contamination/005_depth.npy,data/processed/rope/test/contamination/005_mask.npy,data/raw/rope/test/contamination/gt/005.png,134.0,246.0,0.0,900.0,192,14.930391311645508,outputs/metrics/classical_heatmaps/test/rope/contamination/5_heatmap.npy,,940,192,0.0228189565241336,outputs/metrics/autoencoder_heatmaps/test/rope/contamination/5_heatmap.npy,,940,940,
rope,test,contamination,1,1022,6,data/processed/rope/test/contamination/006_depth.npy,data/processed/rope/test/contamination/006_mask.npy,data/raw/rope/test/contamination/gt/006.png,154.0,253.0,0.0,900.0,240,6.6219305992126465,outputs/metrics/classical_heatmaps/test/rope/contamination/6_heatmap.npy,,199,240,0.0134770460426807,outputs/metrics/autoencoder_heatmaps/test/rope/contamination/6_heatmap.npy,,199,199,
rope,test,contamination,1,1023,7,data/processed/rope/test/contamination/007_depth.npy,data/processed/rope/test/contamination/007_mask.npy,data/raw/rope/test/contamination/gt/007.png,151.0,249.0,0.0,900.0,240,5.94566011428833,outputs/metrics/classical_heatmaps/test/rope/contamination/7_heatmap.npy,,721,240,0.0070065781474113,outputs/metrics/autoencoder_heatmaps/test/rope/contamination/7_heatmap.npy,,721,721,
rope,test,contamination,1,1024,8,data/processed/rope/test/contamination/008_depth.npy,data/processed/rope/test/contamination/008_mask.npy,data/raw/rope/test/contamination/gt/008.png,140.0,242.0,0.0,900.0,231,13.303860664367676,outputs/metrics/classical_heatmaps/test/rope/contamination/8_heatmap.npy,,316,231,0.0149039858952164,outputs/metrics/autoencoder_heatmaps/test/rope/contamination/8_heatmap.npy,,316,316,
rope,test,contamination,1,1025,9,data/processed/rope/test/contamination/009_depth.npy,data/processed/rope/test/contamination/009_mask.npy,data/raw/rope/test/contamination/gt/009.png,152.0,244.0,0.0,900.0,250,3.713944673538208,outputs/metrics/classical_heatmaps/test/rope/contamination/9_heatmap.npy,,1147,250,0.0060816961340606,outputs/metrics/autoencoder_heatmaps/test/rope/contamination/9_heatmap.npy,,1147,1147,
rope,test,contamination,1,1026,10,data/processed/rope/test/contamination/010_depth.npy,data/processed/rope/test/contamination/010_mask.npy,data/raw/rope/test/contamination/gt/010.png,153.0,283.0,0.0,900.0,210,8.773372650146484,outputs/metrics/classical_heatmaps/test/rope/contamination/10_heatmap.npy,,2816,210,0.0171307902783155,outputs/metrics/autoencoder_heatmaps/test/rope/contamination/10_heatmap.npy,,2816,2816,
rope,test,contamination,1,1027,11,data/processed/rope/test/contamination/011_depth.npy,data/processed/rope/test/contamination/011_mask.npy,data/raw/rope/test/contamination/gt/011.png,147.0,251.0,0.0,900.0,232,2.03411865234375,outputs/metrics/classical_heatmaps/test/rope/contamination/11_heatmap.npy,,502,232,0.0115325124934315,outputs/metrics/autoencoder_heatmaps/test/rope/contamination/11_heatmap.npy,,502,502,
rope,test,contamination,1,1028,12,data/processed/rope/test/contamination/012_depth.npy,data/processed/rope/test/contamination/012_mask.npy,data/raw/rope/test/contamination/gt/012.png,151.0,246.0,0.0,900.0,245,-0.4928186535835266,outputs/metrics/classical_heatmaps/test/rope/contamination/12_heatmap.npy,,300,245,0.0056341388262808,outputs/metrics/autoencoder_heatmaps/test/rope/contamination/12_heatmap.npy,,300,300,fig/06_results/rope/contamination/12_comparison.png
rope,test,contamination,1,1029,13,data/processed/rope/test/contamination/013_depth.npy,data/processed/rope/test/contamination/013_mask.npy,data/raw/rope/test/contamination/gt/013.png,149.0,240.0,0.0,900.0,250,5.1279296875,outputs/metrics/classical_heatmaps/test/rope/contamination/13_heatmap.npy,,354,250,0.0047422456555068,outputs/metrics/autoencoder_heatmaps/test/rope/contamination/13_heatmap.npy,,354,354,
rope,test,contamination,1,1030,14,data/processed/rope/test/contamination/014_depth.npy,data/processed/rope/test/contamination/014_mask.npy,data/raw/rope/test/contamination/gt/014.png,144.0,241.0,0.0,900.0,240,11.7448148727417,outputs/metrics/classical_heatmaps/test/rope/contamination/14_heatmap.npy,,744,240,0.012361210770905,outputs/metrics/autoencoder_heatmaps/test/rope/contamination/14_heatmap.npy,,744,744,
rope,test,contamination,1,1031,15,data/processed/rope/test/contamination/015_depth.npy,data/processed/rope/test/contamination/015_mask.npy,data/raw/rope/test/contamination/gt/015.png,156.0,249.0,0.0,900.0,245,7.772758483886719,outputs/metrics/classical_heatmaps/test/rope/contamination/15_heatmap.npy,,559,245,0.004558811429888,outputs/metrics/autoencoder_heatmaps/test/rope/contamination/15_heatmap.npy,,559,559,
rope,test,contamination,1,1032,16,data/processed/rope/test/contamination/016_depth.npy,data/processed/rope/test/contamination/016_mask.npy,data/raw/rope/test/contamination/gt/016.png,149.0,244.0,0.0,900.0,245,2.3389060497283936,outputs/metrics/classical_heatmaps/test/rope/contamination/16_heatmap.npy,,251,245,0.0054235011339187,outputs/metrics/autoencoder_heatmaps/test/rope/contamination/16_heatmap.npy,,251,251,fig/06_results/rope/contamination/16_comparison.png
rope,test,contamination,1,1033,17,data/processed/rope/test/contamination/017_depth.npy,data/processed/rope/test/contamination/017_mask.npy,data/raw/rope/test/contamination/gt/017.png,132.0,243.0,0.0,900.0,193,8.792229652404785,outputs/metrics/classical_heatmaps/test/rope/contamination/17_heatmap.npy,,1649,193,0.0233529862016439,outputs/metrics/autoencoder_heatmaps/test/rope/contamination/17_heatmap.npy,,1649,1649,
rope,test,contamination,1,1034,18,data/processed/rope/test/contamination/018_depth.npy,data/processed/rope/test/contamination/018_mask.npy,data/raw/rope/test/contamination/gt/018.png,144.0,236.0,0.0,900.0,250,10.905976295471191,outputs/metrics/classical_heatmaps/test/rope/contamination/18_heatmap.npy,,2569,250,0.0137827340513467,outputs/metrics/autoencoder_heatmaps/test/rope/contamination/18_heatmap.npy,,2569,2569,
rope,test,contamination,1,1035,19,data/processed/rope/test/contamination/019_depth.npy,data/processed/rope/test/contamination/019_mask.npy,data/raw/rope/test/contamination/gt/019.png,148.0,244.0,0.0,900.0,240,3.020787477493286,outputs/metrics/classical_heatmaps/test/rope/contamination/19_heatmap.npy,,336,240,0.006483897101134,outputs/metrics/autoencoder_heatmaps/test/rope/contamination/19_heatmap.npy,,336,336,
rope,test,contamination,1,1036,20,data/processed/rope/test/contamination/020_depth.npy,data/processed/rope/test/contamination/020_mask.npy,data/raw/rope/test/contamination/gt/020.png,153.0,245.0,0.0,900.0,250,1.5848344564437866,outputs/metrics/classical_heatmaps/test/rope/contamination/20_heatmap.npy,,381,250,0.0053319637663662,outputs/metrics/autoencoder_heatmaps/test/rope/contamination/20_heatmap.npy,,381,381,fig/06_results/rope/contamination/20_comparison.png
rope,test,contamination,1,1037,21,data/processed/rope/test/contamination/021_depth.npy,data/processed/rope/test/contamination/021_mask.npy,data/raw/rope/test/contamination/gt/021.png,151.0,243.0,0.0,900.0,250,8.768462181091309,outputs/metrics/classical_heatmaps/test/rope/contamination/21_heatmap.npy,,373,250,0.0062487651593983,outputs/metrics/autoencoder_heatmaps/test/rope/contamination/21_heatmap.npy,,373,373,
rope,test,contamination,1,1038,22,data/processed/rope/test/contamination/022_depth.npy,data/processed/rope/test/contamination/022_mask.npy,data/raw/rope/test/contamination/gt/022.png,150.0,245.0,0.0,900.0,245,9.179327964782717,outputs/metrics/classical_heatmaps/test/rope/contamination/22_heatmap.npy,,784,245,0.0111455023288726,outputs/metrics/autoencoder_heatmaps/test/rope/contamination/22_heatmap.npy,,784,784,
rope,test,contamination,1,1039,23,data/processed/rope/test/contamination/023_depth.npy,data/processed/rope/test/contamination/023_mask.npy,data/raw/rope/test/contamination/gt/023.png,157.0,263.0,0.0,900.0,220,5.7277045249938965,outputs/metrics/classical_heatmaps/test/rope/contamination/23_heatmap.npy,,616,220,0.0074287024326622,outputs/metrics/autoencoder_heatmaps/test/rope/contamination/23_heatmap.npy,,616,616,
rope,test,contamination,1,1040,24,data/processed/rope/test/contamination/024_depth.npy,data/processed/rope/test/contamination/024_mask.npy,data/raw/rope/test/contamination/gt/024.png,161.0,256.0,0.0,900.0,245,2.1460795402526855,outputs/metrics/classical_heatmaps/test/rope/contamination/24_heatmap.npy,,325,245,0.0068466360680758,outputs/metrics/autoencoder_heatmaps/test/rope/contamination/24_heatmap.npy,,325,325,
rope,test,cut,1,1041,0,data/processed/rope/test/cut/000_depth.npy,data/processed/rope/test/cut/000_mask.npy,data/raw/rope/test/cut/gt/000.png,142.0,244.0,0.0,900.0,221,15.706366539001465,outputs/metrics/classical_heatmaps/test/rope/cut/0_heatmap.npy,,2317,221,0.0217112358659505,outputs/metrics/autoencoder_heatmaps/test/rope/cut/0_heatmap.npy,,2317,2317,
rope,test,cut,1,1042,1,data/processed/rope/test/cut/001_depth.npy,data/processed/rope/test/cut/001_mask.npy,data/raw/rope/test/cut/gt/001.png,147.0,247.0,0.0,900.0,228,8.870530128479004,outputs/metrics/classical_heatmaps/test/rope/cut/1_heatmap.npy,,686,228,0.0081998342648148,outputs/metrics/autoencoder_heatmaps/test/rope/cut/1_heatmap.npy,,686,686,
rope,test,cut,1,1043,2,data/processed/rope/test/cut/002_depth.npy,data/processed/rope/test/cut/002_mask.npy,data/raw/rope/test/cut/gt/002.png,157.0,251.0,0.0,900.0,245,2.190150260925293,outputs/metrics/classical_heatmaps/test/rope/cut/2_heatmap.npy,,1942,245,0.0076879542320966,outputs/metrics/autoencoder_heatmaps/test/rope/cut/2_heatmap.npy,,1942,1942,
rope,test,cut,1,1044,3,data/processed/rope/test/cut/003_depth.npy,data/processed/rope/test/cut/003_mask.npy,data/raw/rope/test/cut/gt/003.png,138.0,244.0,0.0,900.0,220,12.58260440826416,outputs/metrics/classical_heatmaps/test/rope/cut/3_heatmap.npy,,1541,220,0.0136344078928232,outputs/metrics/autoencoder_heatmaps/test/rope/cut/3_heatmap.npy,,1541,1541,
rope,test,cut,1,1045,4,data/processed/rope/test/cut/004_depth.npy,data/processed/rope/test/cut/004_mask.npy,data/raw/rope/test/cut/gt/004.png,147.0,247.0,0.0,900.0,235,10.66861343383789,outputs/metrics/classical_heatmaps/test/rope/cut/4_heatmap.npy,,1173,235,0.0122001087293028,outputs/metrics/autoencoder_heatmaps/test/rope/cut/4_heatmap.npy,,1173,1173,
rope,test,cut,1,1046,5,data/processed/rope/test/cut/005_depth.npy,data/processed/rope/test/cut/005_mask.npy,data/raw/rope/test/cut/gt/005.png,148.0,243.0,0.0,900.0,245,5.660104751586914,outputs/metrics/classical_heatmaps/test/rope/cut/5_heatmap.npy,,1079,245,0.0071259145624935,outputs/metrics/autoencoder_heatmaps/test/rope/cut/5_heatmap.npy,,1079,1079,
rope,test,cut,1,1047,6,data/processed/rope/test/cut/006_depth.npy,data/processed/rope/test/cut/006_mask.npy,data/raw/rope/test/cut/gt/006.png,150.0,244.0,0.0,900.0,245,14.153132438659668,outputs/metrics/classical_heatmaps/test/rope/cut/6_heatmap.npy,,1289,245,0.0073073548264801,outputs/metrics/autoencoder_heatmaps/test/rope/cut/6_heatmap.npy,,1289,1289,
rope,test,cut,1,1048,7,data/processed/rope/test/cut/007_depth.npy,data/processed/rope/test/cut/007_mask.npy,data/raw/rope/test/cut/gt/007.png,160.0,257.0,0.0,900.0,240,7.952805042266846,outputs/metrics/classical_heatmaps/test/rope/cut/7_heatmap.npy,,984,240,0.0088176606222987,outputs/metrics/autoencoder_heatmaps/test/rope/cut/7_heatmap.npy,,984,984,
rope,test,cut,1,1049,8,data/processed/rope/test/cut/008_depth.npy,data/processed/rope/test/cut/008_mask.npy,data/raw/rope/test/cut/gt/008.png,155.0,249.0,0.0,900.0,245,0.7355194687843323,outputs/metrics/classical_heatmaps/test/rope/cut/8_heatmap.npy,,1953,245,0.0085422117263078,outputs/metrics/autoencoder_heatmaps/test/rope/cut/8_heatmap.npy,,1953,1953,
rope,test,cut,1,1050,9,data/processed/rope/test/cut/009_depth.npy,data/processed/rope/test/cut/009_mask.npy,data/raw/rope/test/cut/gt/009.png,148.0,243.0,0.0,900.0,245,2.6618711948394775,outputs/metrics/classical_heatmaps/test/rope/cut/9_heatmap.npy,,1208,245,0.0056756441481411,outputs/metrics/autoencoder_heatmaps/test/rope/cut/9_heatmap.npy,,1208,1208,
rope,test,cut,1,1051,10,data/processed/rope/test/cut/010_depth.npy,data/processed/rope/test/cut/010_mask.npy,data/raw/rope/test/cut/gt/010.png,152.0,247.0,0.0,900.0,245,9.432332038879396,outputs/metrics/classical_heatmaps/test/rope/cut/10_heatmap.npy,,1617,245,0.0125236492604017,outputs/metrics/autoencoder_heatmaps/test/rope/cut/10_heatmap.npy,,1617,1617,
rope,test,cut,1,1052,11,data/processed/rope/test/cut/011_depth.npy,data/processed/rope/test/cut/011_mask.npy,data/raw/rope/test/cut/gt/011.png,150.0,253.0,0.0,900.0,235,4.086187839508057,outputs/metrics/classical_heatmaps/test/rope/cut/11_heatmap.npy,,2116,235,0.0070058559067547,outputs/metrics/autoencoder_heatmaps/test/rope/cut/11_heatmap.npy,,2116,2116,
rope,test,cut,1,1053,12,data/processed/rope/test/cut/012_depth.npy,data/processed/rope/test/cut/012_mask.npy,data/raw/rope/test/cut/gt/012.png,154.0,250.0,0.0,900.0,240,15.09878921508789,outputs/metrics/classical_heatmaps/test/rope/cut/12_heatmap.npy,,1154,240,0.0056498758494853,outputs/metrics/autoencoder_heatmaps/test/rope/cut/12_heatmap.npy,,1154,1154,
rope,test,cut,1,1054,13,data/processed/rope/test/cut/013_depth.npy,data/processed/rope/test/cut/013_mask.npy,data/raw/rope/test/cut/gt/013.png,146.0,247.0,0.0,900.0,235,9.250545501708984,outputs/metrics/classical_heatmaps/test/rope/cut/13_heatmap.npy,,2320,235,0.0089242421090602,outputs/metrics/autoencoder_heatmaps/test/rope/cut/13_heatmap.npy,,2320,2320,
rope,test,cut,1,1055,14,data/processed/rope/test/cut/014_depth.npy,data/processed/rope/test/cut/014_mask.npy,data/raw/rope/test/cut/gt/014.png,137.0,231.0,0.0,900.0,245,5.272522449493408,outputs/metrics/classical_heatmaps/test/rope/cut/14_heatmap.npy,,1661,245,0.0095026455819606,outputs/metrics/autoencoder_heatmaps/test/rope/cut/14_heatmap.npy,,1661,1661,
rope,test,cut,1,1056,15,data/processed/rope/test/cut/015_depth.npy,data/processed/rope/test/cut/015_mask.npy,data/raw/rope/test/cut/gt/015.png,132.0,267.0,0.0,900.0,194,12.10641098022461,outputs/metrics/classical_heatmaps/test/rope/cut/15_heatmap.npy,,5629,194,0.0198074672371149,outputs/metrics/autoencoder_heatmaps/test/rope/cut/15_heatmap.npy,,5629,5629,
rope,test,cut,1,1057,16,data/processed/rope/test/cut/016_depth.npy,data/processed/rope/test/cut/016_mask.npy,data/raw/rope/test/cut/gt/016.png,159.0,250.0,0.0,900.0,250,5.242191791534424,outputs/metrics/classical_heatmaps/test/rope/cut/16_heatmap.npy,,2808,250,0.0114344004541635,outputs/metrics/autoencoder_heatmaps/test/rope/cut/16_heatmap.npy,,2808,2808,
rope,test,cut,1,1058,17,data/processed/rope/test/cut/017_depth.npy,data/processed/rope/test/cut/017_mask.npy,data/raw/rope/test/cut/gt/017.png,151.0,252.0,0.0,900.0,233,6.5847907066345215,outputs/metrics/classical_heatmaps/test/rope/cut/17_heatmap.npy,,1776,233,0.0104711540043354,outputs/metrics/autoencoder_heatmaps/test/rope/cut/17_heatmap.npy,,1776,1776,
rope,test,cut,1,1059,18,data/processed/rope/test/cut/018_depth.npy,data/processed/rope/test/cut/018_mask.npy,data/raw/rope/test/cut/gt/018.png,138.0,241.0,0.0,900.0,232,14.090469360351562,outputs/metrics/classical_heatmaps/test/rope/cut/18_heatmap.npy,,2479,232,0.0215005408972501,outputs/metrics/autoencoder_heatmaps/test/rope/cut/18_heatmap.npy,,2479,2479,
rope,test,cut,1,1060,19,data/processed/rope/test/cut/019_depth.npy,data/processed/rope/test/cut/019_mask.npy,data/raw/rope/test/cut/gt/019.png,146.0,244.0,0.0,900.0,240,9.203991889953612,outputs/metrics/classical_heatmaps/test/rope/cut/19_heatmap.npy,,1605,240,0.0105626722797751,outputs/metrics/autoencoder_heatmaps/test/rope/cut/19_heatmap.npy,,1605,1605,
rope,test,cut,1,1061,20,data/processed/rope/test/cut/020_depth.npy,data/processed/rope/test/cut/020_mask.npy,data/raw/rope/test/cut/gt/020.png,117.0,244.0,0.0,900.0,183,14.669870376586914,outputs/metrics/classical_heatmaps/test/rope/cut/20_heatmap.npy,,1562,183,0.0183904953300952,outputs/metrics/autoencoder_heatmaps/test/rope/cut/20_heatmap.npy,,1562,1562,
rope,test,cut,1,1062,21,data/processed/rope/test/cut/021_depth.npy,data/processed/rope/test/cut/021_mask.npy,data/raw/rope/test/cut/gt/021.png,156.0,253.0,0.0,900.0,240,11.694462776184082,outputs/metrics/classical_heatmaps/test/rope/cut/21_heatmap.npy,,1771,240,0.0105812000110745,outputs/metrics/autoencoder_heatmaps/test/rope/cut/21_heatmap.npy,,1771,1771,
rope,test,cut,1,1063,22,data/processed/rope/test/cut/022_depth.npy,data/processed/rope/test/cut/022_mask.npy,data/raw/rope/test/cut/gt/022.png,144.0,248.0,0.0,900.0,233,24.635107040405273,outputs/metrics/classical_heatmaps/test/rope/cut/22_heatmap.npy,,2519,233,0.0210475679486989,outputs/metrics/autoencoder_heatmaps/test/rope/cut/22_heatmap.npy,,2519,2519,
rope,test,cut,1,1064,23,data/processed/rope/test/cut/023_depth.npy,data/processed/rope/test/cut/023_mask.npy,data/raw/rope/test/cut/gt/023.png,148.0,244.0,0.0,900.0,240,5.118834972381592,outputs/metrics/classical_heatmaps/test/rope/cut/23_heatmap.npy,,1253,240,0.0078621637076139,outputs/metrics/autoencoder_heatmaps/test/rope/cut/23_heatmap.npy,,1253,1253,
rope,test,cut,1,1065,24,data/processed/rope/test/cut/024_depth.npy,data/processed/rope/test/cut/024_mask.npy,data/raw/rope/test/cut/gt/024.png,147.0,254.0,0.0,900.0,211,1.0449899435043335,outputs/metrics/classical_heatmaps/test/rope/cut/24_heatmap.npy,,4867,211,0.0088632339611649,outputs/metrics/autoencoder_heatmaps/test/rope/cut/24_heatmap.npy,,4867,4867,
rope,test,cut,1,1066,25,data/processed/rope/test/cut/025_depth.npy,data/processed/rope/test/cut/025_mask.npy,data/raw/rope/test/cut/gt/025.png,144.0,242.0,0.0,900.0,240,3.7715537548065186,outputs/metrics/classical_heatmaps/test/rope/cut/25_heatmap.npy,,1691,240,0.010091577656567,outputs/metrics/autoencoder_heatmaps/test/rope/cut/25_heatmap.npy,,1691,1691,
rope,test,cut,1,1067,26,data/processed/rope/test/cut/026_depth.npy,data/processed/rope/test/cut/026_mask.npy,data/raw/rope/test/cut/gt/026.png,151.0,249.0,0.0,900.0,240,6.068048000335693,outputs/metrics/classical_heatmaps/test/rope/cut/26_heatmap.npy,,2042,240,0.0088905952870845,outputs/metrics/autoencoder_heatmaps/test/rope/cut/26_heatmap.npy,,2042,2042,
rope,test,open,1,1068,0,data/processed/rope/test/open/000_depth.npy,data/processed/rope/test/open/000_mask.npy,data/raw/rope/test/open/gt/000.png,113.0,248.0,0.0,900.0,179,51.05580139160156,outputs/metrics/classical_heatmaps/test/rope/open/0_heatmap.npy,,4671,179,0.0387389995157718,outputs/metrics/autoencoder_heatmaps/test/rope/open/0_heatmap.npy,,4671,4671,
rope,test,open,1,1069,1,data/processed/rope/test/open/001_depth.npy,data/processed/rope/test/open/001_mask.npy,data/raw/rope/test/open/gt/001.png,142.0,255.0,0.0,900.0,211,15.521897315979004,outputs/metrics/classical_heatmaps/test/rope/open/1_heatmap.npy,,3320,211,0.0132648162543773,outputs/metrics/autoencoder_heatmaps/test/rope/open/1_heatmap.npy,,3320,3320,
rope,test,open,1,1070,2,data/processed/rope/test/open/002_depth.npy,data/processed/rope/test/open/002_mask.npy,data/raw/rope/test/open/gt/002.png,135.0,242.0,0.0,900.0,225,23.28517723083496,outputs/metrics/classical_heatmaps/test/rope/open/2_heatmap.npy,,3421,225,0.0150670753791928,outputs/metrics/autoencoder_heatmaps/test/rope/open/2_heatmap.npy,,3421,3421,
rope,test,open,1,1071,3,data/processed/rope/test/open/003_depth.npy,data/processed/rope/test/open/003_mask.npy,data/raw/rope/test/open/gt/003.png,143.0,265.0,0.0,900.0,196,37.00039291381836,outputs/metrics/classical_heatmaps/test/rope/open/3_heatmap.npy,,3270,196,0.0167596228420734,outputs/metrics/autoencoder_heatmaps/test/rope/open/3_heatmap.npy,,3270,3270,
rope,test,open,1,1072,4,data/processed/rope/test/open/004_depth.npy,data/processed/rope/test/open/004_mask.npy,data/raw/rope/test/open/gt/004.png,134.0,246.0,0.0,900.0,199,11.08466625213623,outputs/metrics/classical_heatmaps/test/rope/open/4_heatmap.npy,,3907,199,0.0165325291454792,outputs/metrics/autoencoder_heatmaps/test/rope/open/4_heatmap.npy,,3907,3907,
rope,test,open,1,1073,5,data/processed/rope/test/open/005_depth.npy,data/processed/rope/test/open/005_mask.npy,data/raw/rope/test/open/gt/005.png,141.0,243.0,0.0,900.0,234,42.06619644165039,outputs/metrics/classical_heatmaps/test/rope/open/5_heatmap.npy,,3487,234,0.0626859962940216,outputs/metrics/autoencoder_heatmaps/test/rope/open/5_heatmap.npy,,3487,3487,
rope,test,open,1,1074,6,data/processed/rope/test/open/006_depth.npy,data/processed/rope/test/open/006_mask.npy,data/raw/rope/test/open/gt/006.png,145.0,249.0,0.0,900.0,235,53.38880920410156,outputs/metrics/classical_heatmaps/test/rope/open/6_heatmap.npy,,3597,235,0.0443451106548309,outputs/metrics/autoencoder_heatmaps/test/rope/open/6_heatmap.npy,,3597,3597,
rope,test,open,1,1075,7,data/processed/rope/test/open/007_depth.npy,data/processed/rope/test/open/007_mask.npy,data/raw/rope/test/open/gt/007.png,156.0,258.0,0.0,900.0,235,38.19990539550781,outputs/metrics/classical_heatmaps/test/rope/open/7_heatmap.npy,,4661,235,0.0250866245478391,outputs/metrics/autoencoder_heatmaps/test/rope/open/7_heatmap.npy,,4661,4661,
rope,test,open,1,1076,8,data/processed/rope/test/open/008_depth.npy,data/processed/rope/test/open/008_mask.npy,data/raw/rope/test/open/gt/008.png,157.0,266.0,0.0,900.0,215,22.91529083251953,outputs/metrics/classical_heatmaps/test/rope/open/8_heatmap.npy,,4519,215,0.0118752904236316,outputs/metrics/autoencoder_heatmaps/test/rope/open/8_heatmap.npy,,4519,4519,
rope,test,open,1,1077,9,data/processed/rope/test/open/009_depth.npy,data/processed/rope/test/open/009_mask.npy,data/raw/rope/test/open/gt/009.png,137.0,243.0,0.0,900.0,230,59.5491943359375,outputs/metrics/classical_heatmaps/test/rope/open/9_heatmap.npy,,4511,230,0.0254927109926939,outputs/metrics/autoencoder_heatmaps/test/rope/open/9_heatmap.npy,,4511,4511,
rope,test,open,1,1078,10,data/processed/rope/test/open/010_depth.npy,data/processed/rope/test/open/010_mask.npy,data/raw/rope/test/open/gt/010.png,141.0,252.0,0.0,900.0,207,39.53403091430664,outputs/metrics/classical_heatmaps/test/rope/open/10_heatmap.npy,,4205,207,0.0219503194093704,outputs/metrics/autoencoder_heatmaps/test/rope/open/10_heatmap.npy,,4205,4205,
rope,test,open,1,1079,11,data/processed/rope/test/open/011_depth.npy,data/processed/rope/test/open/011_mask.npy,data/raw/rope/test/open/gt/011.png,134.0,237.0,0.0,900.0,230,29.97443962097168,outputs/metrics/classical_heatmaps/test/rope/open/11_heatmap.npy,,3810,230,0.0173629447817802,outputs/metrics/autoencoder_heatmaps/test/rope/open/11_heatmap.npy,,3810,3810,
rope,test,open,1,1080,12,data/processed/rope/test/open/012_depth.npy,data/processed/rope/test/open/012_mask.npy,data/raw/rope/test/open/gt/012.png,121.0,234.0,0.0,900.0,197,13.82343292236328,outputs/metrics/classical_heatmaps/test/rope/open/12_heatmap.npy,,2403,197,0.0137440543621778,outputs/metrics/autoencoder_heatmaps/test/rope/open/12_heatmap.npy,,2403,2403,
rope,test,open,1,1081,13,data/processed/rope/test/open/013_depth.npy,data/processed/rope/test/open/013_mask.npy,data/raw/rope/test/open/gt/013.png,133.0,241.0,0.0,900.0,220,21.01960563659668,outputs/metrics/classical_heatmaps/test/rope/open/13_heatmap.npy,,3949,220,0.0129882236942648,outputs/metrics/autoencoder_heatmaps/test/rope/open/13_heatmap.npy,,3949,3949,
rope,test,open,1,1082,14,data/processed/rope/test/open/014_depth.npy,data/processed/rope/test/open/014_mask.npy,data/raw/rope/test/open/gt/014.png,142.0,246.0,0.0,900.0,232,52.49253463745117,outputs/metrics/classical_heatmaps/test/rope/open/14_heatmap.npy,,4828,232,0.0305439829826354,outputs/metrics/autoencoder_heatmaps/test/rope/open/14_heatmap.npy,,4828,4828,
rope,test,open,1,1083,15,data/processed/rope/test/open/015_depth.npy,data/processed/rope/test/open/015_mask.npy,data/raw/rope/test/open/gt/015.png,145.0,254.0,0.0,900.0,220,35.193641662597656,outputs/metrics/classical_heatmaps/test/rope/open/15_heatmap.npy,,4187,220,0.0186846628785133,outputs/metrics/autoencoder_heatmaps/test/rope/open/15_heatmap.npy,,4187,4187,
rope,test,open,1,1084,16,data/processed/rope/test/open/016_depth.npy,data/processed/rope/test/open/016_mask.npy,data/raw/rope/test/open/gt/016.png,148.0,248.0,0.0,900.0,235,68.22847747802734,outputs/metrics/classical_heatmaps/test/rope/open/16_heatmap.npy,,4065,235,0.0212244894355535,outputs/metrics/autoencoder_heatmaps/test/rope/open/16_heatmap.npy,,4065,4065,
tire,test,good,0,1085,0,data/processed/tire/test/good/000_depth.npy,data/processed/tire/test/good/000_mask.npy,data/raw/tire/test/good/gt/000.png,116.0,690.0,218.0,491.0,236,20.17328643798828,outputs/metrics/classical_heatmaps/test/tire/good/0_heatmap.npy,fig/04_classical/test_heatmaps/tire/good/0_heatmap.png,0,236,0.0104731395840644,outputs/metrics/autoencoder_heatmaps/test/tire/good/0_heatmap.npy,fig/05_autoencoder/test_heatmaps/tire/good/0_heatmap.png,0,0,
tire,test,good,0,1086,1,data/processed/tire/test/good/001_depth.npy,data/processed/tire/test/good/001_mask.npy,data/raw/tire/test/good/gt/001.png,116.0,686.0,221.0,499.0,232,145.5255889892578,outputs/metrics/classical_heatmaps/test/tire/good/1_heatmap.npy,,0,232,0.0164179448038339,outputs/metrics/autoencoder_heatmaps/test/tire/good/1_heatmap.npy,,0,0,
tire,test,good,0,1087,2,data/processed/tire/test/good/002_depth.npy,data/processed/tire/test/good/002_mask.npy,data/raw/tire/test/good/gt/002.png,122.0,694.0,208.0,477.0,225,8.081198692321777,outputs/metrics/classical_heatmaps/test/tire/good/2_heatmap.npy,,0,225,0.00707204407081,outputs/metrics/autoencoder_heatmaps/test/tire/good/2_heatmap.npy,,0,0,
tire,test,good,0,1088,3,data/processed/tire/test/good/003_depth.npy,data/processed/tire/test/good/003_mask.npy,data/raw/tire/test/good/gt/003.png,118.0,691.0,209.0,523.0,202,247.27748107910156,outputs/metrics/classical_heatmaps/test/tire/good/3_heatmap.npy,,0,202,0.0416059158742427,outputs/metrics/autoencoder_heatmaps/test/tire/good/3_heatmap.npy,,0,0,
tire,test,good,0,1089,4,data/processed/tire/test/good/004_depth.npy,data/processed/tire/test/good/004_mask.npy,data/raw/tire/test/good/gt/004.png,111.0,683.0,201.0,477.0,236,-10.085274696350098,outputs/metrics/classical_heatmaps/test/tire/good/4_heatmap.npy,,0,236,0.013678784482181,outputs/metrics/autoencoder_heatmaps/test/tire/good/4_heatmap.npy,,0,0,
tire,test,good,0,1090,5,data/processed/tire/test/good/005_depth.npy,data/processed/tire/test/good/005_mask.npy,data/raw/tire/test/good/gt/005.png,112.0,681.0,219.0,476.0,228,-5.306972980499268,outputs/metrics/classical_heatmaps/test/tire/good/5_heatmap.npy,,0,228,0.0090458448976278,outputs/metrics/autoencoder_heatmaps/test/tire/good/5_heatmap.npy,,0,0,
tire,test,good,0,1091,6,data/processed/tire/test/good/006_depth.npy,data/processed/tire/test/good/006_mask.npy,data/raw/tire/test/good/gt/006.png,122.0,694.0,221.0,475.0,228,5.208596706390381,outputs/metrics/classical_heatmaps/test/tire/good/6_heatmap.npy,,0,228,0.0089069558307528,outputs/metrics/autoencoder_heatmaps/test/tire/good/6_heatmap.npy,,0,0,
tire,test,good,0,1092,7,data/processed/tire/test/good/007_depth.npy,data/processed/tire/test/good/007_mask.npy,data/raw/tire/test/good/gt/007.png,119.0,693.0,218.0,487.0,226,17.80594253540039,outputs/metrics/classical_heatmaps/test/tire/good/7_heatmap.npy,,0,226,0.0148309962823987,outputs/metrics/autoencoder_heatmaps/test/tire/good/7_heatmap.npy,,0,0,
tire,test,good,0,1093,8,data/processed/tire/test/good/008_depth.npy,data/processed/tire/test/good/008_mask.npy,data/raw/tire/test/good/gt/008.png,126.0,691.0,207.0,483.0,233,205.81884765625,outputs/metrics/classical_heatmaps/test/tire/good/8_heatmap.npy,,0,233,0.0423160195350647,outputs/metrics/autoencoder_heatmaps/test/tire/good/8_heatmap.npy,,0,0,
tire,test,good,0,1094,9,data/processed/tire/test/good/009_depth.npy,data/processed/tire/test/good/009_mask.npy,data/raw/tire/test/good/gt/009.png,114.0,688.0,218.0,478.0,227,7.0289764404296875,outputs/metrics/classical_heatmaps/test/tire/good/9_heatmap.npy,,0,227,0.0102147087454795,outputs/metrics/autoencoder_heatmaps/test/tire/good/9_heatmap.npy,,0,0,
tire,test,good,0,1095,10,data/processed/tire/test/good/010_depth.npy,data/processed/tire/test/good/010_mask.npy,data/raw/tire/test/good/gt/010.png,118.0,690.0,219.0,479.0,227,12.69471263885498,outputs/metrics/classical_heatmaps/test/tire/good/10_heatmap.npy,,0,227,0.0094175618141889,outputs/metrics/autoencoder_heatmaps/test/tire/good/10_heatmap.npy,,0,0,
tire,test,good,0,1096,11,data/processed/tire/test/good/011_depth.npy,data/processed/tire/test/good/011_mask.npy,data/raw/tire/test/good/gt/011.png,116.0,685.0,221.0,493.0,242,205.892822265625,outputs/metrics/classical_heatmaps/test/tire/good/11_heatmap.npy,,0,242,0.0443815663456916,outputs/metrics/autoencoder_heatmaps/test/tire/good/11_heatmap.npy,,0,0,
tire,test,good,0,1097,12,data/processed/tire/test/good/012_depth.npy,data/processed/tire/test/good/012_mask.npy,data/raw/tire/test/good/gt/012.png,112.0,681.0,213.0,472.0,228,43.65727233886719,outputs/metrics/classical_heatmaps/test/tire/good/12_heatmap.npy,,0,228,0.0088235279545187,outputs/metrics/autoencoder_heatmaps/test/tire/good/12_heatmap.npy,,0,0,
tire,test,good,0,1098,13,data/processed/tire/test/good/013_depth.npy,data/processed/tire/test/good/013_mask.npy,data/raw/tire/test/good/gt/013.png,112.0,685.0,210.0,475.0,226,11.248577117919922,outputs/metrics/classical_heatmaps/test/tire/good/13_heatmap.npy,,0,226,0.0085900239646434,outputs/metrics/autoencoder_heatmaps/test/tire/good/13_heatmap.npy,,0,0,
tire,test,good,0,1099,14,data/processed/tire/test/good/014_depth.npy,data/processed/tire/test/good/014_mask.npy,data/raw/tire/test/good/gt/014.png,118.0,693.0,200.0,478.0,224,3.005887746810913,outputs/metrics/classical_heatmaps/test/tire/good/14_heatmap.npy,,0,224,0.0097166718915104,outputs/metrics/autoencoder_heatmaps/test/tire/good/14_heatmap.npy,,0,0,
tire,test,good,0,1100,15,data/processed/tire/test/good/015_depth.npy,data/processed/tire/test/good/015_mask.npy,data/raw/tire/test/good/gt/015.png,112.0,687.0,209.0,492.0,219,9.076467514038086,outputs/metrics/classical_heatmaps/test/tire/good/15_heatmap.npy,,0,219,0.0078329630196094,outputs/metrics/autoencoder_heatmaps/test/tire/good/15_heatmap.npy,,0,0,
tire,test,good,0,1101,16,data/processed/tire/test/good/016_depth.npy,data/processed/tire/test/good/016_mask.npy,data/raw/tire/test/good/gt/016.png,118.0,689.0,203.0,482.0,222,3.897348165512085,outputs/metrics/classical_heatmaps/test/tire/good/16_heatmap.npy,,0,222,0.0089299920946359,outputs/metrics/autoencoder_heatmaps/test/tire/good/16_heatmap.npy,,0,0,
tire,test,good,0,1102,17,data/processed/tire/test/good/017_depth.npy,data/processed/tire/test/good/017_mask.npy,data/raw/tire/test/good/gt/017.png,108.0,682.0,220.0,470.0,238,7.79913854598999,outputs/metrics/classical_heatmaps/test/tire/good/17_heatmap.npy,,0,238,0.0089909359812736,outputs/metrics/autoencoder_heatmaps/test/tire/good/17_heatmap.npy,,0,0,
tire,test,good,0,1103,18,data/processed/tire/test/good/018_depth.npy,data/processed/tire/test/good/018_mask.npy,data/raw/tire/test/good/gt/018.png,111.0,684.0,214.0,480.0,227,-3.769894361495972,outputs/metrics/classical_heatmaps/test/tire/good/18_heatmap.npy,,0,227,0.0083971163257956,outputs/metrics/autoencoder_heatmaps/test/tire/good/18_heatmap.npy,,0,0,fig/06_results/tire/good/18_comparison.png
tire,test,good,0,1104,19,data/processed/tire/test/good/019_depth.npy,data/processed/tire/test/good/019_mask.npy,data/raw/tire/test/good/gt/019.png,122.0,696.0,219.0,479.0,227,2.2770373821258545,outputs/metrics/classical_heatmaps/test/tire/good/19_heatmap.npy,,0,227,0.007531760726124,outputs/metrics/autoencoder_heatmaps/test/tire/good/19_heatmap.npy,,0,0,
tire,test,good,0,1105,20,data/processed/tire/test/good/020_depth.npy,data/processed/tire/test/good/020_mask.npy,data/raw/tire/test/good/gt/020.png,110.0,679.0,205.0,471.0,227,14.869552612304688,outputs/metrics/classical_heatmaps/test/tire/good/20_heatmap.npy,,0,227,0.0177183542400598,outputs/metrics/autoencoder_heatmaps/test/tire/good/20_heatmap.npy,,0,0,
tire,test,good,0,1106,21,data/processed/tire/test/good/021_depth.npy,data/processed/tire/test/good/021_mask.npy,data/raw/tire/test/good/gt/021.png,115.0,689.0,199.0,483.0,223,6.5255584716796875,outputs/metrics/classical_heatmaps/test/tire/good/21_heatmap.npy,,0,223,0.0164871532469987,outputs/metrics/autoencoder_heatmaps/test/tire/good/21_heatmap.npy,,0,0,
tire,test,good,0,1107,22,data/processed/tire/test/good/022_depth.npy,data/processed/tire/test/good/022_mask.npy,data/raw/tire/test/good/gt/022.png,116.0,692.0,208.0,485.0,231,9.220645904541016,outputs/metrics/classical_heatmaps/test/tire/good/22_heatmap.npy,,0,231,0.0101751098409295,outputs/metrics/autoencoder_heatmaps/test/tire/good/22_heatmap.npy,,0,0,
tire,test,good,0,1108,23,data/processed/tire/test/good/023_depth.npy,data/processed/tire/test/good/023_mask.npy,data/raw/tire/test/good/gt/023.png,120.0,703.0,213.0,479.0,226,19.233383178710938,outputs/metrics/classical_heatmaps/test/tire/good/23_heatmap.npy,,0,226,0.0190596561878919,outputs/metrics/autoencoder_heatmaps/test/tire/good/23_heatmap.npy,,0,0,
tire,test,good,0,1109,24,data/processed/tire/test/good/024_depth.npy,data/processed/tire/test/good/024_mask.npy,data/raw/tire/test/good/gt/024.png,109.0,684.0,221.0,477.0,228,8.233817100524902,outputs/metrics/classical_heatmaps/test/tire/good/24_heatmap.npy,,0,228,0.007111485581845,outputs/metrics/autoencoder_heatmaps/test/tire/good/24_heatmap.npy,,0,0,
tire,test,combined,1,1110,0,data/processed/tire/test/combined/000_depth.npy,data/processed/tire/test/combined/000_mask.npy,data/raw/tire/test/combined/gt/000.png,108.0,678.0,205.0,469.0,227,-7.681921005249023,outputs/metrics/classical_heatmaps/test/tire/combined/0_heatmap.npy,fig/04_classical/test_heatmaps/tire/combined/0_heatmap.png,605,227,0.0082896240055561,outputs/metrics/autoencoder_heatmaps/test/tire/combined/0_heatmap.npy,fig/05_autoencoder/test_heatmaps/tire/combined/0_heatmap.png,605,605,
tire,test,combined,1,1111,1,data/processed/tire/test/combined/001_depth.npy,data/processed/tire/test/combined/001_mask.npy,data/raw/tire/test/combined/gt/001.png,114.0,683.0,215.0,478.0,226,-6.061002731323242,outputs/metrics/classical_heatmaps/test/tire/combined/1_heatmap.npy,fig/04_classical/test_heatmaps/tire/combined/1_heatmap.png,874,226,0.0126044815406203,outputs/metrics/autoencoder_heatmaps/test/tire/combined/1_heatmap.npy,fig/05_autoencoder/test_heatmaps/tire/combined/1_heatmap.png,874,874,
tire,test,combined,1,1112,2,data/processed/tire/test/combined/002_depth.npy,data/processed/tire/test/combined/002_mask.npy,data/raw/tire/test/combined/gt/002.png,126.0,697.0,212.0,476.0,226,2.0464208126068115,outputs/metrics/classical_heatmaps/test/tire/combined/2_heatmap.npy,fig/04_classical/test_heatmaps/tire/combined/2_heatmap.png,579,226,0.008490459062159,outputs/metrics/autoencoder_heatmaps/test/tire/combined/2_heatmap.npy,fig/05_autoencoder/test_heatmaps/tire/combined/2_heatmap.png,579,579,
tire,test,combined,1,1113,3,data/processed/tire/test/combined/003_depth.npy,data/processed/tire/test/combined/003_mask.npy,data/raw/tire/test/combined/gt/003.png,122.0,690.0,220.0,514.0,218,247.4974670410156,outputs/metrics/classical_heatmaps/test/tire/combined/3_heatmap.npy,,835,218,0.0210493169724941,outputs/metrics/autoencoder_heatmaps/test/tire/combined/3_heatmap.npy,,835,835,
tire,test,combined,1,1114,4,data/processed/tire/test/combined/004_depth.npy,data/processed/tire/test/combined/004_mask.npy,data/raw/tire/test/combined/gt/004.png,114.0,685.0,220.0,478.0,228,13.40021800994873,outputs/metrics/classical_heatmaps/test/tire/combined/4_heatmap.npy,,977,228,0.0084917908534407,outputs/metrics/autoencoder_heatmaps/test/tire/combined/4_heatmap.npy,,977,977,
tire,test,contamination,1,1115,0,data/processed/tire/test/contamination/000_depth.npy,data/processed/tire/test/contamination/000_mask.npy,data/raw/tire/test/contamination/gt/000.png,112.0,681.0,210.0,483.0,241,-5.913796424865723,outputs/metrics/classical_heatmaps/test/tire/contamination/0_heatmap.npy,,314,241,0.0071131912991404,outputs/metrics/autoencoder_heatmaps/test/tire/contamination/0_heatmap.npy,,314,314,fig/06_results/tire/contamination/0_comparison.png
tire,test,contamination,1,1116,1,data/processed/tire/test/contamination/001_depth.npy,data/processed/tire/test/contamination/001_mask.npy,data/raw/tire/test/contamination/gt/001.png,110.0,682.0,210.0,482.0,242,1.606879949569702,outputs/metrics/classical_heatmaps/test/tire/contamination/1_heatmap.npy,,276,242,0.0076640443876385,outputs/metrics/autoencoder_heatmaps/test/tire/contamination/1_heatmap.npy,,276,276,
tire,test,contamination,1,1117,2,data/processed/tire/test/contamination/002_depth.npy,data/processed/tire/test/contamination/002_mask.npy,data/raw/tire/test/contamination/gt/002.png,114.0,682.0,218.0,478.0,226,2.5422489643096924,outputs/metrics/classical_heatmaps/test/tire/contamination/2_heatmap.npy,,140,226,0.0126931509003043,outputs/metrics/autoencoder_heatmaps/test/tire/contamination/2_heatmap.npy,,140,140,
tire,test,contamination,1,1118,3,data/processed/tire/test/contamination/003_depth.npy,data/processed/tire/test/contamination/003_mask.npy,data/raw/tire/test/contamination/gt/003.png,113.0,683.0,220.0,488.0,225,89.5128173828125,outputs/metrics/classical_heatmaps/test/tire/contamination/3_heatmap.npy,,733,225,0.0115806274116039,outputs/metrics/autoencoder_heatmaps/test/tire/contamination/3_heatmap.npy,,733,733,
tire,test,contamination,1,1119,4,data/processed/tire/test/contamination/004_depth.npy,data/processed/tire/test/contamination/004_mask.npy,data/raw/tire/test/contamination/gt/004.png,121.0,690.0,219.0,485.0,224,-6.653042316436768,outputs/metrics/classical_heatmaps/test/tire/contamination/4_heatmap.npy,,220,224,0.0075532756745815,outputs/metrics/autoencoder_heatmaps/test/tire/contamination/4_heatmap.npy,,220,220,fig/06_results/tire/contamination/4_comparison.png
tire,test,contamination,1,1120,5,data/processed/tire/test/contamination/005_depth.npy,data/processed/tire/test/contamination/005_mask.npy,data/raw/tire/test/contamination/gt/005.png,110.0,679.0,217.0,472.0,228,-2.621368646621704,outputs/metrics/classical_heatmaps/test/tire/contamination/5_heatmap.npy,,577,228,0.0093632126227021,outputs/metrics/autoencoder_heatmaps/test/tire/contamination/5_heatmap.npy,,577,577,
tire,test,contamination,1,1121,6,data/processed/tire/test/contamination/006_depth.npy,data/processed/tire/test/contamination/006_mask.npy,data/raw/tire/test/contamination/gt/006.png,118.0,685.0,216.0,474.0,227,8.376324653625488,outputs/metrics/classical_heatmaps/test/tire/contamination/6_heatmap.npy,,602,227,0.0085668852552771,outputs/metrics/autoencoder_heatmaps/test/tire/contamination/6_heatmap.npy,,602,602,
tire,test,contamination,1,1122,7,data/processed/tire/test/contamination/007_depth.npy,data/processed/tire/test/contamination/007_mask.npy,data/raw/tire/test/contamination/gt/007.png,116.0,685.0,215.0,476.0,227,6.470910549163818,outputs/metrics/classical_heatmaps/test/tire/contamination/7_heatmap.npy,,461,227,0.0084893042221665,outputs/metrics/autoencoder_heatmaps/test/tire/contamination/7_heatmap.npy,,461,461,
tire,test,contamination,1,1123,8,data/processed/tire/test/contamination/008_depth.npy,data/processed/tire/test/contamination/008_mask.npy,data/raw/tire/test/contamination/gt/008.png,112.0,684.0,222.0,487.0,226,7.149284839630127,outputs/metrics/classical_heatmaps/test/tire/contamination/8_heatmap.npy,,615,226,0.0074674449861049,outputs/metrics/autoencoder_heatmaps/test/tire/contamination/8_heatmap.npy,,615,615,
tire,test,contamination,1,1124,9,data/processed/tire/test/contamination/009_depth.npy,data/processed/tire/test/contamination/009_mask.npy,data/raw/tire/test/contamination/gt/009.png,113.0,687.0,223.0,485.0,226,2.377967834472656,outputs/metrics/classical_heatmaps/test/tire/contamination/9_heatmap.npy,,333,226,0.0073412698693573,outputs/metrics/autoencoder_heatmaps/test/tire/contamination/9_heatmap.npy,,333,333,
tire,test,contamination,1,1125,10,data/processed/tire/test/contamination/010_depth.npy,data/processed/tire/test/contamination/010_mask.npy,data/raw/tire/test/contamination/gt/010.png,116.0,689.0,210.0,487.0,232,-1.3097716569900513,outputs/metrics/classical_heatmaps/test/tire/contamination/10_heatmap.npy,,1439,232,0.008525718934834,outputs/metrics/autoencoder_heatmaps/test/tire/contamination/10_heatmap.npy,,1439,1439,
tire,test,contamination,1,1126,11,data/processed/tire/test/contamination/011_depth.npy,data/processed/tire/test/contamination/011_mask.npy,data/raw/tire/test/contamination/gt/011.png,116.0,688.0,216.0,481.0,227,0.1431906074285507,outputs/metrics/classical_heatmaps/test/tire/contamination/11_heatmap.npy,,1217,227,0.00738629931584,outputs/metrics/autoencoder_heatmaps/test/tire/contamination/11_heatmap.npy,,1217,1217,
tire,test,contamination,1,1127,12,data/processed/tire/test/contamination/012_depth.npy,data/processed/tire/test/contamination/012_mask.npy,data/raw/tire/test/contamination/gt/012.png,124.0,700.0,214.0,476.0,227,3.1346282958984375,outputs/metrics/classical_heatmaps/test/tire/contamination/12_heatmap.npy,,402,227,0.0092401970177888,outputs/metrics/autoencoder_heatmaps/test/tire/contamination/12_heatmap.npy,,402,402,
tire,test,contamination,1,1128,13,data/processed/tire/test/contamination/013_depth.npy,data/processed/tire/test/contamination/013_mask.npy,data/raw/tire/test/contamination/gt/013.png,112.0,685.0,222.0,477.0,228,7.770839691162109,outputs/metrics/classical_heatmaps/test/tire/contamination/13_heatmap.npy,,363,228,0.0085383998230099,outputs/metrics/autoencoder_heatmaps/test/tire/contamination/13_heatmap.npy,,363,363,
tire,test,contamination,1,1129,14,data/processed/tire/test/contamination/014_depth.npy,data/processed/tire/test/contamination/014_mask.npy,data/raw/tire/test/contamination/gt/014.png,110.0,683.0,221.0,482.0,227,9.633567810058594,outputs/metrics/classical_heatmaps/test/tire/contamination/14_heatmap.npy,,396,227,0.0085243945941329,outputs/metrics/autoencoder_heatmaps/test/tire/contamination/14_heatmap.npy,,396,396,
tire,test,contamination,1,1130,15,data/processed/tire/test/contamination/015_depth.npy,data/processed/tire/test/contamination/015_mask.npy,data/raw/tire/test/contamination/gt/015.png,118.0,691.0,211.0,484.0,236,2.1367454528808594,outputs/metrics/classical_heatmaps/test/tire/contamination/15_heatmap.npy,,397,236,0.0091856699436903,outputs/metrics/autoencoder_heatmaps/test/tire/contamination/15_heatmap.npy,,397,397,
tire,test,contamination,1,1131,16,data/processed/tire/test/contamination/016_depth.npy,data/processed/tire/test/contamination/016_mask.npy,data/raw/tire/test/contamination/gt/016.png,119.0,694.0,218.0,469.0,237,4.51729154586792,outputs/metrics/classical_heatmaps/test/tire/contamination/16_heatmap.npy,,378,237,0.0104491589590907,outputs/metrics/autoencoder_heatmaps/test/tire/contamination/16_heatmap.npy,,378,378,
tire,test,contamination,1,1132,17,data/processed/tire/test/contamination/017_depth.npy,data/processed/tire/test/contamination/017_mask.npy,data/raw/tire/test/contamination/gt/017.png,116.0,687.0,218.0,467.0,239,5.233859539031982,outputs/metrics/classical_heatmaps/test/tire/contamination/17_heatmap.npy,,492,239,0.0075829462148249,outputs/metrics/autoencoder_heatmaps/test/tire/contamination/17_heatmap.npy,,492,492,
tire,test,contamination,1,1133,18,data/processed/tire/test/contamination/018_depth.npy,data/processed/tire/test/contamination/018_mask.npy,data/raw/tire/test/contamination/gt/018.png,110.0,683.0,213.0,489.0,240,-2.117701768875122,outputs/metrics/classical_heatmaps/test/tire/contamination/18_heatmap.npy,,483,240,0.0157405659556388,outputs/metrics/autoencoder_heatmaps/test/tire/contamination/18_heatmap.npy,,483,483,
tire,test,contamination,1,1134,19,data/processed/tire/test/contamination/019_depth.npy,data/processed/tire/test/contamination/019_mask.npy,data/raw/tire/test/contamination/gt/019.png,112.0,685.0,214.0,468.0,237,10.228960990905762,outputs/metrics/classical_heatmaps/test/tire/contamination/19_heatmap.npy,,534,237,0.0083039468154311,outputs/metrics/autoencoder_heatmaps/test/tire/contamination/19_heatmap.npy,,534,534,
tire,test,contamination,1,1135,20,data/processed/tire/test/contamination/020_depth.npy,data/processed/tire/test/contamination/020_mask.npy,data/raw/tire/test/contamination/gt/020.png,115.0,688.0,221.0,468.0,239,16.967388153076172,outputs/metrics/classical_heatmaps/test/tire/contamination/20_heatmap.npy,,156,239,0.0081876581534743,outputs/metrics/autoencoder_heatmaps/test/tire/contamination/20_heatmap.npy,,156,156,
tire,test,contamination,1,1136,21,data/processed/tire/test/contamination/021_depth.npy,data/processed/tire/test/contamination/021_mask.npy,data/raw/tire/test/contamination/gt/021.png,120.0,694.0,223.0,488.0,225,7.553205966949463,outputs/metrics/classical_heatmaps/test/tire/contamination/21_heatmap.npy,,327,225,0.01038040779531,outputs/metrics/autoencoder_heatmaps/test/tire/contamination/21_heatmap.npy,,327,327,
tire,test,contamination,1,1137,22,data/processed/tire/test/contamination/022_depth.npy,data/processed/tire/test/contamination/022_mask.npy,data/raw/tire/test/contamination/gt/022.png,118.0,692.0,204.0,482.0,223,4.435245037078857,outputs/metrics/classical_heatmaps/test/tire/contamination/22_heatmap.npy,,537,223,0.0091523909941315,outputs/metrics/autoencoder_heatmaps/test/tire/contamination/22_heatmap.npy,,537,537,
tire,test,contamination,1,1138,23,data/processed/tire/test/contamination/023_depth.npy,data/processed/tire/test/contamination/023_mask.npy,data/raw/tire/test/contamination/gt/023.png,116.0,690.0,208.0,485.0,232,-1.9767783880233765,outputs/metrics/classical_heatmaps/test/tire/contamination/23_heatmap.npy,,344,232,0.0073575936257839,outputs/metrics/autoencoder_heatmaps/test/tire/contamination/23_heatmap.npy,,344,344,
tire,test,contamination,1,1139,24,data/processed/tire/test/contamination/024_depth.npy,data/processed/tire/test/contamination/024_mask.npy,data/raw/tire/test/contamination/gt/024.png,116.0,689.0,203.0,466.0,226,2.24128794670105,outputs/metrics/classical_heatmaps/test/tire/contamination/24_heatmap.npy,,171,226,0.006560530513525,outputs/metrics/autoencoder_heatmaps/test/tire/contamination/24_heatmap.npy,,171,171,
tire,test,contamination,1,1140,25,data/processed/tire/test/contamination/025_depth.npy,data/processed/tire/test/contamination/025_mask.npy,data/raw/tire/test/contamination/gt/025.png,121.0,696.0,212.0,469.0,227,2.6891486644744873,outputs/metrics/classical_heatmaps/test/tire/contamination/25_heatmap.npy,,155,227,0.0072050648741424,outputs/metrics/autoencoder_heatmaps/test/tire/contamination/25_heatmap.npy,,155,155,
tire,test,contamination,1,1141,26,data/processed/tire/test/contamination/026_depth.npy,data/processed/tire/test/contamination/026_mask.npy,data/raw/tire/test/contamination/gt/026.png,122.0,693.0,210.0,483.0,245,147.7865447998047,outputs/metrics/classical_heatmaps/test/tire/contamination/26_heatmap.npy,,691,245,0.0186084229499101,outputs/metrics/autoencoder_heatmaps/test/tire/contamination/26_heatmap.npy,,691,691,
tire,test,contamination,1,1142,27,data/processed/tire/test/contamination/027_depth.npy,data/processed/tire/test/contamination/027_mask.npy,data/raw/tire/test/contamination/gt/027.png,116.0,760.0,208.0,487.0,211,243.3461456298828,outputs/metrics/classical_heatmaps/test/tire/contamination/27_heatmap.npy,,530,211,0.0152294570580124,outputs/metrics/autoencoder_heatmaps/test/tire/contamination/27_heatmap.npy,,530,530,
tire,test,cut,1,1143,0,data/processed/tire/test/cut/000_depth.npy,data/processed/tire/test/cut/000_mask.npy,data/raw/tire/test/cut/gt/000.png,118.0,692.0,210.0,470.0,227,6.872715473175049,outputs/metrics/classical_heatmaps/test/tire/cut/0_heatmap.npy,,415,227,0.0092740720137953,outputs/metrics/autoencoder_heatmaps/test/tire/cut/0_heatmap.npy,,415,415,
tire,test,cut,1,1144,1,data/processed/tire/test/cut/001_depth.npy,data/processed/tire/test/cut/001_mask.npy,data/raw/tire/test/cut/gt/001.png,122.0,693.0,211.0,466.0,228,15.07390308380127,outputs/metrics/classical_heatmaps/test/tire/cut/1_heatmap.npy,,247,228,0.0068167620338499,outputs/metrics/autoencoder_heatmaps/test/tire/cut/1_heatmap.npy,,247,247,
tire,test,cut,1,1145,2,data/processed/tire/test/cut/002_depth.npy,data/processed/tire/test/cut/002_mask.npy,data/raw/tire/test/cut/gt/002.png,116.0,691.0,218.0,469.0,238,6.879820346832275,outputs/metrics/classical_heatmaps/test/tire/cut/2_heatmap.npy,,207,238,0.0086217289790511,outputs/metrics/autoencoder_heatmaps/test/tire/cut/2_heatmap.npy,,207,207,
tire,test,cut,1,1146,3,data/processed/tire/test/cut/003_depth.npy,data/processed/tire/test/cut/003_mask.npy,data/raw/tire/test/cut/gt/003.png,117.0,688.0,226.0,482.0,227,5.120213031768799,outputs/metrics/classical_heatmaps/test/tire/cut/3_heatmap.npy,,218,227,0.0067134513519704,outputs/metrics/autoencoder_heatmaps/test/tire/cut/3_heatmap.npy,,218,218,
tire,test,cut,1,1147,4,data/processed/tire/test/cut/004_depth.npy,data/processed/tire/test/cut/004_mask.npy,data/raw/tire/test/cut/gt/004.png,124.0,696.0,214.0,475.0,227,32.880496978759766,outputs/metrics/classical_heatmaps/test/tire/cut/4_heatmap.npy,,95,227,0.0102843577042222,outputs/metrics/autoencoder_heatmaps/test/tire/cut/4_heatmap.npy,,95,95,
tire,test,cut,1,1148,5,data/processed/tire/test/cut/005_depth.npy,data/processed/tire/test/cut/005_mask.npy,data/raw/tire/test/cut/gt/005.png,123.0,695.0,213.0,460.0,239,-2.7517154216766357,outputs/metrics/classical_heatmaps/test/tire/cut/5_heatmap.npy,,206,239,0.0079728020355105,outputs/metrics/autoencoder_heatmaps/test/tire/cut/5_heatmap.npy,,206,206,
tire,test,cut,1,1149,6,data/processed/tire/test/cut/006_depth.npy,data/processed/tire/test/cut/006_mask.npy,data/raw/tire/test/cut/gt/006.png,124.0,697.0,215.0,477.0,227,5.095401763916016,outputs/metrics/classical_heatmaps/test/tire/cut/6_heatmap.npy,,258,227,0.0099205682054162,outputs/metrics/autoencoder_heatmaps/test/tire/cut/6_heatmap.npy,,258,258,
tire,test,cut,1,1150,7,data/processed/tire/test/cut/007_depth.npy,data/processed/tire/test/cut/007_mask.npy,data/raw/tire/test/cut/gt/007.png,110.0,686.0,204.0,479.0,238,23.572202682495117,outputs/metrics/classical_heatmaps/test/tire/cut/7_heatmap.npy,,239,238,0.0148505121469497,outputs/metrics/autoencoder_heatmaps/test/tire/cut/7_heatmap.npy,,239,239,
tire,test,cut,1,1151,8,data/processed/tire/test/cut/008_depth.npy,data/processed/tire/test/cut/008_mask.npy,data/raw/tire/test/cut/gt/008.png,120.0,691.0,209.0,487.0,226,4.971555233001709,outputs/metrics/classical_heatmaps/test/tire/cut/8_heatmap.npy,,652,226,0.0111103802919387,outputs/metrics/autoencoder_heatmaps/test/tire/cut/8_heatmap.npy,,652,652,
tire,test,cut,1,1152,9,data/processed/tire/test/cut/009_depth.npy,data/processed/tire/test/cut/009_mask.npy,data/raw/tire/test/cut/gt/009.png,111.0,683.0,208.0,480.0,240,2.876572608947754,outputs/metrics/classical_heatmaps/test/tire/cut/9_heatmap.npy,,686,240,0.0122857093811035,outputs/metrics/autoencoder_heatmaps/test/tire/cut/9_heatmap.npy,,686,686,
tire,test,cut,1,1153,10,data/processed/tire/test/cut/010_depth.npy,data/processed/tire/test/cut/010_mask.npy,data/raw/tire/test/cut/gt/010.png,115.0,682.0,210.0,474.0,226,4.334275245666504,outputs/metrics/classical_heatmaps/test/tire/cut/10_heatmap.npy,,210,226,0.0070540443994104,outputs/metrics/autoencoder_heatmaps/test/tire/cut/10_heatmap.npy,,210,210,
tire,test,cut,1,1154,11,data/processed/tire/test/cut/011_depth.npy,data/processed/tire/test/cut/011_mask.npy,data/raw/tire/test/cut/gt/011.png,123.0,692.0,214.0,473.0,227,4.991510391235352,outputs/metrics/classical_heatmaps/test/tire/cut/11_heatmap.npy,,358,227,0.0064225955866277,outputs/metrics/autoencoder_heatmaps/test/tire/cut/11_heatmap.npy,,358,358,
tire,test,cut,1,1155,12,data/processed/tire/test/cut/012_depth.npy,data/processed/tire/test/cut/012_mask.npy,data/raw/tire/test/cut/gt/012.png,109.0,680.0,218.0,485.0,227,-7.068326473236084,outputs/metrics/classical_heatmaps/test/tire/cut/12_heatmap.npy,,240,227,0.0085068112239241,outputs/metrics/autoencoder_heatmaps/test/tire/cut/12_heatmap.npy,,240,240,
tire,test,cut,1,1156,13,data/processed/tire/test/cut/013_depth.npy,data/processed/tire/test/cut/013_mask.npy,data/raw/tire/test/cut/gt/013.png,116.0,687.0,215.0,485.0,225,15.318305015563965,outputs/metrics/classical_heatmaps/test/tire/cut/13_heatmap.npy,,188,225,0.0116378217935562,outputs/metrics/autoencoder_heatmaps/test/tire/cut/13_heatmap.npy,,188,188,
tire,test,cut,1,1157,14,data/processed/tire/test/cut/014_depth.npy,data/processed/tire/test/cut/014_mask.npy,data/raw/tire/test/cut/gt/014.png,112.0,683.0,216.0,478.0,227,7.644882202148437,outputs/metrics/classical_heatmaps/test/tire/cut/14_heatmap.npy,,232,227,0.008643178269267,outputs/metrics/autoencoder_heatmaps/test/tire/cut/14_heatmap.npy,,232,232,
tire,test,cut,1,1158,15,data/processed/tire/test/cut/015_depth.npy,data/processed/tire/test/cut/015_mask.npy,data/raw/tire/test/cut/gt/015.png,109.0,682.0,216.0,470.0,238,46.65077209472656,outputs/metrics/classical_heatmaps/test/tire/cut/15_heatmap.npy,,267,238,0.010495439171791,outputs/metrics/autoencoder_heatmaps/test/tire/cut/15_heatmap.npy,,267,267,
tire,test,cut,1,1159,16,data/processed/tire/test/cut/016_depth.npy,data/processed/tire/test/cut/016_mask.npy,data/raw/tire/test/cut/gt/016.png,114.0,687.0,213.0,475.0,226,30.47490501403809,outputs/metrics/classical_heatmaps/test/tire/cut/16_heatmap.npy,,434,226,0.0103203114122152,outputs/metrics/autoencoder_heatmaps/test/tire/cut/16_heatmap.npy,,434,434,
tire,test,cut,1,1160,17,data/processed/tire/test/cut/017_depth.npy,data/processed/tire/test/cut/017_mask.npy,data/raw/tire/test/cut/gt/017.png,115.0,685.0,220.0,472.0,237,8.883827209472656,outputs/metrics/classical_heatmaps/test/tire/cut/17_heatmap.npy,,250,237,0.0068342783488333,outputs/metrics/autoencoder_heatmaps/test/tire/cut/17_heatmap.npy,,250,250,
tire,test,cut,1,1161,18,data/processed/tire/test/cut/018_depth.npy,data/processed/tire/test/cut/018_mask.npy,data/raw/tire/test/cut/gt/018.png,113.0,688.0,220.0,477.0,228,-4.372600078582764,outputs/metrics/classical_heatmaps/test/tire/cut/18_heatmap.npy,,229,228,0.00751479761675,outputs/metrics/autoencoder_heatmaps/test/tire/cut/18_heatmap.npy,,229,229,
tire,test,cut,1,1162,19,data/processed/tire/test/cut/019_depth.npy,data/processed/tire/test/cut/019_mask.npy,data/raw/tire/test/cut/gt/019.png,119.0,693.0,216.0,476.0,227,1.4089125394821167,outputs/metrics/classical_heatmaps/test/tire/cut/19_heatmap.npy,,263,227,0.0091462573036551,outputs/metrics/autoencoder_heatmaps/test/tire/cut/19_heatmap.npy,,263,263,
tire,test,cut,1,1163,20,data/processed/tire/test/cut/020_depth.npy,data/processed/tire/test/cut/020_mask.npy,data/raw/tire/test/cut/gt/020.png,117.0,691.0,224.0,481.0,227,6.723453998565674,outputs/metrics/classical_heatmaps/test/tire/cut/20_heatmap.npy,,282,227,0.0068641267716884,outputs/metrics/autoencoder_heatmaps/test/tire/cut/20_heatmap.npy,,282,282,
tire,test,cut,1,1164,21,data/processed/tire/test/cut/021_depth.npy,data/processed/tire/test/cut/021_mask.npy,data/raw/tire/test/cut/gt/021.png,111.0,685.0,225.0,521.0,220,246.7442321777344,outputs/metrics/classical_heatmaps/test/tire/cut/21_heatmap.npy,,225,220,0.0365848802030086,outputs/metrics/autoencoder_heatmaps/test/tire/cut/21_heatmap.npy,,225,225,
tire,test,cut,1,1165,22,data/processed/tire/test/cut/022_depth.npy,data/processed/tire/test/cut/022_mask.npy,data/raw/tire/test/cut/gt/022.png,111.0,683.0,214.0,539.0,219,247.20375061035156,outputs/metrics/classical_heatmaps/test/tire/cut/22_heatmap.npy,,304,219,0.0244441907852888,outputs/metrics/autoencoder_heatmaps/test/tire/cut/22_heatmap.npy,,304,304,
tire,test,cut,1,1166,23,data/processed/tire/test/cut/023_depth.npy,data/processed/tire/test/cut/023_mask.npy,data/raw/tire/test/cut/gt/023.png,112.0,686.0,197.0,468.0,221,2.4622397422790527,outputs/metrics/classical_heatmaps/test/tire/cut/23_heatmap.npy,,368,221,0.011351428925991,outputs/metrics/autoencoder_heatmaps/test/tire/cut/23_heatmap.npy,,368,368,
tire,test,cut,1,1167,24,data/processed/tire/test/cut/024_depth.npy,data/processed/tire/test/cut/024_mask.npy,data/raw/tire/test/cut/gt/024.png,116.0,687.0,210.0,456.0,239,10.271464347839355,outputs/metrics/classical_heatmaps/test/tire/cut/24_heatmap.npy,,299,239,0.0089386152103543,outputs/metrics/autoencoder_heatmaps/test/tire/cut/24_heatmap.npy,,299,299,
tire,test,cut,1,1168,25,data/processed/tire/test/cut/025_depth.npy,data/processed/tire/test/cut/025_mask.npy,data/raw/tire/test/cut/gt/025.png,116.0,684.0,215.0,488.0,242,193.62049865722656,outputs/metrics/classical_heatmaps/test/tire/cut/25_heatmap.npy,,426,242,0.0441720075905323,outputs/metrics/autoencoder_heatmaps/test/tire/cut/25_heatmap.npy,,426,426,
tire,test,cut,1,1169,26,data/processed/tire/test/cut/026_depth.npy,data/processed/tire/test/cut/026_mask.npy,data/raw/tire/test/cut/gt/026.png,118.0,689.0,221.0,485.0,227,0.0700178742408752,outputs/metrics/classical_heatmaps/test/tire/cut/26_heatmap.npy,,269,227,0.0086395144462585,outputs/metrics/autoencoder_heatmaps/test/tire/cut/26_heatmap.npy,,269,269,
tire,test,hole,1,1170,0,data/processed/tire/test/hole/000_depth.npy,data/processed/tire/test/hole/000_mask.npy,data/raw/tire/test/hole/gt/000.png,106.0,677.0,204.0,477.0,242,104.34320831298828,outputs/metrics/classical_heatmaps/test/tire/hole/0_heatmap.npy,,330,242,0.0196849685162305,outputs/metrics/autoencoder_heatmaps/test/tire/hole/0_heatmap.npy,,330,330,
tire,test,hole,1,1171,1,data/processed/tire/test/hole/001_depth.npy,data/processed/tire/test/hole/001_mask.npy,data/raw/tire/test/hole/gt/001.png,124.0,763.0,213.0,468.0,235,247.9146270751953,outputs/metrics/classical_heatmaps/test/tire/hole/1_heatmap.npy,,901,235,0.0150626078248023,outputs/metrics/autoencoder_heatmaps/test/tire/hole/1_heatmap.npy,,901,901,
tire,test,hole,1,1172,2,data/processed/tire/test/hole/002_depth.npy,data/processed/tire/test/hole/002_mask.npy,data/raw/tire/test/hole/gt/002.png,124.0,693.0,221.0,489.0,223,-1.1301357746124268,outputs/metrics/classical_heatmaps/test/tire/hole/2_heatmap.npy,,228,223,0.0090265301987528,outputs/metrics/autoencoder_heatmaps/test/tire/hole/2_heatmap.npy,,228,228,
tire,test,hole,1,1173,3,data/processed/tire/test/hole/003_depth.npy,data/processed/tire/test/hole/003_mask.npy,data/raw/tire/test/hole/gt/003.png,118.0,690.0,218.0,485.0,224,66.56034851074219,outputs/metrics/classical_heatmaps/test/tire/hole/3_heatmap.npy,,401,224,0.0163098517805337,outputs/metrics/autoencoder_heatmaps/test/tire/hole/3_heatmap.npy,,401,401,
tire,test,hole,1,1174,4,data/processed/tire/test/hole/004_depth.npy,data/processed/tire/test/hole/004_mask.npy,data/raw/tire/test/hole/gt/004.png,124.0,696.0,216.0,489.0,239,133.58389282226562,outputs/metrics/classical_heatmaps/test/tire/hole/4_heatmap.npy,,529,239,0.0343889109790325,outputs/metrics/autoencoder_heatmaps/test/tire/hole/4_heatmap.npy,,529,529,
tire,test,hole,1,1175,5,data/processed/tire/test/hole/005_depth.npy,data/processed/tire/test/hole/005_mask.npy,data/raw/tire/test/hole/gt/005.png,111.0,679.0,207.0,466.0,227,2.3471245765686035,outputs/metrics/classical_heatmaps/test/tire/hole/5_heatmap.npy,,715,227,0.0081555768847465,outputs/metrics/autoencoder_heatmaps/test/tire/hole/5_heatmap.npy,,715,715,
tire,test,hole,1,1176,6,data/processed/tire/test/hole/006_depth.npy,data/processed/tire/test/hole/006_mask.npy,data/raw/tire/test/hole/gt/006.png,124.0,693.0,205.0,465.0,227,-1.9600435495376587,outputs/metrics/classical_heatmaps/test/tire/hole/6_heatmap.npy,,542,227,0.0075478460639715,outputs/metrics/autoencoder_heatmaps/test/tire/hole/6_heatmap.npy,,542,542,
tire,test,hole,1,1177,7,data/processed/tire/test/hole/007_depth.npy,data/processed/tire/test/hole/007_mask.npy,data/raw/tire/test/hole/gt/007.png,126.0,696.0,219.0,480.0,227,9.863314628601074,outputs/metrics/classical_heatmaps/test/tire/hole/7_heatmap.npy,,409,227,0.0106913121417164,outputs/metrics/autoencoder_heatmaps/test/tire/hole/7_heatmap.npy,,409,409,
tire,test,hole,1,1178,8,data/processed/tire/test/hole/008_depth.npy,data/processed/tire/test/hole/008_mask.npy,data/raw/tire/test/hole/gt/008.png,130.0,700.0,212.0,469.0,227,4.029886245727539,outputs/metrics/classical_heatmaps/test/tire/hole/8_heatmap.npy,,902,227,0.0080675510689616,outputs/metrics/autoencoder_heatmaps/test/tire/hole/8_heatmap.npy,,902,902,
tire,test,hole,1,1179,9,data/processed/tire/test/hole/009_depth.npy,data/processed/tire/test/hole/009_mask.npy,data/raw/tire/test/hole/gt/009.png,110.0,681.0,220.0,484.0,225,0.1419593691825866,outputs/metrics/classical_heatmaps/test/tire/hole/9_heatmap.npy,,702,225,0.0074356473051011,outputs/metrics/autoencoder_heatmaps/test/tire/hole/9_heatmap.npy,,702,702,
tire,test,hole,1,1180,10,data/processed/tire/test/hole/010_depth.npy,data/processed/tire/test/hole/010_mask.npy,data/raw/tire/test/hole/gt/010.png,112.0,681.0,212.0,466.0,228,-8.970909118652344,outputs/metrics/classical_heatmaps/test/tire/hole/10_heatmap.npy,,551,228,0.0082976939156651,outputs/metrics/autoencoder_heatmaps/test/tire/hole/10_heatmap.npy,,551,551,
tire,test,hole,1,1181,11,data/processed/tire/test/hole/011_depth.npy,data/processed/tire/test/hole/011_mask.npy,data/raw/tire/test/hole/gt/011.png,120.0,693.0,213.0,464.0,237,5.896163463592529,outputs/metrics/classical_heatmaps/test/tire/hole/11_heatmap.npy,,369,237,0.0077173332683742,outputs/metrics/autoencoder_heatmaps/test/tire/hole/11_heatmap.npy,,369,369,
tire,test,hole,1,1182,12,data/processed/tire/test/hole/012_depth.npy,data/processed/tire/test/hole/012_mask.npy,data/raw/tire/test/hole/gt/012.png,122.0,690.0,210.0,462.0,230,2.357456922531128,outputs/metrics/classical_heatmaps/test/tire/hole/12_heatmap.npy,,312,230,0.0071832737885415,outputs/metrics/autoencoder_heatmaps/test/tire/hole/12_heatmap.npy,,312,312,
tire,test,hole,1,1183,13,data/processed/tire/test/hole/013_depth.npy,data/processed/tire/test/hole/013_mask.npy,data/raw/tire/test/hole/gt/013.png,124.0,697.0,216.0,470.0,237,6.719301700592041,outputs/metrics/classical_heatmaps/test/tire/hole/13_heatmap.npy,,476,237,0.0079392120242118,outputs/metrics/autoencoder_heatmaps/test/tire/hole/13_heatmap.npy,,476,476,
tire,test,hole,1,1184,14,data/processed/tire/test/hole/014_depth.npy,data/processed/tire/test/hole/014_mask.npy,data/raw/tire/test/hole/gt/014.png,112.0,682.0,217.0,494.0,234,168.2041015625,outputs/metrics/classical_heatmaps/test/tire/hole/14_heatmap.npy,,245,234,0.0156119801104068,outputs/metrics/autoencoder_heatmaps/test/tire/hole/14_heatmap.npy,,245,245,
tire,test,hole,1,1185,15,data/processed/tire/test/hole/015_depth.npy,data/processed/tire/test/hole/015_mask.npy,data/raw/tire/test/hole/gt/015.png,113.0,680.0,205.0,494.0,230,232.41127014160156,outputs/metrics/classical_heatmaps/test/tire/hole/15_heatmap.npy,,565,230,0.0449135936796665,outputs/metrics/autoencoder_heatmaps/test/tire/hole/15_heatmap.npy,,565,565,
tire,test,hole,1,1186,16,data/processed/tire/test/hole/016_depth.npy,data/processed/tire/test/hole/016_mask.npy,data/raw/tire/test/hole/gt/016.png,122.0,694.0,206.0,517.0,199,247.4449462890625,outputs/metrics/classical_heatmaps/test/tire/hole/16_heatmap.npy,,629,199,0.0193003769963979,outputs/metrics/autoencoder_heatmaps/test/tire/hole/16_heatmap.npy,,629,629,
tire,test,hole,1,1187,17,data/processed/tire/test/hole/017_depth.npy,data/processed/tire/test/hole/017_mask.npy,data/raw/tire/test/hole/gt/017.png,124.0,696.0,215.0,507.0,219,247.47352600097656,outputs/metrics/classical_heatmaps/test/tire/hole/17_heatmap.npy,,843,219,0.0190858542919158,outputs/metrics/autoencoder_heatmaps/test/tire/hole/17_heatmap.npy,,843,843,
tire,test,hole,1,1188,18,data/processed/tire/test/hole/018_depth.npy,data/processed/tire/test/hole/018_mask.npy,data/raw/tire/test/hole/gt/018.png,127.0,698.0,208.0,502.0,217,246.71324157714844,outputs/metrics/classical_heatmaps/test/tire/hole/18_heatmap.npy,,986,217,0.0170254781842231,outputs/metrics/autoencoder_heatmaps/test/tire/hole/18_heatmap.npy,,986,986,
tire,test,hole,1,1189,19,data/processed/tire/test/hole/019_depth.npy,data/processed/tire/test/hole/019_mask.npy,data/raw/tire/test/hole/gt/019.png,124.0,693.0,217.0,498.0,220,242.9811859130859,outputs/metrics/classical_heatmaps/test/tire/hole/19_heatmap.npy,,234,220,0.0166512951254844,outputs/metrics/autoencoder_heatmaps/test/tire/hole/19_heatmap.npy,,234,234,
tire,test,hole,1,1190,20,data/processed/tire/test/hole/020_depth.npy,data/processed/tire/test/hole/020_mask.npy,data/raw/tire/test/hole/gt/020.png,119.0,691.0,216.0,501.0,220,245.33058166503903,outputs/metrics/classical_heatmaps/test/tire/hole/20_heatmap.npy,,219,220,0.0165486466139554,outputs/metrics/autoencoder_heatmaps/test/tire/hole/20_heatmap.npy,,219,219,
tire,test,hole,1,1191,21,data/processed/tire/test/hole/021_depth.npy,data/processed/tire/test/hole/021_mask.npy,data/raw/tire/test/hole/gt/021.png,112.0,680.0,214.0,477.0,227,1.1459565162658691,outputs/metrics/classical_heatmaps/test/tire/hole/21_heatmap.npy,,434,227,0.0089232614263892,outputs/metrics/autoencoder_heatmaps/test/tire/hole/21_heatmap.npy,,434,434,
tire,test,hole,1,1192,22,data/processed/tire/test/hole/022_depth.npy,data/processed/tire/test/hole/022_mask.npy,data/raw/tire/test/hole/gt/022.png,118.0,689.0,202.0,499.0,227,238.9891357421875,outputs/metrics/classical_heatmaps/test/tire/hole/22_heatmap.npy,,258,227,0.0226584877818822,outputs/metrics/autoencoder_heatmaps/test/tire/hole/22_heatmap.npy,,258,258,
tire,test,hole,1,1193,23,data/processed/tire/test/hole/023_depth.npy,data/processed/tire/test/hole/023_mask.npy,data/raw/tire/test/hole/gt/023.png,113.0,683.0,205.0,458.0,228,-2.4574453830718994,outputs/metrics/classical_heatmaps/test/tire/hole/23_heatmap.npy,,523,228,0.006104530300945,outputs/metrics/autoencoder_heatmaps/test/tire/hole/23_heatmap.npy,,523,523,fig/06_results/tire/hole/23_comparison.png
tire,test,hole,1,1194,24,data/processed/tire/test/hole/024_depth.npy,data/processed/tire/test/hole/024_mask.npy,data/raw/tire/test/hole/gt/024.png,110.0,681.0,215.0,478.0,227,-0.3577345907688141,outputs/metrics/classical_heatmaps/test/tire/hole/24_heatmap.npy,,1458,227,0.0085715251043438,outputs/metrics/autoencoder_heatmaps/test/tire/hole/24_heatmap.npy,,1458,1458,
tire,test,hole,1,1195,25,data/processed/tire/test/hole/025_depth.npy,data/processed/tire/test/hole/025_mask.npy,data/raw/tire/test/hole/gt/025.png,116.0,687.0,199.0,464.0,227,10.870951652526855,outputs/metrics/classical_heatmaps/test/tire/hole/25_heatmap.npy,,438,227,0.0103432415053248,outputs/metrics/autoencoder_heatmaps/test/tire/hole/25_heatmap.npy,,438,438,
tire,test,hole,1,1196,26,data/processed/tire/test/hole/026_depth.npy,data/processed/tire/test/hole/026_mask.npy,data/raw/tire/test/hole/gt/026.png,117.0,690.0,225.0,485.0,227,-5.228735446929932,outputs/metrics/classical_heatmaps/test/tire/hole/26_heatmap.npy,,482,227,0.008547288365662,outputs/metrics/autoencoder_heatmaps/test/tire/hole/26_heatmap.npy,,482,482,
